2026-01-23 03:31:02,431 [INFO] Flash Attention enabled
2026-01-23 03:31:02,523 [INFO] Auto-detected 10 CPUs and 2 GPUs. Setting default workers to 5 per GPU.
2026-01-23 03:31:02,524 [WARNING] Unknown fields in args encountered during config loading: {'dataset_fraction', 'use_mmap'}
2026-01-23 03:31:02,524 [DEBUG] FakeSyncConfig validation passed
2026-01-23 03:31:02,524 [INFO] Configuration validated successfully
2026-01-23 03:31:02,524 [INFO] Audio Configuration:
2026-01-23 03:31:02,525 [INFO] {'num_mel_bins': 128, 'mean': -6.166528, 'std': 3.483568, 'target_length': 48, 'mode': 'unsupervised_train', 'total_frame': 16, 'im_res': 224, 'augmentation': True, 'label_smooth': 0.0, 'freqm': 0, 'timem': 0, 'mixup': 0, 'dataset': 'custom', 'skip_norm': False, 'noise': False}
2026-01-23 03:31:06,241 [INFO] Using bfloat16 precision (GPU compute capability 8.6 >= 8.0)
/storage/slurm/hunecke/fakesync/.venv/lib/python3.12/site-packages/lightning_fabric/plugins/environments/slurm.py:204: The `srun` command is available on your system but is not used. HINT: If your intention is to run Lightning on SLURM, prepend your python command with `srun` like so: srun python3 /storage/slurm/hunecke/fakesync/cav-mae-sync/train_ ...
Using bfloat16 Automatic Mixed Precision (AMP)
GPU available: True (cuda), used: True
TPU available: False, using: 0 TPU cores
2026-01-23 03:31:06,250 [INFO] TensorBoard Logger initialized. Logs will be written to: /storage/slurm/hunecke/fakesync/cav-mae-sync/outputs/checkpoints/unsupervised_train_sharded_20260123_033053/tensorboard/version_0
2026-01-23 03:31:06,260 [INFO] Checking checkpoint: /storage/slurm/schnackl/fakesync/cav-mae-sync/pretrained_models/cav_mae_sync.pth
2026-01-23 03:31:08,816 [INFO] Detected raw PyTorch checkpoint. Loading model weights only...
2026-01-23 03:31:08,819 [WARNING] Shape mismatch for 'pos_embed_a': checkpoint has [1, 208, 768], model expects [1, 24, 768]. This weight will be randomly initialized.
2026-01-23 03:31:08,821 [WARNING] Shape mismatch for 'decoder_pos_embed_a': checkpoint has [1, 208, 512], model expects [1, 24, 512]. This weight will be randomly initialized.
2026-01-23 03:31:08,821 [WARNING] Skipped 2 audio-length dependent weights due to shape mismatch: ['pos_embed_a', 'decoder_pos_embed_a']. These will be reinitialized with sin-cos positional encoding.
2026-01-23 03:31:08,865 [INFO] Weights loaded manually. Message: _IncompatibleKeys(missing_keys=['pos_embed_a', 'decoder_pos_embed_a'], unexpected_keys=[])
2026-01-23 03:31:08,866 [INFO] Reinitialized 'pos_embed_a' with sin-cos positional encoding (shape: torch.Size([1, 24, 768]))
2026-01-23 03:31:08,866 [INFO] Reinitialized 'decoder_pos_embed_a' with sin-cos positional encoding (shape: torch.Size([1, 24, 512]))
2026-01-23 03:31:08,866 [INFO] Starting training...
/storage/slurm/hunecke/fakesync/.venv/lib/python3.12/site-packages/pytorch_lightning/trainer/configuration_validator.py:70: You defined a `validation_step` but have no `val_dataloader`. Skipping val loop.
Initializing distributed: GLOBAL_RANK: 0, MEMBER: 1/2
2026-01-23 03:31:12,638 [INFO] Flash Attention enabled
2026-01-23 03:31:12,665 [INFO] Auto-detected 10 CPUs and 2 GPUs. Setting default workers to 5 per GPU.
2026-01-23 03:31:12,666 [WARNING] Unknown fields in args encountered during config loading: {'use_mmap', 'dataset_fraction'}
2026-01-23 03:31:12,666 [DEBUG] FakeSyncConfig validation passed
2026-01-23 03:31:12,666 [INFO] Configuration validated successfully
2026-01-23 03:31:12,666 [INFO] Audio Configuration:
2026-01-23 03:31:12,666 [INFO] {'num_mel_bins': 128, 'mean': -6.166528, 'std': 3.483568, 'target_length': 48, 'mode': 'unsupervised_train', 'total_frame': 16, 'im_res': 224, 'augmentation': True, 'label_smooth': 0.0, 'freqm': 0, 'timem': 0, 'mixup': 0, 'dataset': 'custom', 'skip_norm': False, 'noise': False}
2026-01-23 03:31:14,753 [INFO] Using bfloat16 precision (GPU compute capability 8.6 >= 8.0)
2026-01-23 03:31:14,775 [INFO] Checking checkpoint: /storage/slurm/schnackl/fakesync/cav-mae-sync/pretrained_models/cav_mae_sync.pth
2026-01-23 03:31:15,469 [INFO] Detected raw PyTorch checkpoint. Loading model weights only...
2026-01-23 03:31:15,524 [WARNING] Shape mismatch for 'pos_embed_a': checkpoint has [1, 208, 768], model expects [1, 24, 768]. This weight will be randomly initialized.
2026-01-23 03:31:15,540 [WARNING] Shape mismatch for 'decoder_pos_embed_a': checkpoint has [1, 208, 512], model expects [1, 24, 512]. This weight will be randomly initialized.
2026-01-23 03:31:15,556 [WARNING] Skipped 2 audio-length dependent weights due to shape mismatch: ['pos_embed_a', 'decoder_pos_embed_a']. These will be reinitialized with sin-cos positional encoding.
2026-01-23 03:31:15,623 [INFO] Weights loaded manually. Message: _IncompatibleKeys(missing_keys=['pos_embed_a', 'decoder_pos_embed_a'], unexpected_keys=[])
2026-01-23 03:31:15,646 [INFO] Reinitialized 'pos_embed_a' with sin-cos positional encoding (shape: torch.Size([1, 24, 768]))
2026-01-23 03:31:15,673 [INFO] Reinitialized 'decoder_pos_embed_a' with sin-cos positional encoding (shape: torch.Size([1, 24, 512]))
2026-01-23 03:31:15,692 [INFO] Starting training...
Initializing distributed: GLOBAL_RANK: 1, MEMBER: 2/2
[W123 03:31:16.057744058 Utils.hpp:137] Warning: Environment variable NCCL_ASYNC_ERROR_HANDLING is deprecated; use TORCH_NCCL_ASYNC_ERROR_HANDLING instead (function operator())
[W123 03:31:16.059902938 Utils.hpp:137] Warning: Environment variable NCCL_ASYNC_ERROR_HANDLING is deprecated; use TORCH_NCCL_ASYNC_ERROR_HANDLING instead (function operator())
----------------------------------------------------------------------------------------------------
distributed_backend=nccl
All distributed processes registered. Starting with 2 processes
----------------------------------------------------------------------------------------------------

2026-01-23 03:31:17,918 [INFO] DataModule setup: rank=0, world_size=2
2026-01-23 03:31:17,984 [INFO] Found 200 shards.
2026-01-23 03:31:18,000 [INFO] DataModule setup: rank=1, world_size=2
2026-01-23 03:31:18,027 [INFO] Found 200 shards.
2026-01-23 03:31:27,270 [INFO] Estimated total samples in dataset: 793800
2026-01-23 03:31:27,343 [INFO] Loaded shard metadata with 200 shard counts
2026-01-23 03:31:27,367 [INFO] Dataset initialized for rank 0/2 (max_samples=None, has_metadata=True)
2026-01-23 03:31:27,369 [INFO] Estimated total samples in dataset: 793800
2026-01-23 03:31:27,417 [INFO] Rank 0: 396992 samples -> 22055 batches (batch_size=18)
2026-01-23 03:31:27,452 [INFO] Loaded shard metadata with 200 shard counts
2026-01-23 03:31:27,507 [INFO] Dataset initialized for rank 1/2 (max_samples=None, has_metadata=True)
2026-01-23 03:31:27,545 [INFO] Rank 1: 396837 samples -> 22046 batches (batch_size=18)
2026-01-23 03:31:27,611 [INFO] Rank 1: DDP sync -> 22046 batches/epoch (discarding 9 samples = 0.0%)
2026-01-23 03:31:27,611 [INFO] Rank 0: DDP sync -> 22046 batches/epoch (discarding 164 samples = 0.0%)
2026-01-23 03:31:27,635 [INFO] Rank 1: set max_samples=396828
2026-01-23 03:31:27,648 [INFO] Rank 0: set max_samples=396828
/storage/slurm/hunecke/fakesync/.venv/lib/python3.12/site-packages/pytorch_lightning/callbacks/model_checkpoint.py:881: Checkpoint directory /storage/slurm/hunecke/fakesync/cav-mae-sync/outputs/checkpoints/unsupervised_train_sharded_20260123_033053 exists and is not empty.
LOCAL_RANK: 1 - CUDA_VISIBLE_DEVICES: [0,1]
LOCAL_RANK: 0 - CUDA_VISIBLE_DEVICES: [0,1]
[rank0]:[W123 03:31:28.240833933 Utils.hpp:112] Warning: Environment variable NCCL_ASYNC_ERROR_HANDLING is deprecated; use TORCH_NCCL_ASYNC_ERROR_HANDLING instead (function operator())
[rank1]:[W123 03:31:28.240940520 Utils.hpp:112] Warning: Environment variable NCCL_ASYNC_ERROR_HANDLING is deprecated; use TORCH_NCCL_ASYNC_ERROR_HANDLING instead (function operator())
/storage/slurm/hunecke/fakesync/.venv/lib/python3.12/site-packages/pytorch_lightning/utilities/model_summary/model_summary.py:242: Precision bf16-mixed is not supported by the model summary.  Estimated model size in MB will not be accurate. Using 32 bits instead.

  | Name  | Type   | Params | Mode  | FLOPs
-------------------------------------------------
0 | model | CAVMAE | 190 M  | train | 0    
-------------------------------------------------
190 M     Trainable params
281 K     Non-trainable params
190 M     Total params
761.701   Total estimated model params size (MB)
574       Modules in train mode
0         Modules in eval mode
0         Total Flops
2026-01-23 03:31:28,713 [DEBUG] open file: /storage/slurm/hunecke/fakesync/cav-mae-sync/outputs/checkpoints/unsupervised_train_sharded_20260123_033053/tensorboard/version_0/hparams.yaml
/storage/slurm/hunecke/fakesync/.venv/lib/python3.12/site-packages/pytorch_lightning/utilities/data.py:123: Your `IterableDataset` has `__len__` defined. In combination with multi-process data loading (when num_workers > 1), `__len__` could be inaccurate if each worker is not configured independently to avoid having duplicate data.
2026-01-23 03:31:29,222 [INFO] Rank 0/2: assigned shards [0:100] (100 shards)
2026-01-23 03:31:29,222 [INFO] Rank 1/2: assigned shards [100:200] (100 shards)
2026-01-23 03:31:29,224 [INFO] Rank 0/2: assigned shards [0:100] (100 shards)
2026-01-23 03:31:29,225 [INFO] Rank 1/2: assigned shards [100:200] (100 shards)
2026-01-23 03:31:29,225 [INFO] Rank 0/2: assigned shards [0:100] (100 shards)
2026-01-23 03:31:29,227 [INFO] Rank 1/2: assigned shards [100:200] (100 shards)
2026-01-23 03:31:29,227 [INFO] Rank 1/2: assigned shards [100:200] (100 shards)
2026-01-23 03:31:29,227 [INFO] Rank 1/2: assigned shards [100:200] (100 shards)
2026-01-23 03:31:29,229 [INFO] Rank 0/2: assigned shards [0:100] (100 shards)
2026-01-23 03:31:29,233 [INFO] Rank 0/2: assigned shards [0:100] (100 shards)
2026-01-23 03:31:29,236 [INFO] DDPBatchSyncCallback: Synced to 22046 batches/epoch
2026-01-23 03:31:29,236 [INFO] DDPBatchSyncCallback: Synced to 22046 batches/epoch
2026-01-23 03:31:29,248 [INFO] [Worker 0] Starting load: /storage/slurm/hunecke/fakesync/data/voxceleb2/preprocessed/shards_train/shard_0034.pt (mmap=False)
2026-01-23 03:31:29,265 [INFO] [Worker 1] Starting load: /storage/slurm/hunecke/fakesync/data/voxceleb2/preprocessed/shards_train/shard_0199.pt (mmap=False)
2026-01-23 03:31:29,323 [INFO] [Worker 1] Starting load: /storage/slurm/hunecke/fakesync/data/voxceleb2/preprocessed/shards_train/shard_0035.pt (mmap=False)
2026-01-23 03:31:29,343 [INFO] [Worker 2] Starting load: /storage/slurm/hunecke/fakesync/data/voxceleb2/preprocessed/shards_train/shard_0182.pt (mmap=False)
2026-01-23 03:31:29,362 [INFO] [Worker 2] Starting load: /storage/slurm/hunecke/fakesync/data/voxceleb2/preprocessed/shards_train/shard_0007.pt (mmap=False)
2026-01-23 03:31:29,386 [INFO] [Worker 0] Starting load: /storage/slurm/hunecke/fakesync/data/voxceleb2/preprocessed/shards_train/shard_0161.pt (mmap=False)
2026-01-23 03:31:29,407 [INFO] [Worker 3] Starting load: /storage/slurm/hunecke/fakesync/data/voxceleb2/preprocessed/shards_train/shard_0125.pt (mmap=False)
2026-01-23 03:31:29,420 [INFO] [Worker 4] Starting load: /storage/slurm/hunecke/fakesync/data/voxceleb2/preprocessed/shards_train/shard_0133.pt (mmap=False)
2026-01-23 03:31:29,435 [INFO] [Worker 3] Starting load: /storage/slurm/hunecke/fakesync/data/voxceleb2/preprocessed/shards_train/shard_0009.pt (mmap=False)
2026-01-23 03:31:29,455 [INFO] [Worker 4] Starting load: /storage/slurm/hunecke/fakesync/data/voxceleb2/preprocessed/shards_train/shard_0039.pt (mmap=False)
2026-01-23 03:31:29,520 [INFO] Rank 0: Using 396828 samples, discarding 164 (0.0%)
2026-01-23 03:31:29,816 [INFO] Rank 1: Using 396828 samples, discarding 9 (0.0%)
2026-01-23 03:31:44,135 [INFO] [Worker 0]  Loaded /storage/slurm/hunecke/fakesync/data/voxceleb2/preprocessed/shards_train/shard_0161.pt in 14.75s. Items: 3970
2026-01-23 03:31:44,142 [INFO] [Worker 1]  Loaded /storage/slurm/hunecke/fakesync/data/voxceleb2/preprocessed/shards_train/shard_0199.pt in 14.88s. Items: 3802
2026-01-23 03:31:44,289 [INFO] [Worker 0] Yielded sample 0 from /storage/slurm/hunecke/fakesync/data/voxceleb2/preprocessed/shards_train/shard_0161.pt
2026-01-23 03:31:44,417 [INFO] [Worker 1]  Loaded /storage/slurm/hunecke/fakesync/data/voxceleb2/preprocessed/shards_train/shard_0035.pt in 15.09s. Items: 3971
2026-01-23 03:31:44,686 [INFO] [Worker 2]  Loaded /storage/slurm/hunecke/fakesync/data/voxceleb2/preprocessed/shards_train/shard_0182.pt in 15.34s. Items: 3971
2026-01-23 03:31:44,896 [INFO] [Worker 0]  Loaded /storage/slurm/hunecke/fakesync/data/voxceleb2/preprocessed/shards_train/shard_0034.pt in 15.65s. Items: 3971
2026-01-23 03:31:44,914 [INFO] [Worker 2]  Loaded /storage/slurm/hunecke/fakesync/data/voxceleb2/preprocessed/shards_train/shard_0007.pt in 15.55s. Items: 3969
2026-01-23 03:31:45,037 [INFO] [Worker 0] Yielded sample 0 from /storage/slurm/hunecke/fakesync/data/voxceleb2/preprocessed/shards_train/shard_0034.pt
2026-01-23 03:31:45,070 [INFO] [Worker 3]  Loaded /storage/slurm/hunecke/fakesync/data/voxceleb2/preprocessed/shards_train/shard_0125.pt in 15.66s. Items: 3971
2026-01-23 03:31:45,208 [INFO] [Worker 0] Yielded sample 100 from /storage/slurm/hunecke/fakesync/data/voxceleb2/preprocessed/shards_train/shard_0161.pt
2026-01-23 03:31:45,308 [INFO] [Worker 4]  Loaded /storage/slurm/hunecke/fakesync/data/voxceleb2/preprocessed/shards_train/shard_0039.pt in 15.85s. Items: 3971
2026-01-23 03:31:45,533 [INFO] [Worker 3]  Loaded /storage/slurm/hunecke/fakesync/data/voxceleb2/preprocessed/shards_train/shard_0009.pt in 16.10s. Items: 3970
2026-01-23 03:31:45,644 [INFO] [Rank 1] Starting Batch 0
2026-01-23 03:31:45,675 [INFO] [Rank 1] Batch 0: Training Step Start
2026-01-23 03:31:45,690 [INFO] [Rank 1] Batch 0: Forward Start
2026-01-23 03:31:45,746 [INFO] [Worker 4]  Loaded /storage/slurm/hunecke/fakesync/data/voxceleb2/preprocessed/shards_train/shard_0133.pt in 16.33s. Items: 3969
2026-01-23 03:31:46,125 [INFO] [Worker 0] Yielded sample 100 from /storage/slurm/hunecke/fakesync/data/voxceleb2/preprocessed/shards_train/shard_0034.pt
2026-01-23 03:31:46,581 [INFO] [Worker 0] Yielded sample 200 from /storage/slurm/hunecke/fakesync/data/voxceleb2/preprocessed/shards_train/shard_0161.pt
2026-01-23 03:31:47,142 [INFO] [Rank 0] Starting Batch 0
2026-01-23 03:31:47,174 [INFO] [Rank 0] Batch 0: Training Step Start
2026-01-23 03:31:47,338 [INFO] [Rank 0] Batch 0: Forward Start
2026-01-23 03:31:47,640 [INFO] [Worker 0] Yielded sample 200 from /storage/slurm/hunecke/fakesync/data/voxceleb2/preprocessed/shards_train/shard_0034.pt
2026-01-23 03:31:47,704 [INFO] [Worker 0] Yielded sample 300 from /storage/slurm/hunecke/fakesync/data/voxceleb2/preprocessed/shards_train/shard_0161.pt
2026-01-23 03:31:48,875 [INFO] [Worker 0] Yielded sample 400 from /storage/slurm/hunecke/fakesync/data/voxceleb2/preprocessed/shards_train/shard_0161.pt
2026-01-23 03:31:49,267 [INFO] [Worker 0] Yielded sample 300 from /storage/slurm/hunecke/fakesync/data/voxceleb2/preprocessed/shards_train/shard_0034.pt
2026-01-23 03:31:49,338 [INFO] [Rank 1] Batch 0: Forward End (3.628s)
2026-01-23 03:31:49,719 [INFO] [Rank 1] Batch 0: Returning Loss
2026-01-23 03:31:49,941 [INFO] [Rank 0] Batch 0: Forward End (2.523s)
2026-01-23 03:31:49,951 [INFO] [Rank 1] Optimizer Step (Zero Grad) - Start
2026-01-23 03:31:50,049 [INFO] [Rank 1] Backward Pass - Start (DDP Sync happens here)
2026-01-23 03:31:50,216 [INFO] [Rank 0] Batch 0: Returning Loss
2026-01-23 03:31:50,223 [INFO] [Rank 0] Optimizer Step (Zero Grad) - Start
2026-01-23 03:31:50,238 [INFO] [Worker 0] Yielded sample 400 from /storage/slurm/hunecke/fakesync/data/voxceleb2/preprocessed/shards_train/shard_0034.pt
2026-01-23 03:31:50,249 [INFO] [Rank 0] Backward Pass - Start (DDP Sync happens here)
2026-01-23 03:31:51,301 [INFO] [Rank 0] Backward Pass - End
2026-01-23 03:31:51,302 [INFO] [Rank 1] Backward Pass - End
2026-01-23 03:31:51,802 [INFO] [Rank 0] Finished Batch 0
2026-01-23 03:31:51,810 [INFO] [Rank 1] Finished Batch 0
2026-01-23 03:31:51,842 [INFO] [Rank 0] Starting Batch 1
2026-01-23 03:31:51,865 [INFO] [Rank 1] Starting Batch 1
2026-01-23 03:31:51,969 [INFO] [Rank 0] Batch 1: Training Step Start
2026-01-23 03:31:51,995 [INFO] [Rank 1] Batch 1: Training Step Start
2026-01-23 03:31:52,015 [INFO] [Rank 0] Batch 1: Forward Start
2026-01-23 03:31:52,201 [INFO] [Rank 1] Batch 1: Forward Start
2026-01-23 03:31:52,532 [INFO] [Rank 1] Batch 1: Forward End (0.170s)
2026-01-23 03:31:52,604 [INFO] [Rank 1] Batch 1: Returning Loss
2026-01-23 03:31:52,622 [INFO] [Rank 1] Backward Pass - Start (DDP Sync happens here)
2026-01-23 03:31:52,671 [INFO] [Rank 0] Batch 1: Forward End (0.443s)
2026-01-23 03:31:52,717 [INFO] [Rank 0] Batch 1: Returning Loss
2026-01-23 03:31:52,733 [INFO] [Rank 0] Backward Pass - Start (DDP Sync happens here)
2026-01-23 03:31:53,101 [INFO] [Rank 1] Backward Pass - End
2026-01-23 03:31:53,247 [INFO] [Rank 0] Backward Pass - End
2026-01-23 03:31:53,604 [INFO] [Rank 0] Finished Batch 1
2026-01-23 03:31:53,605 [INFO] [Rank 1] Finished Batch 1
2026-01-23 03:31:53,636 [INFO] [Rank 0] Starting Batch 2
2026-01-23 03:31:53,653 [INFO] [Rank 1] Starting Batch 2
2026-01-23 03:31:53,778 [INFO] [Rank 0] Batch 2: Training Step Start
2026-01-23 03:31:53,836 [INFO] [Rank 1] Batch 2: Training Step Start
2026-01-23 03:31:53,868 [INFO] [Rank 0] Batch 2: Forward Start
2026-01-23 03:31:53,934 [INFO] [Rank 1] Batch 2: Forward Start
2026-01-23 03:31:54,068 [INFO] [Rank 0] Batch 2: Forward End (0.102s)
2026-01-23 03:31:54,082 [INFO] [Rank 1] Batch 2: Forward End (0.102s)
2026-01-23 03:31:54,095 [INFO] [Rank 0] Batch 2: Returning Loss
2026-01-23 03:31:54,115 [INFO] [Rank 1] Batch 2: Returning Loss
2026-01-23 03:31:54,128 [INFO] [Rank 0] Backward Pass - Start (DDP Sync happens here)
2026-01-23 03:31:54,151 [INFO] [Rank 1] Backward Pass - Start (DDP Sync happens here)
2026-01-23 03:31:54,644 [INFO] [Rank 0] Backward Pass - End
2026-01-23 03:31:54,673 [INFO] [Rank 1] Backward Pass - End
2026-01-23 03:31:55,027 [INFO] [Rank 0] Finished Batch 2
2026-01-23 03:31:55,027 [INFO] [Rank 1] Finished Batch 2
2026-01-23 03:31:55,049 [INFO] [Rank 0] Starting Batch 3
2026-01-23 03:31:55,070 [INFO] [Rank 1] Starting Batch 3
2026-01-23 03:31:55,091 [INFO] [Rank 0] Batch 3: Training Step Start
2026-01-23 03:31:55,118 [INFO] [Rank 1] Batch 3: Training Step Start
2026-01-23 03:31:55,134 [INFO] [Rank 0] Batch 3: Forward Start
2026-01-23 03:31:55,195 [INFO] [Rank 1] Batch 3: Forward Start
2026-01-23 03:31:55,322 [INFO] [Rank 0] Batch 3: Forward End (0.102s)
2026-01-23 03:31:55,344 [INFO] [Rank 1] Batch 3: Forward End (0.102s)
2026-01-23 03:31:55,490 [DEBUG] [Profile] batch_gap: 100.7ms, forward: 792.5ms, GPU_mem: 31.4GB (avg over 4 steps)
2026-01-23 03:31:55,512 [DEBUG] [Profile] batch_gap: 126.1ms, forward: 1000.5ms, GPU_mem: 31.4GB (avg over 4 steps)
2026-01-23 03:31:55,542 [INFO] [Rank 0] Batch 3: Returning Loss
2026-01-23 03:31:55,596 [INFO] [Rank 1] Batch 3: Returning Loss
2026-01-23 03:31:55,614 [INFO] [Rank 0] Backward Pass - Start (DDP Sync happens here)
2026-01-23 03:31:55,638 [INFO] [Rank 1] Backward Pass - Start (DDP Sync happens here)
2026-01-23 03:31:56,074 [INFO] [Rank 0] Backward Pass - End
2026-01-23 03:31:56,102 [INFO] [Rank 1] Backward Pass - End
2026-01-23 03:31:56,230 [INFO] [Rank 0] Finished Batch 3
2026-01-23 03:31:56,230 [INFO] [Rank 1] Finished Batch 3
2026-01-23 03:31:56,253 [INFO] [Rank 0] Starting Batch 4
2026-01-23 03:31:56,278 [INFO] [Rank 1] Starting Batch 4
2026-01-23 03:31:56,342 [INFO] [Rank 0] Batch 4: Training Step Start
2026-01-23 03:31:56,386 [INFO] [Rank 1] Batch 4: Training Step Start
2026-01-23 03:31:56,421 [INFO] [Rank 0] Batch 4: Forward Start
2026-01-23 03:31:56,436 [INFO] [Rank 1] Batch 4: Forward Start
2026-01-23 03:31:56,618 [INFO] [Rank 0] Batch 4: Forward End (0.102s)
2026-01-23 03:31:56,646 [INFO] [Rank 1] Batch 4: Forward End (0.102s)
2026-01-23 03:31:56,661 [INFO] [Rank 0] Batch 4: Returning Loss
2026-01-23 03:31:56,734 [INFO] [Rank 1] Batch 4: Returning Loss
2026-01-23 03:31:56,754 [INFO] [Rank 0] Backward Pass - Start (DDP Sync happens here)
2026-01-23 03:31:56,772 [INFO] [Rank 1] Backward Pass - Start (DDP Sync happens here)
2026-01-23 03:31:57,208 [INFO] [Rank 0] Backward Pass - End
2026-01-23 03:31:57,230 [INFO] [Rank 1] Backward Pass - End
2026-01-23 03:31:57,503 [INFO] [Rank 0] Finished Batch 4
2026-01-23 03:31:57,503 [INFO] [Rank 1] Finished Batch 4
2026-01-23 03:31:57,526 [INFO] [Rank 0] Starting Batch 5
2026-01-23 03:31:57,548 [INFO] [Rank 1] Starting Batch 5
2026-01-23 03:31:57,562 [INFO] [Rank 0] Batch 5: Training Step Start
2026-01-23 03:31:57,588 [INFO] [Rank 1] Batch 5: Training Step Start
2026-01-23 03:31:57,608 [INFO] [Rank 0] Batch 5: Forward Start
2026-01-23 03:31:57,628 [INFO] [Rank 1] Batch 5: Forward Start
2026-01-23 03:31:57,794 [INFO] [Rank 0] Batch 5: Forward End (0.102s)
2026-01-23 03:31:57,821 [INFO] [Rank 0] Batch 5: Returning Loss
2026-01-23 03:31:57,825 [INFO] [Rank 1] Batch 5: Forward End (0.102s)
2026-01-23 03:31:57,841 [INFO] [Rank 0] Backward Pass - Start (DDP Sync happens here)
2026-01-23 03:31:57,863 [INFO] [Rank 1] Batch 5: Returning Loss
2026-01-23 03:31:57,879 [INFO] [Worker 0] Yielded sample 500 from /storage/slurm/hunecke/fakesync/data/voxceleb2/preprocessed/shards_train/shard_0034.pt
2026-01-23 03:31:57,902 [INFO] [Worker 0] Yielded sample 500 from /storage/slurm/hunecke/fakesync/data/voxceleb2/preprocessed/shards_train/shard_0161.pt
2026-01-23 03:31:57,918 [INFO] [Rank 1] Backward Pass - Start (DDP Sync happens here)
2026-01-23 03:31:58,371 [INFO] [Rank 0] Backward Pass - End
2026-01-23 03:31:58,452 [INFO] [Rank 1] Backward Pass - End
2026-01-23 03:31:58,593 [INFO] [Rank 0] Finished Batch 5
2026-01-23 03:31:58,593 [INFO] [Rank 1] Finished Batch 5
2026-01-23 03:31:58,612 [INFO] [Rank 0] Starting Batch 6
2026-01-23 03:31:58,683 [INFO] [Rank 1] Starting Batch 6
2026-01-23 03:31:58,714 [INFO] [Rank 0] Batch 6: Training Step Start
2026-01-23 03:31:58,757 [INFO] [Rank 1] Batch 6: Training Step Start
2026-01-23 03:31:58,780 [INFO] [Rank 0] Batch 6: Forward Start
2026-01-23 03:31:58,798 [INFO] [Rank 1] Batch 6: Forward Start
2026-01-23 03:31:58,947 [INFO] [Rank 0] Batch 6: Forward End (0.102s)
2026-01-23 03:31:59,003 [INFO] [Rank 1] Batch 6: Forward End (0.102s)
2026-01-23 03:31:59,008 [INFO] [Rank 0] Batch 6: Returning Loss
2026-01-23 03:31:59,037 [INFO] [Rank 1] Batch 6: Returning Loss
2026-01-23 03:31:59,055 [INFO] [Rank 0] Backward Pass - Start (DDP Sync happens here)
2026-01-23 03:31:59,080 [INFO] [Rank 1] Backward Pass - Start (DDP Sync happens here)
2026-01-23 03:31:59,524 [INFO] [Rank 0] Backward Pass - End
2026-01-23 03:31:59,580 [INFO] [Rank 1] Backward Pass - End
2026-01-23 03:32:00,072 [INFO] [Rank 0] Finished Batch 6
2026-01-23 03:32:00,072 [INFO] [Rank 1] Finished Batch 6
2026-01-23 03:32:00,105 [INFO] [Rank 0] Starting Batch 7
2026-01-23 03:32:00,127 [INFO] [Rank 1] Starting Batch 7
2026-01-23 03:32:00,185 [INFO] [Rank 0] Batch 7: Training Step Start
2026-01-23 03:32:00,217 [INFO] [Rank 1] Batch 7: Training Step Start
2026-01-23 03:32:00,241 [INFO] [Rank 0] Batch 7: Forward Start
2026-01-23 03:32:00,316 [INFO] [Rank 1] Batch 7: Forward Start
2026-01-23 03:32:00,489 [INFO] [Rank 0] Batch 7: Forward End (0.102s)
2026-01-23 03:32:00,513 [INFO] [Rank 1] Batch 7: Forward End (0.103s)
2026-01-23 03:32:00,657 [DEBUG] [Profile] batch_gap: 100.4ms, forward: 102.0ms, GPU_mem: 31.4GB (avg over 4 steps)
2026-01-23 03:32:00,680 [DEBUG] [Profile] batch_gap: 136.7ms, forward: 102.3ms, GPU_mem: 31.4GB (avg over 4 steps)
2026-01-23 03:32:00,709 [INFO] [Rank 0] Batch 7: Returning Loss
2026-01-23 03:32:00,779 [INFO] [Rank 1] Batch 7: Returning Loss
2026-01-23 03:32:00,799 [INFO] [Rank 0] Backward Pass - Start (DDP Sync happens here)
2026-01-23 03:32:01,083 [INFO] [Rank 1] Backward Pass - Start (DDP Sync happens here)
2026-01-23 03:32:01,744 [INFO] [Rank 0] Backward Pass - End
2026-01-23 03:32:01,744 [INFO] [Rank 1] Backward Pass - End
2026-01-23 03:32:01,792 [INFO] [Rank 0] Optimizer Step - Start
2026-01-23 03:32:01,809 [INFO] [Rank 1] Optimizer Step - Start
2026-01-23 03:32:02,075 [INFO] [Rank 0] Finished Batch 7
2026-01-23 03:32:02,076 [INFO] [Rank 1] Finished Batch 7
2026-01-23 03:32:02,444 [INFO] [Rank 0] Starting Batch 8
2026-01-23 03:32:02,467 [INFO] [Rank 1] Starting Batch 8
2026-01-23 03:32:02,485 [INFO] [Rank 0] Batch 8: Training Step Start
2026-01-23 03:32:02,503 [INFO] [Rank 1] Batch 8: Training Step Start
2026-01-23 03:32:02,519 [INFO] [Rank 0] Batch 8: Forward Start
2026-01-23 03:32:02,590 [INFO] [Rank 1] Batch 8: Forward Start
2026-01-23 03:32:02,713 [INFO] [Rank 0] Batch 8: Forward End (0.104s)
2026-01-23 03:32:02,726 [INFO] [Rank 1] Batch 8: Forward End (0.103s)
2026-01-23 03:32:02,742 [INFO] [Rank 0] Batch 8: Returning Loss
2026-01-23 03:32:02,758 [INFO] [Rank 1] Batch 8: Returning Loss
2026-01-23 03:32:02,772 [INFO] [Rank 0] Optimizer Step (Zero Grad) - Start
2026-01-23 03:32:02,842 [INFO] [Rank 1] Optimizer Step (Zero Grad) - Start
2026-01-23 03:32:02,856 [INFO] [Rank 0] Backward Pass - Start (DDP Sync happens here)
2026-01-23 03:32:02,883 [INFO] [Rank 1] Backward Pass - Start (DDP Sync happens here)
2026-01-23 03:32:03,310 [INFO] [Rank 0] Backward Pass - End
2026-01-23 03:32:03,332 [INFO] [Rank 1] Backward Pass - End
2026-01-23 03:32:03,693 [INFO] [Rank 0] Finished Batch 8
2026-01-23 03:32:03,693 [INFO] [Rank 1] Finished Batch 8
2026-01-23 03:32:03,707 [INFO] [Rank 0] Starting Batch 9
2026-01-23 03:32:03,728 [INFO] [Rank 1] Starting Batch 9
2026-01-23 03:32:03,741 [INFO] [Rank 0] Batch 9: Training Step Start
2026-01-23 03:32:03,761 [INFO] [Rank 1] Batch 9: Training Step Start
2026-01-23 03:32:03,783 [INFO] [Rank 0] Batch 9: Forward Start
2026-01-23 03:32:03,798 [INFO] [Rank 1] Batch 9: Forward Start
2026-01-23 03:32:03,920 [INFO] [Rank 0] Batch 9: Forward End (0.104s)
2026-01-23 03:32:03,946 [INFO] [Rank 0] Batch 9: Returning Loss
2026-01-23 03:32:03,978 [INFO] [Rank 1] Batch 9: Forward End (0.103s)
2026-01-23 03:32:04,011 [INFO] [Rank 0] Backward Pass - Start (DDP Sync happens here)
2026-01-23 03:32:04,033 [INFO] [Rank 1] Batch 9: Returning Loss
2026-01-23 03:32:04,062 [INFO] [Rank 1] Backward Pass - Start (DDP Sync happens here)
2026-01-23 03:32:04,495 [INFO] [Rank 0] Backward Pass - End
2026-01-23 03:32:04,577 [INFO] [Rank 1] Backward Pass - End
2026-01-23 03:32:05,010 [INFO] [Rank 0] Finished Batch 9
2026-01-23 03:32:05,010 [INFO] [Rank 1] Finished Batch 9
2026-01-23 03:32:05,033 [INFO] [Rank 0] Starting Batch 10
2026-01-23 03:32:05,051 [INFO] [Rank 1] Starting Batch 10
2026-01-23 03:32:05,067 [INFO] [Rank 0] Batch 10: Training Step Start
2026-01-23 03:32:05,086 [INFO] [Rank 1] Batch 10: Training Step Start
2026-01-23 03:32:05,103 [INFO] [Rank 0] Batch 10: Forward Start
2026-01-23 03:32:05,125 [INFO] [Rank 1] Batch 10: Forward Start
2026-01-23 03:32:05,242 [INFO] [Rank 0] Batch 10: Forward End (0.102s)
2026-01-23 03:32:05,265 [INFO] [Rank 1] Batch 10: Forward End (0.102s)
2026-01-23 03:32:05,332 [INFO] [Rank 0] Batch 10: Returning Loss
2026-01-23 03:32:05,348 [INFO] [Rank 1] Batch 10: Returning Loss
2026-01-23 03:32:05,358 [INFO] [Rank 0] Backward Pass - Start (DDP Sync happens here)
2026-01-23 03:32:05,369 [INFO] [Rank 1] Backward Pass - Start (DDP Sync happens here)
2026-01-23 03:32:05,480 [INFO] [Worker 0] Yielded sample 600 from /storage/slurm/hunecke/fakesync/data/voxceleb2/preprocessed/shards_train/shard_0034.pt
2026-01-23 03:32:05,486 [INFO] [Worker 0] Yielded sample 600 from /storage/slurm/hunecke/fakesync/data/voxceleb2/preprocessed/shards_train/shard_0161.pt
2026-01-23 03:32:05,866 [INFO] [Rank 0] Backward Pass - End
2026-01-23 03:32:05,880 [INFO] [Rank 1] Backward Pass - End
2026-01-23 03:32:06,233 [INFO] [Rank 0] Finished Batch 10
2026-01-23 03:32:06,233 [INFO] [Rank 1] Finished Batch 10
2026-01-23 03:32:06,252 [INFO] [Rank 0] Starting Batch 11
2026-01-23 03:32:06,278 [INFO] [Rank 1] Starting Batch 11
2026-01-23 03:32:06,293 [INFO] [Rank 0] Batch 11: Training Step Start
2026-01-23 03:32:06,318 [INFO] [Rank 1] Batch 11: Training Step Start
2026-01-23 03:32:06,342 [INFO] [Rank 0] Batch 11: Forward Start
2026-01-23 03:32:06,362 [INFO] [Rank 1] Batch 11: Forward Start
2026-01-23 03:32:06,531 [INFO] [Rank 0] Batch 11: Forward End (0.102s)
2026-01-23 03:32:06,551 [INFO] [Rank 1] Batch 11: Forward End (0.102s)
2026-01-23 03:32:06,699 [DEBUG] [Profile] batch_gap: 143.2ms, forward: 102.9ms, GPU_mem: 32.8GB (avg over 4 steps)
2026-01-23 03:32:06,718 [DEBUG] [Profile] batch_gap: 163.5ms, forward: 102.8ms, GPU_mem: 32.8GB (avg over 4 steps)
2026-01-23 03:32:06,720 [INFO] [Rank 0] Batch 11: Returning Loss
2026-01-23 03:32:06,735 [INFO] [Rank 1] Batch 11: Returning Loss
2026-01-23 03:32:06,759 [INFO] [Rank 0] Backward Pass - Start (DDP Sync happens here)
2026-01-23 03:32:06,781 [INFO] [Rank 1] Backward Pass - Start (DDP Sync happens here)
2026-01-23 03:32:07,207 [INFO] [Rank 0] Backward Pass - End
2026-01-23 03:32:07,218 [INFO] [Rank 1] Backward Pass - End
2026-01-23 03:32:07,367 [INFO] [Rank 0] Finished Batch 11
2026-01-23 03:32:07,382 [INFO] [Rank 1] Finished Batch 11
2026-01-23 03:32:07,395 [INFO] [Rank 0] Starting Batch 12
2026-01-23 03:32:07,460 [INFO] [Rank 1] Starting Batch 12
2026-01-23 03:32:07,481 [INFO] [Rank 0] Batch 12: Training Step Start
2026-01-23 03:32:07,501 [INFO] [Rank 1] Batch 12: Training Step Start
2026-01-23 03:32:07,515 [INFO] [Rank 0] Batch 12: Forward Start
2026-01-23 03:32:07,535 [INFO] [Rank 1] Batch 12: Forward Start
2026-01-23 03:32:07,653 [INFO] [Rank 0] Batch 12: Forward End (0.102s)
2026-01-23 03:32:07,691 [INFO] [Rank 0] Batch 12: Returning Loss
2026-01-23 03:32:07,709 [INFO] [Rank 0] Backward Pass - Start (DDP Sync happens here)
2026-01-23 03:32:07,713 [INFO] [Rank 1] Batch 12: Forward End (0.102s)
2026-01-23 03:32:07,751 [INFO] [Rank 1] Batch 12: Returning Loss
2026-01-23 03:32:07,825 [INFO] [Rank 1] Backward Pass - Start (DDP Sync happens here)
2026-01-23 03:32:08,230 [INFO] [Rank 0] Backward Pass - End
2026-01-23 03:32:08,291 [INFO] [Rank 1] Backward Pass - End
2026-01-23 03:32:08,338 [INFO] [Rank 0] Finished Batch 12
2026-01-23 03:32:08,398 [INFO] [Rank 1] Finished Batch 12
2026-01-23 03:32:08,629 [INFO] [Rank 0] Starting Batch 13
2026-01-23 03:32:08,679 [INFO] [Rank 1] Starting Batch 13
2026-01-23 03:32:08,692 [INFO] [Rank 0] Batch 13: Training Step Start
2026-01-23 03:32:08,710 [INFO] [Rank 1] Batch 13: Training Step Start
2026-01-23 03:32:08,746 [INFO] [Rank 0] Batch 13: Forward Start
2026-01-23 03:32:08,762 [INFO] [Rank 1] Batch 13: Forward Start
2026-01-23 03:32:08,886 [INFO] [Rank 0] Batch 13: Forward End (0.103s)
2026-01-23 03:32:08,901 [INFO] [Rank 1] Batch 13: Forward End (0.102s)
2026-01-23 03:32:08,941 [INFO] [Rank 0] Batch 13: Returning Loss
2026-01-23 03:32:08,963 [INFO] [Rank 1] Batch 13: Returning Loss
2026-01-23 03:32:08,974 [INFO] [Rank 0] Backward Pass - Start (DDP Sync happens here)
2026-01-23 03:32:08,998 [INFO] [Rank 1] Backward Pass - Start (DDP Sync happens here)
2026-01-23 03:32:09,462 [INFO] [Rank 0] Backward Pass - End
2026-01-23 03:32:09,478 [INFO] [Rank 1] Backward Pass - End
2026-01-23 03:32:09,570 [INFO] [Rank 0] Finished Batch 13
2026-01-23 03:32:09,585 [INFO] [Rank 1] Finished Batch 13
2026-01-23 03:32:09,594 [INFO] [Rank 0] Starting Batch 14
2026-01-23 03:32:09,858 [INFO] [Rank 1] Starting Batch 14
2026-01-23 03:32:09,883 [INFO] [Rank 0] Batch 14: Training Step Start
2026-01-23 03:32:09,906 [INFO] [Rank 1] Batch 14: Training Step Start
2026-01-23 03:32:09,918 [INFO] [Rank 0] Batch 14: Forward Start
2026-01-23 03:32:09,932 [INFO] [Rank 1] Batch 14: Forward Start
2026-01-23 03:32:10,048 [INFO] [Rank 0] Batch 14: Forward End (0.102s)
2026-01-23 03:32:10,074 [INFO] [Rank 1] Batch 14: Forward End (0.102s)
2026-01-23 03:32:10,074 [INFO] [Rank 0] Batch 14: Returning Loss
2026-01-23 03:32:10,095 [INFO] [Rank 1] Batch 14: Returning Loss
2026-01-23 03:32:10,106 [INFO] [Rank 0] Backward Pass - Start (DDP Sync happens here)
2026-01-23 03:32:10,130 [INFO] [Rank 1] Backward Pass - Start (DDP Sync happens here)
2026-01-23 03:32:10,626 [INFO] [Rank 0] Backward Pass - End
2026-01-23 03:32:10,651 [INFO] [Rank 1] Backward Pass - End
2026-01-23 03:32:10,734 [INFO] [Rank 0] Finished Batch 14
2026-01-23 03:32:10,749 [INFO] [Rank 0] Starting Batch 15
2026-01-23 03:32:10,758 [INFO] [Rank 1] Finished Batch 14
2026-01-23 03:32:10,773 [INFO] [Rank 0] Batch 15: Training Step Start
2026-01-23 03:32:10,791 [INFO] [Rank 1] Starting Batch 15
2026-01-23 03:32:10,815 [INFO] [Rank 0] Batch 15: Forward Start
2026-01-23 03:32:11,163 [INFO] [Rank 1] Batch 15: Training Step Start
2026-01-23 03:32:11,256 [INFO] [Worker 0] Yielded sample 700 from /storage/slurm/hunecke/fakesync/data/voxceleb2/preprocessed/shards_train/shard_0034.pt
2026-01-23 03:32:11,258 [INFO] [Rank 1] Batch 15: Forward Start
2026-01-23 03:32:11,282 [INFO] [Worker 0] Yielded sample 700 from /storage/slurm/hunecke/fakesync/data/voxceleb2/preprocessed/shards_train/shard_0161.pt
2026-01-23 03:32:11,283 [INFO] [Rank 0] Batch 15: Forward End (0.102s)
2026-01-23 03:32:11,389 [INFO] [Rank 1] Batch 15: Forward End (0.102s)
2026-01-23 03:32:11,451 [DEBUG] [Profile] batch_gap: 204.1ms, forward: 102.3ms, GPU_mem: 32.8GB (avg over 4 steps)
2026-01-23 03:32:11,514 [INFO] [Rank 0] Batch 15: Returning Loss
2026-01-23 03:32:11,535 [INFO] [Rank 0] Backward Pass - Start (DDP Sync happens here)
2026-01-23 03:32:11,557 [DEBUG] [Profile] batch_gap: 288.3ms, forward: 102.2ms, GPU_mem: 32.8GB (avg over 4 steps)
2026-01-23 03:32:11,619 [INFO] [Rank 1] Batch 15: Returning Loss
2026-01-23 03:32:11,656 [INFO] [Rank 1] Backward Pass - Start (DDP Sync happens here)
2026-01-23 03:32:12,283 [INFO] [Rank 1] Backward Pass - End
2026-01-23 03:32:12,283 [INFO] [Rank 0] Backward Pass - End
2026-01-23 03:32:12,309 [INFO] [Rank 1] Optimizer Step - Start
2026-01-23 03:32:12,327 [INFO] [Rank 0] Optimizer Step - Start
2026-01-23 03:32:12,451 [INFO] [Rank 0] Finished Batch 15
2026-01-23 03:32:12,452 [INFO] [Rank 1] Finished Batch 15
2026-01-23 03:32:12,472 [INFO] [Rank 0] Starting Batch 16
2026-01-23 03:32:12,488 [INFO] [Rank 1] Starting Batch 16
2026-01-23 03:32:12,508 [INFO] [Rank 0] Batch 16: Training Step Start
2026-01-23 03:32:12,521 [INFO] [Rank 1] Batch 16: Training Step Start
2026-01-23 03:32:12,537 [INFO] [Rank 0] Batch 16: Forward Start
2026-01-23 03:32:12,602 [INFO] [Rank 1] Batch 16: Forward Start
2026-01-23 03:32:12,734 [INFO] [Rank 0] Batch 16: Forward End (0.102s)
2026-01-23 03:32:12,761 [INFO] [Rank 1] Batch 16: Forward End (0.102s)
2026-01-23 03:32:12,768 [INFO] [Rank 0] Batch 16: Returning Loss
2026-01-23 03:32:12,786 [INFO] [Rank 1] Batch 16: Returning Loss
2026-01-23 03:32:12,794 [INFO] [Rank 0] Optimizer Step (Zero Grad) - Start
2026-01-23 03:32:12,817 [INFO] [Rank 1] Optimizer Step (Zero Grad) - Start
2026-01-23 03:32:12,830 [INFO] [Rank 0] Backward Pass - Start (DDP Sync happens here)
2026-01-23 03:32:12,841 [INFO] [Rank 1] Backward Pass - Start (DDP Sync happens here)
2026-01-23 03:32:13,314 [INFO] [Rank 0] Backward Pass - End
2026-01-23 03:32:13,343 [INFO] [Rank 1] Backward Pass - End
2026-01-23 03:32:13,515 [INFO] [Rank 0] Finished Batch 16
2026-01-23 03:32:13,529 [INFO] [Rank 1] Finished Batch 16
2026-01-23 03:32:13,551 [INFO] [Rank 0] Starting Batch 17
2026-01-23 03:32:13,633 [INFO] [Rank 1] Starting Batch 17
2026-01-23 03:32:13,645 [INFO] [Rank 0] Batch 17: Training Step Start
2026-01-23 03:32:13,659 [INFO] [Rank 1] Batch 17: Training Step Start
2026-01-23 03:32:13,677 [INFO] [Rank 0] Batch 17: Forward Start
2026-01-23 03:32:13,696 [INFO] [Rank 1] Batch 17: Forward Start
2026-01-23 03:32:13,811 [INFO] [Rank 0] Batch 17: Forward End (0.102s)
2026-01-23 03:32:13,831 [INFO] [Rank 0] Batch 17: Returning Loss
2026-01-23 03:32:13,849 [INFO] [Rank 0] Backward Pass - Start (DDP Sync happens here)
2026-01-23 03:32:13,879 [INFO] [Rank 1] Batch 17: Forward End (0.103s)
2026-01-23 03:32:13,947 [INFO] [Rank 1] Batch 17: Returning Loss
2026-01-23 03:32:13,964 [INFO] [Rank 1] Backward Pass - Start (DDP Sync happens here)
2026-01-23 03:32:14,388 [INFO] [Rank 0] Backward Pass - End
2026-01-23 03:32:14,457 [INFO] [Rank 1] Backward Pass - End
2026-01-23 03:32:14,496 [INFO] [Rank 0] Finished Batch 17
2026-01-23 03:32:14,564 [INFO] [Rank 1] Finished Batch 17
2026-01-23 03:32:14,872 [INFO] [Rank 0] Starting Batch 18
2026-01-23 03:32:14,894 [INFO] [Rank 1] Starting Batch 18
2026-01-23 03:32:14,918 [INFO] [Rank 0] Batch 18: Training Step Start
2026-01-23 03:32:14,994 [INFO] [Rank 1] Batch 18: Training Step Start
2026-01-23 03:32:15,021 [INFO] [Rank 0] Batch 18: Forward Start
2026-01-23 03:32:15,044 [INFO] [Rank 1] Batch 18: Forward Start
2026-01-23 03:32:15,168 [INFO] [Rank 0] Batch 18: Forward End (0.102s)
2026-01-23 03:32:15,193 [INFO] [Rank 0] Batch 18: Returning Loss
2026-01-23 03:32:15,233 [INFO] [Rank 1] Batch 18: Forward End (0.103s)
2026-01-23 03:32:15,240 [INFO] [Rank 0] Backward Pass - Start (DDP Sync happens here)
2026-01-23 03:32:15,259 [INFO] [Rank 1] Batch 18: Returning Loss
2026-01-23 03:32:15,288 [INFO] [Rank 1] Backward Pass - Start (DDP Sync happens here)
2026-01-23 03:32:15,746 [INFO] [Rank 0] Backward Pass - End
2026-01-23 03:32:15,809 [INFO] [Rank 1] Backward Pass - End
2026-01-23 03:32:16,078 [INFO] [Rank 0] Finished Batch 18
2026-01-23 03:32:16,098 [INFO] [Rank 1] Finished Batch 18
2026-01-23 03:32:16,111 [INFO] [Rank 0] Starting Batch 19
2026-01-23 03:32:16,222 [INFO] [Rank 1] Starting Batch 19
2026-01-23 03:32:16,249 [INFO] [Rank 0] Batch 19: Training Step Start
2026-01-23 03:32:16,273 [INFO] [Rank 1] Batch 19: Training Step Start
2026-01-23 03:32:16,325 [INFO] [Rank 0] Batch 19: Forward Start
2026-01-23 03:32:16,379 [INFO] [Rank 1] Batch 19: Forward Start
2026-01-23 03:32:16,498 [INFO] [Rank 0] Batch 19: Forward End (0.102s)
2026-01-23 03:32:16,548 [INFO] [Rank 1] Batch 19: Forward End (0.102s)
2026-01-23 03:32:16,666 [DEBUG] [Profile] batch_gap: 194.0ms, forward: 102.0ms, GPU_mem: 32.8GB (avg over 4 steps)
2026-01-23 03:32:16,680 [INFO] [Rank 0] Batch 19: Returning Loss
2026-01-23 03:32:16,695 [INFO] [Rank 0] Backward Pass - Start (DDP Sync happens here)
2026-01-23 03:32:16,716 [DEBUG] [Profile] batch_gap: 200.5ms, forward: 102.4ms, GPU_mem: 32.8GB (avg over 4 steps)
2026-01-23 03:32:16,823 [INFO] [Rank 1] Batch 19: Returning Loss
2026-01-23 03:32:16,837 [INFO] [Rank 1] Backward Pass - Start (DDP Sync happens here)
2026-01-23 03:32:17,218 [INFO] [Rank 0] Backward Pass - End
2026-01-23 03:32:17,345 [INFO] [Rank 0] Finished Batch 19
2026-01-23 03:32:17,352 [INFO] [Rank 1] Backward Pass - End
2026-01-23 03:32:17,421 [INFO] [Rank 0] Starting Batch 20
2026-01-23 03:32:17,481 [INFO] [Rank 1] Finished Batch 19
2026-01-23 03:32:17,496 [INFO] [Rank 0] Batch 20: Training Step Start
2026-01-23 03:32:17,513 [INFO] [Rank 1] Starting Batch 20
2026-01-23 03:32:17,524 [INFO] [Rank 0] Batch 20: Forward Start
2026-01-23 03:32:17,544 [INFO] [Rank 1] Batch 20: Training Step Start
2026-01-23 03:32:17,575 [INFO] [Rank 1] Batch 20: Forward Start
2026-01-23 03:32:17,659 [INFO] [Rank 0] Batch 20: Forward End (0.102s)
2026-01-23 03:32:17,685 [INFO] [Rank 0] Batch 20: Returning Loss
2026-01-23 03:32:17,702 [INFO] [Rank 0] Backward Pass - Start (DDP Sync happens here)
2026-01-23 03:32:17,742 [INFO] [Rank 1] Batch 20: Forward End (0.103s)
2026-01-23 03:32:17,815 [INFO] [Rank 1] Batch 20: Returning Loss
2026-01-23 03:32:17,830 [INFO] [Rank 1] Backward Pass - Start (DDP Sync happens here)
2026-01-23 03:32:17,989 [INFO] [Worker 0] Yielded sample 800 from /storage/slurm/hunecke/fakesync/data/voxceleb2/preprocessed/shards_train/shard_0034.pt
2026-01-23 03:32:18,058 [INFO] [Worker 0] Yielded sample 800 from /storage/slurm/hunecke/fakesync/data/voxceleb2/preprocessed/shards_train/shard_0161.pt
2026-01-23 03:32:18,236 [INFO] [Rank 0] Backward Pass - End
2026-01-23 03:32:18,319 [INFO] [Rank 1] Backward Pass - End
2026-01-23 03:32:18,344 [INFO] [Rank 0] Finished Batch 20
2026-01-23 03:32:18,538 [INFO] [Rank 1] Finished Batch 20
2026-01-23 03:32:18,547 [INFO] [Rank 0] Starting Batch 21
2026-01-23 03:32:18,562 [INFO] [Rank 1] Starting Batch 21
2026-01-23 03:32:18,582 [INFO] [Rank 0] Batch 21: Training Step Start
2026-01-23 03:32:18,595 [INFO] [Rank 1] Batch 21: Training Step Start
2026-01-23 03:32:18,608 [INFO] [Rank 0] Batch 21: Forward Start
2026-01-23 03:32:18,622 [INFO] [Rank 1] Batch 21: Forward Start
2026-01-23 03:32:18,739 [INFO] [Rank 0] Batch 21: Forward End (0.102s)
2026-01-23 03:32:18,757 [INFO] [Rank 1] Batch 21: Forward End (0.102s)
2026-01-23 03:32:18,759 [INFO] [Rank 0] Batch 21: Returning Loss
2026-01-23 03:32:18,783 [INFO] [Rank 1] Batch 21: Returning Loss
2026-01-23 03:32:18,794 [INFO] [Rank 0] Backward Pass - Start (DDP Sync happens here)
2026-01-23 03:32:18,805 [INFO] [Rank 1] Backward Pass - Start (DDP Sync happens here)
2026-01-23 03:32:19,317 [INFO] [Rank 0] Backward Pass - End
2026-01-23 03:32:19,334 [INFO] [Rank 1] Backward Pass - End
2026-01-23 03:32:19,425 [INFO] [Rank 0] Finished Batch 21
2026-01-23 03:32:19,442 [INFO] [Rank 1] Finished Batch 21
2026-01-23 03:32:19,445 [INFO] [Rank 0] Starting Batch 22
2026-01-23 03:32:19,458 [INFO] [Rank 1] Starting Batch 22
2026-01-23 03:32:19,473 [INFO] [Rank 0] Batch 22: Training Step Start
2026-01-23 03:32:19,486 [INFO] [Rank 1] Batch 22: Training Step Start
2026-01-23 03:32:19,499 [INFO] [Rank 0] Batch 22: Forward Start
2026-01-23 03:32:19,512 [INFO] [Rank 1] Batch 22: Forward Start
2026-01-23 03:32:19,630 [INFO] [Rank 0] Batch 22: Forward End (0.102s)
2026-01-23 03:32:19,650 [INFO] [Rank 0] Batch 22: Returning Loss
2026-01-23 03:32:19,669 [INFO] [Rank 0] Backward Pass - Start (DDP Sync happens here)
2026-01-23 03:32:19,699 [INFO] [Rank 1] Batch 22: Forward End (0.102s)
2026-01-23 03:32:19,716 [INFO] [Rank 1] Batch 22: Returning Loss
2026-01-23 03:32:19,729 [INFO] [Rank 1] Backward Pass - Start (DDP Sync happens here)
2026-01-23 03:32:20,208 [INFO] [Rank 0] Backward Pass - End
2026-01-23 03:32:20,277 [INFO] [Rank 1] Backward Pass - End
2026-01-23 03:32:20,316 [INFO] [Rank 0] Finished Batch 22
2026-01-23 03:32:20,336 [INFO] [Rank 0] Starting Batch 23
2026-01-23 03:32:20,357 [INFO] [Rank 0] Batch 23: Training Step Start
2026-01-23 03:32:20,377 [INFO] [Rank 0] Batch 23: Forward Start
2026-01-23 03:32:20,384 [INFO] [Rank 1] Finished Batch 22
2026-01-23 03:32:20,404 [INFO] [Rank 1] Starting Batch 23
2026-01-23 03:32:20,418 [INFO] [Rank 1] Batch 23: Training Step Start
2026-01-23 03:32:20,436 [INFO] [Rank 1] Batch 23: Forward Start
2026-01-23 03:32:20,490 [INFO] [Rank 0] Batch 23: Forward End (0.102s)
2026-01-23 03:32:20,552 [INFO] [Rank 1] Batch 23: Forward End (0.104s)
2026-01-23 03:32:20,657 [DEBUG] [Profile] batch_gap: 118.7ms, forward: 102.3ms, GPU_mem: 32.8GB (avg over 4 steps)
2026-01-23 03:32:20,671 [INFO] [Rank 0] Batch 23: Returning Loss
2026-01-23 03:32:20,687 [INFO] [Rank 0] Backward Pass - Start (DDP Sync happens here)
2026-01-23 03:32:20,719 [DEBUG] [Profile] batch_gap: 49.1ms, forward: 102.6ms, GPU_mem: 32.8GB (avg over 4 steps)
2026-01-23 03:32:20,732 [INFO] [Rank 1] Batch 23: Returning Loss
2026-01-23 03:32:20,746 [INFO] [Rank 1] Backward Pass - Start (DDP Sync happens here)
2026-01-23 03:32:21,338 [INFO] [Rank 1] Backward Pass - End
2026-01-23 03:32:21,338 [INFO] [Rank 0] Backward Pass - End
2026-01-23 03:32:21,355 [INFO] [Rank 1] Optimizer Step - Start
2026-01-23 03:32:21,367 [INFO] [Rank 0] Optimizer Step - Start
2026-01-23 03:32:21,430 [INFO] [Rank 0] Finished Batch 23
2026-01-23 03:32:21,431 [INFO] [Rank 1] Finished Batch 23
2026-01-23 03:32:21,464 [INFO] [Rank 0] Starting Batch 24
2026-01-23 03:32:21,486 [INFO] [Rank 1] Starting Batch 24
2026-01-23 03:32:21,498 [INFO] [Rank 0] Batch 24: Training Step Start
2026-01-23 03:32:21,511 [INFO] [Rank 1] Batch 24: Training Step Start
2026-01-23 03:32:21,530 [INFO] [Rank 0] Batch 24: Forward Start
2026-01-23 03:32:21,544 [INFO] [Rank 1] Batch 24: Forward Start
2026-01-23 03:32:21,667 [INFO] [Rank 0] Batch 24: Forward End (0.103s)
2026-01-23 03:32:21,687 [INFO] [Rank 1] Batch 24: Forward End (0.102s)
2026-01-23 03:32:21,713 [INFO] [Rank 0] Batch 24: Returning Loss
2026-01-23 03:32:21,724 [INFO] [Rank 1] Batch 24: Returning Loss
2026-01-23 03:32:21,730 [INFO] [Rank 0] Optimizer Step (Zero Grad) - Start
2026-01-23 03:32:21,751 [INFO] [Rank 1] Optimizer Step (Zero Grad) - Start
2026-01-23 03:32:21,769 [INFO] [Rank 0] Backward Pass - Start (DDP Sync happens here)
2026-01-23 03:32:21,779 [INFO] [Rank 1] Backward Pass - Start (DDP Sync happens here)
2026-01-23 03:32:22,243 [INFO] [Rank 0] Backward Pass - End
2026-01-23 03:32:22,264 [INFO] [Rank 1] Backward Pass - End
2026-01-23 03:32:22,349 [INFO] [Rank 0] Finished Batch 24
2026-01-23 03:32:22,368 [INFO] [Rank 1] Finished Batch 24
2026-01-23 03:32:22,382 [INFO] [Rank 0] Starting Batch 25
2026-01-23 03:32:22,401 [INFO] [Rank 0] Batch 25: Training Step Start
2026-01-23 03:32:22,406 [INFO] [Rank 1] Starting Batch 25
2026-01-23 03:32:22,414 [INFO] [Rank 0] Batch 25: Forward Start
2026-01-23 03:32:22,434 [INFO] [Rank 1] Batch 25: Training Step Start
2026-01-23 03:32:22,459 [INFO] [Rank 1] Batch 25: Forward Start
2026-01-23 03:32:22,548 [INFO] [Rank 0] Batch 25: Forward End (0.102s)
2026-01-23 03:32:22,572 [INFO] [Rank 1] Batch 25: Forward End (0.102s)
2026-01-23 03:32:22,572 [INFO] [Rank 0] Batch 25: Returning Loss
2026-01-23 03:32:22,599 [INFO] [Rank 1] Batch 25: Returning Loss
2026-01-23 03:32:22,604 [INFO] [Rank 0] Backward Pass - Start (DDP Sync happens here)
2026-01-23 03:32:22,619 [INFO] [Rank 1] Backward Pass - Start (DDP Sync happens here)
2026-01-23 03:32:23,125 [INFO] [Rank 0] Backward Pass - End
2026-01-23 03:32:23,150 [INFO] [Rank 1] Backward Pass - End
2026-01-23 03:32:23,233 [INFO] [Rank 0] Finished Batch 25
2026-01-23 03:32:23,257 [INFO] [Rank 1] Finished Batch 25
2026-01-23 03:32:23,301 [INFO] [Rank 0] Starting Batch 26
2026-01-23 03:32:23,316 [INFO] [Rank 1] Starting Batch 26
2026-01-23 03:32:23,362 [INFO] [Rank 0] Batch 26: Training Step Start
2026-01-23 03:32:23,379 [INFO] [Rank 1] Batch 26: Training Step Start
2026-01-23 03:32:23,395 [INFO] [Rank 0] Batch 26: Forward Start
2026-01-23 03:32:23,453 [INFO] [Rank 1] Batch 26: Forward Start
2026-01-23 03:32:23,578 [INFO] [Rank 0] Batch 26: Forward End (0.102s)
2026-01-23 03:32:23,592 [INFO] [Rank 1] Batch 26: Forward End (0.102s)
2026-01-23 03:32:23,606 [INFO] [Rank 0] Batch 26: Returning Loss
2026-01-23 03:32:23,625 [INFO] [Rank 1] Batch 26: Returning Loss
2026-01-23 03:32:23,640 [INFO] [Rank 0] Backward Pass - Start (DDP Sync happens here)
2026-01-23 03:32:23,661 [INFO] [Rank 1] Backward Pass - Start (DDP Sync happens here)
2026-01-23 03:32:24,155 [INFO] [Rank 0] Backward Pass - End
2026-01-23 03:32:24,170 [INFO] [Rank 1] Backward Pass - End
2026-01-23 03:32:24,263 [INFO] [Rank 0] Finished Batch 26
2026-01-23 03:32:24,277 [INFO] [Rank 1] Finished Batch 26
2026-01-23 03:32:24,312 [INFO] [Rank 0] Starting Batch 27
2026-01-23 03:32:24,323 [INFO] [Rank 1] Starting Batch 27
2026-01-23 03:32:24,404 [INFO] [Rank 0] Batch 27: Training Step Start
2026-01-23 03:32:24,420 [INFO] [Rank 1] Batch 27: Training Step Start
2026-01-23 03:32:24,443 [INFO] [Rank 0] Batch 27: Forward Start
2026-01-23 03:32:24,459 [INFO] [Rank 1] Batch 27: Forward Start
2026-01-23 03:32:24,605 [INFO] [Rank 0] Batch 27: Forward End (0.102s)
2026-01-23 03:32:24,691 [INFO] [Rank 1] Batch 27: Forward End (0.102s)
2026-01-23 03:32:24,773 [DEBUG] [Profile] batch_gap: 96.6ms, forward: 102.3ms, GPU_mem: 32.8GB (avg over 4 steps)
2026-01-23 03:32:24,837 [INFO] [Rank 0] Batch 27: Returning Loss
2026-01-23 03:32:24,852 [INFO] [Rank 0] Backward Pass - Start (DDP Sync happens here)
2026-01-23 03:32:24,859 [DEBUG] [Profile] batch_gap: 102.1ms, forward: 102.3ms, GPU_mem: 32.8GB (avg over 4 steps)
2026-01-23 03:32:24,901 [INFO] [Rank 1] Batch 27: Returning Loss
2026-01-23 03:32:24,923 [INFO] [Rank 1] Backward Pass - Start (DDP Sync happens here)
2026-01-23 03:32:25,290 [INFO] [Rank 0] Backward Pass - End
2026-01-23 03:32:25,349 [INFO] [Rank 1] Backward Pass - End
2026-01-23 03:32:25,398 [INFO] [Rank 0] Finished Batch 27
2026-01-23 03:32:25,430 [INFO] [Rank 0] Starting Batch 28
2026-01-23 03:32:25,444 [INFO] [Rank 0] Batch 28: Training Step Start
2026-01-23 03:32:25,457 [INFO] [Rank 1] Finished Batch 27
2026-01-23 03:32:25,461 [INFO] [Rank 0] Batch 28: Forward Start
2026-01-23 03:32:25,493 [INFO] [Rank 1] Starting Batch 28
2026-01-23 03:32:25,572 [INFO] [Rank 1] Batch 28: Training Step Start
2026-01-23 03:32:25,590 [INFO] [Rank 1] Batch 28: Forward Start
2026-01-23 03:32:25,602 [INFO] [Rank 0] Batch 28: Forward End (0.102s)
2026-01-23 03:32:25,655 [INFO] [Rank 0] Batch 28: Returning Loss
2026-01-23 03:32:25,673 [INFO] [Rank 0] Backward Pass - Start (DDP Sync happens here)
2026-01-23 03:32:25,728 [INFO] [Rank 1] Batch 28: Forward End (0.102s)
2026-01-23 03:32:25,761 [INFO] [Rank 1] Batch 28: Returning Loss
2026-01-23 03:32:25,819 [INFO] [Rank 1] Backward Pass - Start (DDP Sync happens here)
2026-01-23 03:32:26,180 [INFO] [Rank 0] Backward Pass - End
2026-01-23 03:32:26,306 [INFO] [Rank 1] Backward Pass - End
2026-01-23 03:32:26,414 [INFO] [Rank 0] Finished Batch 28
2026-01-23 03:32:26,435 [INFO] [Rank 1] Finished Batch 28
2026-01-23 03:32:26,467 [INFO] [Rank 0] Starting Batch 29
2026-01-23 03:32:26,538 [INFO] [Rank 0] Batch 29: Training Step Start
2026-01-23 03:32:26,541 [INFO] [Rank 1] Starting Batch 29
2026-01-23 03:32:26,569 [INFO] [Rank 0] Batch 29: Forward Start
2026-01-23 03:32:26,596 [INFO] [Rank 1] Batch 29: Training Step Start
2026-01-23 03:32:26,635 [INFO] [Rank 1] Batch 29: Forward Start
2026-01-23 03:32:26,722 [INFO] [Rank 0] Batch 29: Forward End (0.103s)
2026-01-23 03:32:26,743 [INFO] [Rank 0] Batch 29: Returning Loss
2026-01-23 03:32:26,753 [INFO] [Rank 1] Batch 29: Forward End (0.102s)
2026-01-23 03:32:26,761 [INFO] [Rank 0] Backward Pass - Start (DDP Sync happens here)
2026-01-23 03:32:26,788 [INFO] [Rank 1] Batch 29: Returning Loss
2026-01-23 03:32:26,811 [INFO] [Rank 1] Backward Pass - Start (DDP Sync happens here)
2026-01-23 03:32:27,298 [INFO] [Rank 0] Backward Pass - End
2026-01-23 03:32:27,331 [INFO] [Rank 1] Backward Pass - End
2026-01-23 03:32:27,406 [INFO] [Rank 0] Finished Batch 29
2026-01-23 03:32:27,438 [INFO] [Rank 1] Finished Batch 29
2026-01-23 03:32:27,779 [INFO] [Rank 0] Starting Batch 30
2026-01-23 03:32:27,800 [INFO] [Worker 0] Yielded sample 900 from /storage/slurm/hunecke/fakesync/data/voxceleb2/preprocessed/shards_train/shard_0034.pt
2026-01-23 03:32:27,801 [INFO] [Rank 1] Starting Batch 30
2026-01-23 03:32:27,809 [INFO] [Rank 0] Batch 30: Training Step Start
2026-01-23 03:32:27,821 [INFO] [Worker 0] Yielded sample 900 from /storage/slurm/hunecke/fakesync/data/voxceleb2/preprocessed/shards_train/shard_0161.pt
2026-01-23 03:32:27,909 [INFO] [Rank 1] Batch 30: Training Step Start
2026-01-23 03:32:27,929 [INFO] [Rank 0] Batch 30: Forward Start
2026-01-23 03:32:27,972 [INFO] [Rank 1] Batch 30: Forward Start
2026-01-23 03:32:28,087 [INFO] [Rank 0] Batch 30: Forward End (0.102s)
2026-01-23 03:32:28,109 [INFO] [Rank 1] Batch 30: Forward End (0.103s)
2026-01-23 03:32:28,109 [INFO] [Rank 0] Batch 30: Returning Loss
2026-01-23 03:32:28,136 [INFO] [Rank 1] Batch 30: Returning Loss
2026-01-23 03:32:28,200 [INFO] [Rank 0] Backward Pass - Start (DDP Sync happens here)
2026-01-23 03:32:28,221 [INFO] [Rank 1] Backward Pass - Start (DDP Sync happens here)
2026-01-23 03:32:28,665 [INFO] [Rank 0] Backward Pass - End
2026-01-23 03:32:28,686 [INFO] [Rank 1] Backward Pass - End
2026-01-23 03:32:28,979 [INFO] [Rank 0] Finished Batch 30
2026-01-23 03:32:29,058 [INFO] [Rank 1] Finished Batch 30
2026-01-23 03:32:29,087 [INFO] [Rank 0] Starting Batch 31
2026-01-23 03:32:29,106 [INFO] [Rank 1] Starting Batch 31
2026-01-23 03:32:29,110 [INFO] [Rank 0] Batch 31: Training Step Start
2026-01-23 03:32:29,124 [INFO] [Rank 1] Batch 31: Training Step Start
2026-01-23 03:32:29,141 [INFO] [Rank 0] Batch 31: Forward Start
2026-01-23 03:32:29,158 [INFO] [Rank 1] Batch 31: Forward Start
2026-01-23 03:32:29,275 [INFO] [Rank 0] Batch 31: Forward End (0.102s)
2026-01-23 03:32:29,288 [INFO] [Rank 1] Batch 31: Forward End (0.102s)
2026-01-23 03:32:29,443 [DEBUG] [Profile] batch_gap: 175.2ms, forward: 102.3ms, GPU_mem: 32.8GB (avg over 4 steps)
2026-01-23 03:32:29,456 [DEBUG] [Profile] batch_gap: 202.6ms, forward: 102.5ms, GPU_mem: 32.8GB (avg over 4 steps)
2026-01-23 03:32:29,462 [INFO] [Rank 0] Batch 31: Returning Loss
2026-01-23 03:32:29,479 [INFO] [Rank 1] Batch 31: Returning Loss
2026-01-23 03:32:29,498 [INFO] [Rank 0] Backward Pass - Start (DDP Sync happens here)
2026-01-23 03:32:29,560 [INFO] [Rank 1] Backward Pass - Start (DDP Sync happens here)
2026-01-23 03:32:30,189 [INFO] [Rank 1] Backward Pass - End
2026-01-23 03:32:30,189 [INFO] [Rank 0] Backward Pass - End
2026-01-23 03:32:30,213 [INFO] [Rank 1] Optimizer Step - Start
2026-01-23 03:32:30,227 [INFO] [Rank 0] Optimizer Step - Start
2026-01-23 03:32:30,333 [INFO] [Rank 0] Finished Batch 31
2026-01-23 03:32:30,333 [INFO] [Rank 1] Finished Batch 31
2026-01-23 03:32:30,358 [INFO] [Rank 0] Starting Batch 32
2026-01-23 03:32:30,425 [INFO] [Rank 1] Starting Batch 32
2026-01-23 03:32:30,443 [INFO] [Rank 0] Batch 32: Training Step Start
2026-01-23 03:32:30,456 [INFO] [Rank 1] Batch 32: Training Step Start
2026-01-23 03:32:30,468 [INFO] [Rank 0] Batch 32: Forward Start
2026-01-23 03:32:30,483 [INFO] [Rank 1] Batch 32: Forward Start
2026-01-23 03:32:30,598 [INFO] [Rank 0] Batch 32: Forward End (0.102s)
2026-01-23 03:32:30,614 [INFO] [Rank 1] Batch 32: Forward End (0.102s)
2026-01-23 03:32:30,622 [INFO] [Rank 0] Batch 32: Returning Loss
2026-01-23 03:32:30,635 [INFO] [Rank 1] Batch 32: Returning Loss
2026-01-23 03:32:30,683 [INFO] [Rank 0] Optimizer Step (Zero Grad) - Start
2026-01-23 03:32:30,701 [INFO] [Rank 1] Optimizer Step (Zero Grad) - Start
2026-01-23 03:32:30,728 [INFO] [Rank 0] Backward Pass - Start (DDP Sync happens here)
2026-01-23 03:32:30,753 [INFO] [Rank 1] Backward Pass - Start (DDP Sync happens here)
2026-01-23 03:32:31,182 [INFO] [Rank 0] Backward Pass - End
2026-01-23 03:32:31,203 [INFO] [Rank 1] Backward Pass - End
2026-01-23 03:32:31,376 [INFO] [Rank 0] Finished Batch 32
2026-01-23 03:32:31,391 [INFO] [Rank 1] Finished Batch 32
2026-01-23 03:32:31,464 [INFO] [Rank 0] Starting Batch 33
2026-01-23 03:32:31,481 [INFO] [Rank 1] Starting Batch 33
2026-01-23 03:32:31,495 [INFO] [Rank 0] Batch 33: Training Step Start
2026-01-23 03:32:31,551 [INFO] [Rank 1] Batch 33: Training Step Start
2026-01-23 03:32:31,570 [INFO] [Rank 0] Batch 33: Forward Start
2026-01-23 03:32:31,583 [INFO] [Rank 1] Batch 33: Forward Start
2026-01-23 03:32:31,703 [INFO] [Rank 0] Batch 33: Forward End (0.102s)
2026-01-23 03:32:31,716 [INFO] [Rank 1] Batch 33: Forward End (0.102s)
2026-01-23 03:32:31,726 [INFO] [Rank 0] Batch 33: Returning Loss
2026-01-23 03:32:31,744 [INFO] [Rank 1] Batch 33: Returning Loss
2026-01-23 03:32:31,754 [INFO] [Rank 0] Backward Pass - Start (DDP Sync happens here)
2026-01-23 03:32:31,785 [INFO] [Rank 1] Backward Pass - Start (DDP Sync happens here)
2026-01-23 03:32:32,281 [INFO] [Rank 0] Backward Pass - End
2026-01-23 03:32:32,293 [INFO] [Rank 1] Backward Pass - End
2026-01-23 03:32:32,388 [INFO] [Rank 0] Finished Batch 33
2026-01-23 03:32:32,634 [INFO] [Rank 1] Finished Batch 33
2026-01-23 03:32:32,654 [INFO] [Rank 0] Starting Batch 34
2026-01-23 03:32:32,667 [INFO] [Rank 1] Starting Batch 34
2026-01-23 03:32:32,680 [INFO] [Rank 0] Batch 34: Training Step Start
2026-01-23 03:32:32,743 [INFO] [Rank 1] Batch 34: Training Step Start
2026-01-23 03:32:32,753 [INFO] [Rank 0] Batch 34: Forward Start
2026-01-23 03:32:32,821 [INFO] [Rank 1] Batch 34: Forward Start
2026-01-23 03:32:32,968 [INFO] [Rank 0] Batch 34: Forward End (0.102s)
2026-01-23 03:32:32,990 [INFO] [Rank 1] Batch 34: Forward End (0.102s)
2026-01-23 03:32:33,037 [INFO] [Rank 0] Batch 34: Returning Loss
2026-01-23 03:32:33,053 [INFO] [Rank 1] Batch 34: Returning Loss
2026-01-23 03:32:33,063 [INFO] [Rank 0] Backward Pass - Start (DDP Sync happens here)
2026-01-23 03:32:33,079 [INFO] [Rank 1] Backward Pass - Start (DDP Sync happens here)
2026-01-23 03:32:33,546 [INFO] [Rank 0] Backward Pass - End
2026-01-23 03:32:33,568 [INFO] [Rank 1] Backward Pass - End
2026-01-23 03:32:33,654 [INFO] [Rank 0] Finished Batch 34
2026-01-23 03:32:33,946 [INFO] [Rank 1] Finished Batch 34
2026-01-23 03:32:33,967 [INFO] [Rank 0] Starting Batch 35
2026-01-23 03:32:33,980 [INFO] [Rank 1] Starting Batch 35
2026-01-23 03:32:34,032 [INFO] [Rank 0] Batch 35: Training Step Start
2026-01-23 03:32:34,048 [INFO] [Rank 1] Batch 35: Training Step Start
2026-01-23 03:32:34,068 [INFO] [Worker 0] Yielded sample 1000 from /storage/slurm/hunecke/fakesync/data/voxceleb2/preprocessed/shards_train/shard_0034.pt
2026-01-23 03:32:34,079 [INFO] [Worker 0] Yielded sample 1000 from /storage/slurm/hunecke/fakesync/data/voxceleb2/preprocessed/shards_train/shard_0161.pt
2026-01-23 03:32:34,127 [INFO] [Rank 0] Batch 35: Forward Start
2026-01-23 03:32:34,154 [INFO] [Rank 1] Batch 35: Forward Start
2026-01-23 03:32:34,385 [INFO] [Rank 0] Batch 35: Forward End (0.102s)
2026-01-23 03:32:34,401 [INFO] [Rank 1] Batch 35: Forward End (0.102s)
2026-01-23 03:32:34,552 [DEBUG] [Profile] batch_gap: 223.9ms, forward: 102.1ms, GPU_mem: 32.8GB (avg over 4 steps)
2026-01-23 03:32:34,568 [INFO] [Rank 0] Batch 35: Returning Loss
2026-01-23 03:32:34,569 [DEBUG] [Profile] batch_gap: 122.7ms, forward: 102.2ms, GPU_mem: 32.8GB (avg over 4 steps)
2026-01-23 03:32:34,581 [INFO] [Rank 0] Backward Pass - Start (DDP Sync happens here)
2026-01-23 03:32:34,595 [INFO] [Rank 1] Batch 35: Returning Loss
2026-01-23 03:32:34,627 [INFO] [Rank 1] Backward Pass - Start (DDP Sync happens here)
2026-01-23 03:32:35,022 [INFO] [Rank 0] Backward Pass - End
2026-01-23 03:32:35,060 [INFO] [Rank 1] Backward Pass - End
2026-01-23 03:32:35,198 [INFO] [Rank 0] Finished Batch 35
2026-01-23 03:32:35,273 [INFO] [Rank 1] Finished Batch 35
2026-01-23 03:32:35,294 [INFO] [Rank 0] Starting Batch 36
2026-01-23 03:32:35,314 [INFO] [Rank 1] Starting Batch 36
2026-01-23 03:32:35,329 [INFO] [Rank 0] Batch 36: Training Step Start
2026-01-23 03:32:35,403 [INFO] [Rank 1] Batch 36: Training Step Start
2026-01-23 03:32:35,424 [INFO] [Rank 0] Batch 36: Forward Start
2026-01-23 03:32:35,443 [INFO] [Rank 1] Batch 36: Forward Start
2026-01-23 03:32:35,563 [INFO] [Rank 0] Batch 36: Forward End (0.102s)
2026-01-23 03:32:35,590 [INFO] [Rank 1] Batch 36: Forward End (0.102s)
2026-01-23 03:32:35,630 [INFO] [Rank 0] Batch 36: Returning Loss
2026-01-23 03:32:35,657 [INFO] [Rank 1] Batch 36: Returning Loss
2026-01-23 03:32:35,663 [INFO] [Rank 0] Backward Pass - Start (DDP Sync happens here)
2026-01-23 03:32:35,680 [INFO] [Rank 1] Backward Pass - Start (DDP Sync happens here)
2026-01-23 03:32:36,140 [INFO] [Rank 0] Backward Pass - End
2026-01-23 03:32:36,167 [INFO] [Rank 1] Backward Pass - End
2026-01-23 03:32:36,523 [INFO] [Rank 0] Finished Batch 36
2026-01-23 03:32:36,541 [INFO] [Rank 1] Finished Batch 36
2026-01-23 03:32:36,557 [INFO] [Rank 0] Starting Batch 37
2026-01-23 03:32:36,571 [INFO] [Rank 1] Starting Batch 37
2026-01-23 03:32:36,589 [INFO] [Rank 0] Batch 37: Training Step Start
2026-01-23 03:32:36,616 [INFO] [Rank 1] Batch 37: Training Step Start
2026-01-23 03:32:36,632 [INFO] [Rank 0] Batch 37: Forward Start
2026-01-23 03:32:36,645 [INFO] [Rank 1] Batch 37: Forward Start
2026-01-23 03:32:36,764 [INFO] [Rank 0] Batch 37: Forward End (0.102s)
2026-01-23 03:32:36,783 [INFO] [Rank 1] Batch 37: Forward End (0.102s)
2026-01-23 03:32:36,785 [INFO] [Rank 0] Batch 37: Returning Loss
2026-01-23 03:32:36,805 [INFO] [Rank 1] Batch 37: Returning Loss
2026-01-23 03:32:36,818 [INFO] [Rank 0] Backward Pass - Start (DDP Sync happens here)
2026-01-23 03:32:36,834 [INFO] [Rank 1] Backward Pass - Start (DDP Sync happens here)
2026-01-23 03:32:37,342 [INFO] [Rank 0] Backward Pass - End
2026-01-23 03:32:37,361 [INFO] [Rank 1] Backward Pass - End
2026-01-23 03:32:37,450 [INFO] [Rank 0] Finished Batch 37
2026-01-23 03:32:37,468 [INFO] [Rank 1] Finished Batch 37
2026-01-23 03:32:37,646 [INFO] [Rank 0] Starting Batch 38
2026-01-23 03:32:37,738 [INFO] [Rank 1] Starting Batch 38
2026-01-23 03:32:37,776 [INFO] [Rank 0] Batch 38: Training Step Start
2026-01-23 03:32:37,797 [INFO] [Rank 1] Batch 38: Training Step Start
2026-01-23 03:32:37,809 [INFO] [Rank 0] Batch 38: Forward Start
2026-01-23 03:32:37,828 [INFO] [Rank 1] Batch 38: Forward Start
2026-01-23 03:32:37,945 [INFO] [Rank 0] Batch 38: Forward End (0.102s)
2026-01-23 03:32:37,968 [INFO] [Rank 0] Batch 38: Returning Loss
2026-01-23 03:32:37,970 [INFO] [Rank 1] Batch 38: Forward End (0.102s)
2026-01-23 03:32:37,987 [INFO] [Rank 0] Backward Pass - Start (DDP Sync happens here)
2026-01-23 03:32:38,006 [INFO] [Rank 1] Batch 38: Returning Loss
2026-01-23 03:32:38,041 [INFO] [Rank 1] Backward Pass - Start (DDP Sync happens here)
2026-01-23 03:32:38,522 [INFO] [Rank 0] Backward Pass - End
2026-01-23 03:32:38,548 [INFO] [Rank 1] Backward Pass - End
2026-01-23 03:32:38,630 [INFO] [Rank 0] Finished Batch 38
2026-01-23 03:32:38,656 [INFO] [Rank 1] Finished Batch 38
2026-01-23 03:32:38,942 [INFO] [Rank 0] Starting Batch 39
2026-01-23 03:32:38,964 [INFO] [Rank 1] Starting Batch 39
2026-01-23 03:32:38,979 [INFO] [Rank 0] Batch 39: Training Step Start
2026-01-23 03:32:39,064 [INFO] [Rank 1] Batch 39: Training Step Start
2026-01-23 03:32:39,076 [INFO] [Rank 0] Batch 39: Forward Start
2026-01-23 03:32:39,091 [INFO] [Rank 1] Batch 39: Forward Start
2026-01-23 03:32:39,207 [INFO] [Rank 0] Batch 39: Forward End (0.102s)
2026-01-23 03:32:39,221 [INFO] [Rank 1] Batch 39: Forward End (0.102s)
2026-01-23 03:32:39,375 [DEBUG] [Profile] batch_gap: 217.2ms, forward: 102.2ms, GPU_mem: 32.8GB (avg over 4 steps)
2026-01-23 03:32:39,389 [DEBUG] [Profile] batch_gap: 235.1ms, forward: 102.4ms, GPU_mem: 32.8GB (avg over 4 steps)
2026-01-23 03:32:39,425 [INFO] [Rank 0] Batch 39: Returning Loss
2026-01-23 03:32:39,441 [INFO] [Rank 1] Batch 39: Returning Loss
2026-01-23 03:32:39,461 [INFO] [Rank 0] Backward Pass - Start (DDP Sync happens here)
2026-01-23 03:32:39,476 [INFO] [Rank 1] Backward Pass - Start (DDP Sync happens here)
2026-01-23 03:32:40,080 [INFO] [Rank 1] Backward Pass - End
2026-01-23 03:32:40,080 [INFO] [Rank 0] Backward Pass - End
2026-01-23 03:32:40,211 [INFO] [Rank 1] Optimizer Step - Start
2026-01-23 03:32:40,229 [INFO] [Rank 0] Optimizer Step - Start
2026-01-23 03:32:40,353 [INFO] [Rank 0] Finished Batch 39
2026-01-23 03:32:40,354 [INFO] [Rank 1] Finished Batch 39
2026-01-23 03:32:40,374 [INFO] [Rank 0] Starting Batch 40
2026-01-23 03:32:40,395 [INFO] [Rank 1] Starting Batch 40
2026-01-23 03:32:40,440 [INFO] [Rank 0] Batch 40: Training Step Start
2026-01-23 03:32:40,457 [INFO] [Rank 1] Batch 40: Training Step Start
2026-01-23 03:32:40,528 [INFO] [Rank 0] Batch 40: Forward Start
2026-01-23 03:32:40,538 [INFO] [Worker 0] Yielded sample 1100 from /storage/slurm/hunecke/fakesync/data/voxceleb2/preprocessed/shards_train/shard_0034.pt
2026-01-23 03:32:40,544 [INFO] [Rank 1] Batch 40: Forward Start
2026-01-23 03:32:40,558 [INFO] [Worker 0] Yielded sample 1100 from /storage/slurm/hunecke/fakesync/data/voxceleb2/preprocessed/shards_train/shard_0161.pt
2026-01-23 03:32:40,663 [INFO] [Rank 0] Batch 40: Forward End (0.103s)
2026-01-23 03:32:40,689 [INFO] [Rank 0] Batch 40: Returning Loss
2026-01-23 03:32:40,704 [INFO] [Rank 0] Optimizer Step (Zero Grad) - Start
2026-01-23 03:32:40,719 [INFO] [Rank 0] Backward Pass - Start (DDP Sync happens here)
2026-01-23 03:32:40,746 [INFO] [Rank 1] Batch 40: Forward End (0.102s)
2026-01-23 03:32:40,821 [INFO] [Rank 1] Batch 40: Returning Loss
2026-01-23 03:32:40,841 [INFO] [Rank 1] Optimizer Step (Zero Grad) - Start
2026-01-23 03:32:40,862 [INFO] [Rank 1] Backward Pass - Start (DDP Sync happens here)
2026-01-23 03:32:41,239 [INFO] [Rank 0] Backward Pass - End
2026-01-23 03:32:41,322 [INFO] [Rank 1] Backward Pass - End
2026-01-23 03:32:41,409 [INFO] [Rank 0] Finished Batch 40
2026-01-23 03:32:41,427 [INFO] [Rank 1] Finished Batch 40
2026-01-23 03:32:41,447 [INFO] [Rank 0] Starting Batch 41
2026-01-23 03:32:41,465 [INFO] [Rank 1] Starting Batch 41
2026-01-23 03:32:41,481 [INFO] [Rank 0] Batch 41: Training Step Start
2026-01-23 03:32:41,494 [INFO] [Rank 1] Batch 41: Training Step Start
2026-01-23 03:32:41,561 [INFO] [Rank 0] Batch 41: Forward Start
2026-01-23 03:32:41,593 [INFO] [Rank 1] Batch 41: Forward Start
2026-01-23 03:32:41,709 [INFO] [Rank 0] Batch 41: Forward End (0.102s)
2026-01-23 03:32:41,729 [INFO] [Rank 1] Batch 41: Forward End (0.102s)
2026-01-23 03:32:41,753 [INFO] [Rank 0] Batch 41: Returning Loss
2026-01-23 03:32:41,776 [INFO] [Rank 1] Batch 41: Returning Loss
2026-01-23 03:32:41,789 [INFO] [Rank 0] Backward Pass - Start (DDP Sync happens here)
2026-01-23 03:32:41,803 [INFO] [Rank 1] Backward Pass - Start (DDP Sync happens here)
2026-01-23 03:32:42,288 [INFO] [Rank 0] Backward Pass - End
2026-01-23 03:32:42,306 [INFO] [Rank 1] Backward Pass - End
2026-01-23 03:32:42,396 [INFO] [Rank 0] Finished Batch 41
2026-01-23 03:32:42,414 [INFO] [Rank 1] Finished Batch 41
2026-01-23 03:32:42,710 [INFO] [Rank 0] Starting Batch 42
2026-01-23 03:32:42,730 [INFO] [Rank 1] Starting Batch 42
2026-01-23 03:32:42,745 [INFO] [Rank 0] Batch 42: Training Step Start
2026-01-23 03:32:42,756 [INFO] [Rank 1] Batch 42: Training Step Start
2026-01-23 03:32:42,774 [INFO] [Rank 0] Batch 42: Forward Start
2026-01-23 03:32:42,789 [INFO] [Rank 1] Batch 42: Forward Start
2026-01-23 03:32:42,912 [INFO] [Rank 0] Batch 42: Forward End (0.102s)
2026-01-23 03:32:42,934 [INFO] [Rank 1] Batch 42: Forward End (0.102s)
2026-01-23 03:32:42,983 [INFO] [Rank 0] Batch 42: Returning Loss
2026-01-23 03:32:43,002 [INFO] [Rank 1] Batch 42: Returning Loss
2026-01-23 03:32:43,015 [INFO] [Rank 0] Backward Pass - Start (DDP Sync happens here)
2026-01-23 03:32:43,033 [INFO] [Rank 1] Backward Pass - Start (DDP Sync happens here)
2026-01-23 03:32:43,509 [INFO] [Rank 0] Backward Pass - End
2026-01-23 03:32:43,536 [INFO] [Rank 1] Backward Pass - End
2026-01-23 03:32:43,617 [INFO] [Rank 0] Finished Batch 42
2026-01-23 03:32:43,643 [INFO] [Rank 1] Finished Batch 42
2026-01-23 03:32:43,657 [INFO] [Rank 0] Starting Batch 43
2026-01-23 03:32:43,676 [INFO] [Rank 1] Starting Batch 43
2026-01-23 03:32:43,859 [INFO] [Rank 0] Batch 43: Training Step Start
2026-01-23 03:32:43,884 [INFO] [Rank 1] Batch 43: Training Step Start
2026-01-23 03:32:43,907 [INFO] [Rank 0] Batch 43: Forward Start
2026-01-23 03:32:43,923 [INFO] [Rank 1] Batch 43: Forward Start
2026-01-23 03:32:44,040 [INFO] [Rank 0] Batch 43: Forward End (0.102s)
2026-01-23 03:32:44,063 [INFO] [Rank 1] Batch 43: Forward End (0.102s)
2026-01-23 03:32:44,207 [DEBUG] [Profile] batch_gap: 186.5ms, forward: 102.3ms, GPU_mem: 32.8GB (avg over 4 steps)
2026-01-23 03:32:44,231 [INFO] [Rank 0] Batch 43: Returning Loss
2026-01-23 03:32:44,231 [DEBUG] [Profile] batch_gap: 187.8ms, forward: 102.4ms, GPU_mem: 32.8GB (avg over 4 steps)
2026-01-23 03:32:44,257 [INFO] [Rank 0] Backward Pass - Start (DDP Sync happens here)
2026-01-23 03:32:44,280 [INFO] [Rank 1] Batch 43: Returning Loss
2026-01-23 03:32:44,362 [INFO] [Rank 1] Backward Pass - Start (DDP Sync happens here)
2026-01-23 03:32:44,707 [INFO] [Rank 0] Backward Pass - End
2026-01-23 03:32:44,797 [INFO] [Rank 1] Backward Pass - End
2026-01-23 03:32:44,815 [INFO] [Rank 0] Finished Batch 43
2026-01-23 03:32:44,827 [INFO] [Rank 0] Starting Batch 44
2026-01-23 03:32:44,847 [INFO] [Rank 0] Batch 44: Training Step Start
2026-01-23 03:32:44,904 [INFO] [Rank 1] Finished Batch 43
2026-01-23 03:32:45,130 [INFO] [Rank 0] Batch 44: Forward Start
2026-01-23 03:32:45,153 [INFO] [Rank 1] Starting Batch 44
2026-01-23 03:32:45,241 [INFO] [Rank 1] Batch 44: Training Step Start
2026-01-23 03:32:45,258 [INFO] [Rank 1] Batch 44: Forward Start
2026-01-23 03:32:45,317 [INFO] [Rank 0] Batch 44: Forward End (0.102s)
2026-01-23 03:32:45,387 [INFO] [Rank 0] Batch 44: Returning Loss
2026-01-23 03:32:45,405 [INFO] [Rank 0] Backward Pass - Start (DDP Sync happens here)
2026-01-23 03:32:45,462 [INFO] [Rank 1] Batch 44: Forward End (0.102s)
2026-01-23 03:32:45,495 [INFO] [Rank 1] Batch 44: Returning Loss
2026-01-23 03:32:45,517 [INFO] [Rank 1] Backward Pass - Start (DDP Sync happens here)
2026-01-23 03:32:45,896 [INFO] [Rank 0] Backward Pass - End
2026-01-23 03:32:46,004 [INFO] [Rank 0] Finished Batch 44
2026-01-23 03:32:46,040 [INFO] [Rank 1] Backward Pass - End
2026-01-23 03:32:46,078 [INFO] [Rank 0] Starting Batch 45
2026-01-23 03:32:46,113 [INFO] [Rank 0] Batch 45: Training Step Start
2026-01-23 03:32:46,148 [INFO] [Rank 1] Finished Batch 44
2026-01-23 03:32:46,288 [INFO] [Rank 0] Batch 45: Forward Start
2026-01-23 03:32:46,305 [INFO] [Worker 0] Yielded sample 1200 from /storage/slurm/hunecke/fakesync/data/voxceleb2/preprocessed/shards_train/shard_0034.pt
2026-01-23 03:32:46,368 [INFO] [Rank 1] Starting Batch 45
2026-01-23 03:32:46,421 [INFO] [Rank 1] Batch 45: Training Step Start
2026-01-23 03:32:46,437 [INFO] [Rank 1] Batch 45: Forward Start
2026-01-23 03:32:46,490 [INFO] [Rank 0] Batch 45: Forward End (0.102s)
2026-01-23 03:32:46,557 [INFO] [Rank 1] Batch 45: Forward End (0.102s)
2026-01-23 03:32:46,565 [INFO] [Rank 0] Batch 45: Returning Loss
2026-01-23 03:32:46,582 [INFO] [Rank 1] Batch 45: Returning Loss
2026-01-23 03:32:46,594 [INFO] [Worker 0] Yielded sample 1200 from /storage/slurm/hunecke/fakesync/data/voxceleb2/preprocessed/shards_train/shard_0161.pt
2026-01-23 03:32:46,604 [INFO] [Rank 0] Backward Pass - Start (DDP Sync happens here)
2026-01-23 03:32:46,618 [INFO] [Rank 1] Backward Pass - Start (DDP Sync happens here)
2026-01-23 03:32:47,112 [INFO] [Rank 0] Backward Pass - End
2026-01-23 03:32:47,135 [INFO] [Rank 1] Backward Pass - End
2026-01-23 03:32:47,221 [INFO] [Rank 0] Finished Batch 45
2026-01-23 03:32:47,241 [INFO] [Rank 0] Starting Batch 46
2026-01-23 03:32:47,242 [INFO] [Rank 1] Finished Batch 45
2026-01-23 03:32:47,261 [INFO] [Rank 0] Batch 46: Training Step Start
2026-01-23 03:32:47,278 [INFO] [Rank 1] Starting Batch 46
2026-01-23 03:32:47,568 [INFO] [Rank 0] Batch 46: Forward Start
2026-01-23 03:32:47,595 [INFO] [Rank 1] Batch 46: Training Step Start
2026-01-23 03:32:47,685 [INFO] [Rank 1] Batch 46: Forward Start
2026-01-23 03:32:47,715 [INFO] [Rank 0] Batch 46: Forward End (0.103s)
2026-01-23 03:32:47,740 [INFO] [Rank 0] Batch 46: Returning Loss
2026-01-23 03:32:47,806 [INFO] [Rank 1] Batch 46: Forward End (0.103s)
2026-01-23 03:32:47,841 [INFO] [Rank 0] Backward Pass - Start (DDP Sync happens here)
2026-01-23 03:32:47,858 [INFO] [Rank 1] Batch 46: Returning Loss
2026-01-23 03:32:47,897 [INFO] [Rank 1] Backward Pass - Start (DDP Sync happens here)
2026-01-23 03:32:48,292 [INFO] [Rank 0] Backward Pass - End
2026-01-23 03:32:48,384 [INFO] [Rank 1] Backward Pass - End
2026-01-23 03:32:48,400 [INFO] [Rank 0] Finished Batch 46
2026-01-23 03:32:48,449 [INFO] [Rank 0] Starting Batch 47
2026-01-23 03:32:48,491 [INFO] [Rank 1] Finished Batch 46
2026-01-23 03:32:48,518 [INFO] [Rank 0] Batch 47: Training Step Start
2026-01-23 03:32:48,551 [INFO] [Rank 1] Starting Batch 47
2026-01-23 03:32:48,564 [INFO] [Rank 0] Batch 47: Forward Start
2026-01-23 03:32:48,901 [INFO] [Rank 1] Batch 47: Training Step Start
2026-01-23 03:32:48,924 [INFO] [Rank 1] Batch 47: Forward Start
2026-01-23 03:32:49,016 [INFO] [Rank 0] Batch 47: Forward End (0.102s)
2026-01-23 03:32:49,041 [INFO] [Rank 1] Batch 47: Forward End (0.103s)
2026-01-23 03:32:49,184 [DEBUG] [Profile] batch_gap: 74.4ms, forward: 102.3ms, GPU_mem: 32.8GB (avg over 4 steps)
2026-01-23 03:32:49,208 [DEBUG] [Profile] batch_gap: 342.4ms, forward: 102.7ms, GPU_mem: 32.8GB (avg over 4 steps)
2026-01-23 03:32:49,221 [INFO] [Rank 0] Batch 47: Returning Loss
2026-01-23 03:32:49,235 [INFO] [Rank 1] Batch 47: Returning Loss
2026-01-23 03:32:49,292 [INFO] [Rank 0] Backward Pass - Start (DDP Sync happens here)
2026-01-23 03:32:49,312 [INFO] [Rank 1] Backward Pass - Start (DDP Sync happens here)
2026-01-23 03:32:49,969 [INFO] [Rank 0] Backward Pass - End
2026-01-23 03:32:49,969 [INFO] [Rank 1] Backward Pass - End
2026-01-23 03:32:50,089 [INFO] [Rank 0] Optimizer Step - Start
2026-01-23 03:32:50,103 [INFO] [Rank 1] Optimizer Step - Start
2026-01-23 03:32:50,165 [INFO] [Rank 0] Finished Batch 47
2026-01-23 03:32:50,180 [INFO] [Rank 1] Finished Batch 47
2026-01-23 03:32:50,233 [INFO] [Rank 0] Starting Batch 48
2026-01-23 03:32:50,259 [INFO] [Rank 1] Starting Batch 48
2026-01-23 03:32:50,269 [INFO] [Rank 0] Batch 48: Training Step Start
2026-01-23 03:32:50,284 [INFO] [Rank 1] Batch 48: Training Step Start
2026-01-23 03:32:50,297 [INFO] [Rank 0] Batch 48: Forward Start
2026-01-23 03:32:50,330 [INFO] [Rank 1] Batch 48: Forward Start
2026-01-23 03:32:50,451 [INFO] [Rank 0] Batch 48: Forward End (0.102s)
2026-01-23 03:32:50,468 [INFO] [Rank 1] Batch 48: Forward End (0.102s)
2026-01-23 03:32:50,473 [INFO] [Rank 0] Batch 48: Returning Loss
2026-01-23 03:32:50,494 [INFO] [Rank 1] Batch 48: Returning Loss
2026-01-23 03:32:50,500 [INFO] [Rank 0] Optimizer Step (Zero Grad) - Start
2026-01-23 03:32:50,563 [INFO] [Rank 1] Optimizer Step (Zero Grad) - Start
2026-01-23 03:32:50,586 [INFO] [Rank 0] Backward Pass - Start (DDP Sync happens here)
2026-01-23 03:32:50,608 [INFO] [Rank 1] Backward Pass - Start (DDP Sync happens here)
2026-01-23 03:32:51,033 [INFO] [Rank 0] Backward Pass - End
2026-01-23 03:32:51,058 [INFO] [Rank 1] Backward Pass - End
2026-01-23 03:32:51,422 [INFO] [Rank 0] Finished Batch 48
2026-01-23 03:32:51,448 [INFO] [Rank 1] Finished Batch 48
2026-01-23 03:32:51,458 [INFO] [Rank 0] Starting Batch 49
2026-01-23 03:32:51,478 [INFO] [Rank 1] Starting Batch 49
2026-01-23 03:32:51,492 [INFO] [Rank 0] Batch 49: Training Step Start
2026-01-23 03:32:51,513 [INFO] [Rank 1] Batch 49: Training Step Start
2026-01-23 03:32:51,587 [INFO] [Rank 0] Batch 49: Forward Start
2026-01-23 03:32:51,616 [INFO] [Rank 1] Batch 49: Forward Start
2026-01-23 03:32:51,737 [INFO] [Rank 0] Batch 49: Forward End (0.102s)
2026-01-23 03:32:51,772 [INFO] [Rank 0] Batch 49: Returning Loss
2026-01-23 03:32:51,835 [INFO] [Rank 0] Backward Pass - Start (DDP Sync happens here)
2026-01-23 03:32:51,855 [INFO] [Rank 1] Batch 49: Forward End (0.102s)
2026-01-23 03:32:51,876 [INFO] [Rank 1] Batch 49: Returning Loss
2026-01-23 03:32:51,933 [INFO] [Rank 1] Backward Pass - Start (DDP Sync happens here)
2026-01-23 03:32:52,315 [INFO] [Rank 0] Backward Pass - End
2026-01-23 03:32:52,423 [INFO] [Rank 0] Finished Batch 49
2026-01-23 03:32:52,433 [INFO] [Rank 1] Backward Pass - End
2026-01-23 03:32:52,614 [INFO] [Rank 0] Starting Batch 50
2026-01-23 03:32:52,630 [INFO] [Rank 1] Finished Batch 49
2026-01-23 03:32:52,640 [INFO] [Rank 0] Batch 50: Training Step Start
2026-01-23 03:32:52,665 [INFO] [Rank 1] Starting Batch 50
2026-01-23 03:32:52,679 [INFO] [Rank 0] Batch 50: Forward Start
2026-01-23 03:32:52,692 [INFO] [Rank 1] Batch 50: Training Step Start
2026-01-23 03:32:52,732 [INFO] [Rank 1] Batch 50: Forward Start
2026-01-23 03:32:52,819 [INFO] [Rank 0] Batch 50: Forward End (0.102s)
2026-01-23 03:32:52,857 [INFO] [Rank 1] Batch 50: Forward End (0.103s)
2026-01-23 03:32:52,886 [INFO] [Rank 0] Batch 50: Returning Loss
2026-01-23 03:32:52,911 [INFO] [Worker 0] Yielded sample 1300 from /storage/slurm/hunecke/fakesync/data/voxceleb2/preprocessed/shards_train/shard_0034.pt
2026-01-23 03:32:52,924 [INFO] [Rank 1] Batch 50: Returning Loss
2026-01-23 03:32:52,951 [INFO] [Rank 0] Backward Pass - Start (DDP Sync happens here)
2026-01-23 03:32:52,966 [INFO] [Worker 0] Yielded sample 1300 from /storage/slurm/hunecke/fakesync/data/voxceleb2/preprocessed/shards_train/shard_0161.pt
2026-01-23 03:32:52,993 [INFO] [Rank 1] Backward Pass - Start (DDP Sync happens here)
2026-01-23 03:32:53,453 [INFO] [Rank 0] Backward Pass - End
2026-01-23 03:32:53,496 [INFO] [Rank 1] Backward Pass - End
2026-01-23 03:32:53,577 [INFO] [Rank 0] Finished Batch 50
2026-01-23 03:32:53,604 [INFO] [Rank 1] Finished Batch 50
2026-01-23 03:32:53,827 [INFO] [Rank 0] Starting Batch 51
2026-01-23 03:32:53,852 [INFO] [Rank 1] Starting Batch 51
2026-01-23 03:32:53,862 [INFO] [Rank 0] Batch 51: Training Step Start
2026-01-23 03:32:53,876 [INFO] [Rank 1] Batch 51: Training Step Start
2026-01-23 03:32:53,889 [INFO] [Rank 0] Batch 51: Forward Start
2026-01-23 03:32:53,909 [INFO] [Rank 1] Batch 51: Forward Start
2026-01-23 03:32:54,025 [INFO] [Rank 0] Batch 51: Forward End (0.102s)
2026-01-23 03:32:54,056 [INFO] [Rank 1] Batch 51: Forward End (0.102s)
2026-01-23 03:32:54,193 [DEBUG] [Profile] batch_gap: 168.2ms, forward: 102.2ms, GPU_mem: 32.8GB (avg over 4 steps)
2026-01-23 03:32:54,213 [INFO] [Rank 0] Batch 51: Returning Loss
2026-01-23 03:32:54,224 [DEBUG] [Profile] batch_gap: 125.2ms, forward: 102.4ms, GPU_mem: 32.8GB (avg over 4 steps)
2026-01-23 03:32:54,230 [INFO] [Rank 0] Backward Pass - Start (DDP Sync happens here)
2026-01-23 03:32:54,243 [INFO] [Rank 1] Batch 51: Returning Loss
2026-01-23 03:32:54,270 [INFO] [Rank 1] Backward Pass - Start (DDP Sync happens here)
2026-01-23 03:32:54,668 [INFO] [Rank 0] Backward Pass - End
2026-01-23 03:32:54,700 [INFO] [Rank 1] Backward Pass - End
2026-01-23 03:32:54,791 [INFO] [Rank 0] Finished Batch 51
2026-01-23 03:32:54,808 [INFO] [Rank 1] Finished Batch 51
2026-01-23 03:32:54,819 [INFO] [Rank 0] Starting Batch 52
2026-01-23 03:32:54,964 [INFO] [Rank 1] Starting Batch 52
2026-01-23 03:32:54,976 [INFO] [Rank 0] Batch 52: Training Step Start
2026-01-23 03:32:55,000 [INFO] [Rank 1] Batch 52: Training Step Start
2026-01-23 03:32:55,011 [INFO] [Rank 0] Batch 52: Forward Start
2026-01-23 03:32:55,027 [INFO] [Rank 1] Batch 52: Forward Start
2026-01-23 03:32:55,144 [INFO] [Rank 0] Batch 52: Forward End (0.103s)
2026-01-23 03:32:55,159 [INFO] [Rank 1] Batch 52: Forward End (0.102s)
2026-01-23 03:32:55,168 [INFO] [Rank 0] Batch 52: Returning Loss
2026-01-23 03:32:55,185 [INFO] [Rank 1] Batch 52: Returning Loss
2026-01-23 03:32:55,188 [INFO] [Rank 0] Backward Pass - Start (DDP Sync happens here)
2026-01-23 03:32:55,203 [INFO] [Rank 1] Backward Pass - Start (DDP Sync happens here)
2026-01-23 03:32:55,722 [INFO] [Rank 0] Backward Pass - End
2026-01-23 03:32:55,738 [INFO] [Rank 1] Backward Pass - End
2026-01-23 03:32:55,846 [INFO] [Rank 0] Finished Batch 52
2026-01-23 03:32:55,847 [INFO] [Rank 1] Finished Batch 52
2026-01-23 03:32:55,867 [INFO] [Rank 0] Starting Batch 53
2026-01-23 03:32:55,882 [INFO] [Rank 1] Starting Batch 53
2026-01-23 03:32:55,894 [INFO] [Rank 0] Batch 53: Training Step Start
2026-01-23 03:32:55,907 [INFO] [Rank 1] Batch 53: Training Step Start
2026-01-23 03:32:55,917 [INFO] [Rank 0] Batch 53: Forward Start
2026-01-23 03:32:55,931 [INFO] [Rank 1] Batch 53: Forward Start
2026-01-23 03:32:56,045 [INFO] [Rank 0] Batch 53: Forward End (0.102s)
2026-01-23 03:32:56,104 [INFO] [Rank 0] Batch 53: Returning Loss
2026-01-23 03:32:56,116 [INFO] [Rank 0] Backward Pass - Start (DDP Sync happens here)
2026-01-23 03:32:56,186 [INFO] [Rank 1] Batch 53: Forward End (0.103s)
2026-01-23 03:32:56,206 [INFO] [Rank 1] Batch 53: Returning Loss
2026-01-23 03:32:56,221 [INFO] [Rank 1] Backward Pass - Start (DDP Sync happens here)
2026-01-23 03:32:56,623 [INFO] [Rank 0] Backward Pass - End
2026-01-23 03:32:56,757 [INFO] [Rank 0] Finished Batch 53
2026-01-23 03:32:56,764 [INFO] [Rank 1] Backward Pass - End
2026-01-23 03:32:56,771 [INFO] [Rank 0] Starting Batch 54
2026-01-23 03:32:56,804 [INFO] [Rank 0] Batch 54: Training Step Start
2026-01-23 03:32:56,819 [INFO] [Rank 0] Batch 54: Forward Start
2026-01-23 03:32:56,872 [INFO] [Rank 1] Finished Batch 53
2026-01-23 03:32:56,888 [INFO] [Rank 1] Starting Batch 54
2026-01-23 03:32:56,904 [INFO] [Rank 1] Batch 54: Training Step Start
2026-01-23 03:32:56,915 [INFO] [Rank 1] Batch 54: Forward Start
2026-01-23 03:32:56,934 [INFO] [Rank 0] Batch 54: Forward End (0.104s)
2026-01-23 03:32:56,953 [INFO] [Rank 0] Batch 54: Returning Loss
2026-01-23 03:32:56,967 [INFO] [Rank 0] Backward Pass - Start (DDP Sync happens here)
2026-01-23 03:32:57,033 [INFO] [Rank 1] Batch 54: Forward End (0.104s)
2026-01-23 03:32:57,054 [INFO] [Rank 1] Batch 54: Returning Loss
2026-01-23 03:32:57,071 [INFO] [Rank 1] Backward Pass - Start (DDP Sync happens here)
2026-01-23 03:32:57,510 [INFO] [Rank 0] Backward Pass - End
2026-01-23 03:32:57,610 [INFO] [Rank 1] Backward Pass - End
2026-01-23 03:32:57,642 [INFO] [Rank 0] Finished Batch 54
2026-01-23 03:32:57,665 [INFO] [Rank 0] Starting Batch 55
2026-01-23 03:32:57,681 [INFO] [Rank 0] Batch 55: Training Step Start
2026-01-23 03:32:57,694 [INFO] [Rank 0] Batch 55: Forward Start
2026-01-23 03:32:57,717 [INFO] [Rank 1] Finished Batch 54
2026-01-23 03:32:57,737 [INFO] [Rank 1] Starting Batch 55
2026-01-23 03:32:57,752 [INFO] [Rank 1] Batch 55: Training Step Start
2026-01-23 03:32:57,773 [INFO] [Rank 1] Batch 55: Forward Start
2026-01-23 03:32:57,810 [INFO] [Rank 0] Batch 55: Forward End (0.102s)
2026-01-23 03:32:57,891 [INFO] [Rank 1] Batch 55: Forward End (0.102s)
2026-01-23 03:32:57,978 [DEBUG] [Profile] batch_gap: 78.8ms, forward: 102.8ms, GPU_mem: 32.8GB (avg over 4 steps)
2026-01-23 03:32:57,993 [INFO] [Rank 0] Batch 55: Returning Loss
2026-01-23 03:32:58,012 [INFO] [Rank 0] Backward Pass - Start (DDP Sync happens here)
2026-01-23 03:32:58,038 [INFO] [Worker 0] Yielded sample 1400 from /storage/slurm/hunecke/fakesync/data/voxceleb2/preprocessed/shards_train/shard_0034.pt
2026-01-23 03:32:58,059 [DEBUG] [Profile] batch_gap: 79.1ms, forward: 102.8ms, GPU_mem: 32.8GB (avg over 4 steps)
2026-01-23 03:32:58,075 [INFO] [Rank 1] Batch 55: Returning Loss
2026-01-23 03:32:58,092 [INFO] [Rank 1] Backward Pass - Start (DDP Sync happens here)
2026-01-23 03:32:58,095 [INFO] [Worker 0] Yielded sample 1400 from /storage/slurm/hunecke/fakesync/data/voxceleb2/preprocessed/shards_train/shard_0161.pt
2026-01-23 03:32:58,675 [INFO] [Rank 1] Backward Pass - End
2026-01-23 03:32:58,676 [INFO] [Rank 0] Backward Pass - End
2026-01-23 03:32:58,694 [INFO] [Rank 1] Optimizer Step - Start
2026-01-23 03:32:58,707 [INFO] [Rank 0] Optimizer Step - Start
2026-01-23 03:32:58,808 [INFO] [Rank 0] Finished Batch 55
2026-01-23 03:32:58,809 [INFO] [Rank 1] Finished Batch 55
2026-01-23 03:32:58,842 [INFO] [Rank 0] Starting Batch 56
2026-01-23 03:32:58,856 [INFO] [Rank 0] Batch 56: Training Step Start
2026-01-23 03:32:58,857 [INFO] [Rank 1] Starting Batch 56
2026-01-23 03:32:58,870 [INFO] [Rank 0] Batch 56: Forward Start
2026-01-23 03:32:58,882 [INFO] [Rank 1] Batch 56: Training Step Start
2026-01-23 03:32:58,913 [INFO] [Rank 1] Batch 56: Forward Start
2026-01-23 03:32:59,000 [INFO] [Rank 0] Batch 56: Forward End (0.102s)
2026-01-23 03:32:59,028 [INFO] [Rank 0] Batch 56: Returning Loss
2026-01-23 03:32:59,029 [INFO] [Rank 1] Batch 56: Forward End (0.102s)
2026-01-23 03:32:59,045 [INFO] [Rank 0] Optimizer Step (Zero Grad) - Start
2026-01-23 03:32:59,070 [INFO] [Rank 1] Batch 56: Returning Loss
2026-01-23 03:32:59,082 [INFO] [Rank 0] Backward Pass - Start (DDP Sync happens here)
2026-01-23 03:32:59,096 [INFO] [Rank 1] Optimizer Step (Zero Grad) - Start
2026-01-23 03:32:59,124 [INFO] [Rank 1] Backward Pass - Start (DDP Sync happens here)
2026-01-23 03:32:59,577 [INFO] [Rank 0] Backward Pass - End
2026-01-23 03:32:59,606 [INFO] [Rank 1] Backward Pass - End
2026-01-23 03:32:59,697 [INFO] [Rank 0] Finished Batch 56
2026-01-23 03:32:59,710 [INFO] [Rank 1] Finished Batch 56
2026-01-23 03:32:59,733 [INFO] [Rank 0] Starting Batch 57
2026-01-23 03:32:59,746 [INFO] [Rank 0] Batch 57: Training Step Start
2026-01-23 03:32:59,751 [INFO] [Rank 1] Starting Batch 57
2026-01-23 03:32:59,763 [INFO] [Rank 0] Batch 57: Forward Start
2026-01-23 03:32:59,774 [INFO] [Rank 1] Batch 57: Training Step Start
2026-01-23 03:32:59,804 [INFO] [Rank 1] Batch 57: Forward Start
2026-01-23 03:32:59,895 [INFO] [Rank 0] Batch 57: Forward End (0.102s)
2026-01-23 03:32:59,915 [INFO] [Rank 0] Batch 57: Returning Loss
2026-01-23 03:32:59,925 [INFO] [Rank 1] Batch 57: Forward End (0.102s)
2026-01-23 03:32:59,936 [INFO] [Rank 0] Backward Pass - Start (DDP Sync happens here)
2026-01-23 03:32:59,957 [INFO] [Rank 1] Batch 57: Returning Loss
2026-01-23 03:32:59,979 [INFO] [Rank 1] Backward Pass - Start (DDP Sync happens here)
2026-01-23 03:33:00,473 [INFO] [Rank 0] Backward Pass - End
2026-01-23 03:33:00,502 [INFO] [Rank 1] Backward Pass - End
2026-01-23 03:33:00,600 [INFO] [Rank 0] Finished Batch 57
2026-01-23 03:33:00,609 [INFO] [Rank 1] Finished Batch 57
2026-01-23 03:33:00,678 [INFO] [Rank 0] Starting Batch 58
2026-01-23 03:33:00,694 [INFO] [Rank 1] Starting Batch 58
2026-01-23 03:33:00,696 [INFO] [Rank 0] Batch 58: Training Step Start
2026-01-23 03:33:00,710 [INFO] [Rank 1] Batch 58: Training Step Start
2026-01-23 03:33:00,768 [INFO] [Rank 0] Batch 58: Forward Start
2026-01-23 03:33:00,786 [INFO] [Rank 1] Batch 58: Forward Start
2026-01-23 03:33:00,909 [INFO] [Rank 0] Batch 58: Forward End (0.102s)
2026-01-23 03:33:00,927 [INFO] [Rank 1] Batch 58: Forward End (0.102s)
2026-01-23 03:33:00,963 [INFO] [Rank 0] Batch 58: Returning Loss
2026-01-23 03:33:00,977 [INFO] [Rank 1] Batch 58: Returning Loss
2026-01-23 03:33:01,022 [INFO] [Rank 0] Backward Pass - Start (DDP Sync happens here)
2026-01-23 03:33:01,039 [INFO] [Rank 1] Backward Pass - Start (DDP Sync happens here)
2026-01-23 03:33:01,488 [INFO] [Rank 0] Backward Pass - End
2026-01-23 03:33:01,504 [INFO] [Rank 1] Backward Pass - End
2026-01-23 03:33:01,633 [INFO] [Rank 0] Finished Batch 58
2026-01-23 03:33:01,633 [INFO] [Rank 1] Finished Batch 58
2026-01-23 03:33:01,662 [INFO] [Rank 0] Starting Batch 59
2026-01-23 03:33:01,683 [INFO] [Rank 1] Starting Batch 59
2026-01-23 03:33:01,684 [INFO] [Rank 0] Batch 59: Training Step Start
2026-01-23 03:33:01,700 [INFO] [Rank 1] Batch 59: Training Step Start
2026-01-23 03:33:01,717 [INFO] [Rank 0] Batch 59: Forward Start
2026-01-23 03:33:01,737 [INFO] [Rank 1] Batch 59: Forward Start
2026-01-23 03:33:01,858 [INFO] [Rank 0] Batch 59: Forward End (0.102s)
2026-01-23 03:33:01,873 [INFO] [Rank 1] Batch 59: Forward End (0.102s)
2026-01-23 03:33:02,026 [DEBUG] [Profile] batch_gap: 60.5ms, forward: 102.3ms, GPU_mem: 32.8GB (avg over 4 steps)
2026-01-23 03:33:02,041 [DEBUG] [Profile] batch_gap: 75.6ms, forward: 102.3ms, GPU_mem: 32.8GB (avg over 4 steps)
2026-01-23 03:33:02,044 [INFO] [Rank 0] Batch 59: Returning Loss
2026-01-23 03:33:02,058 [INFO] [Rank 1] Batch 59: Returning Loss
2026-01-23 03:33:02,116 [INFO] [Rank 0] Backward Pass - Start (DDP Sync happens here)
2026-01-23 03:33:02,134 [INFO] [Rank 1] Backward Pass - Start (DDP Sync happens here)
2026-01-23 03:33:02,600 [INFO] [Rank 0] Backward Pass - End
2026-01-23 03:33:02,618 [INFO] [Rank 1] Backward Pass - End
2026-01-23 03:33:02,865 [INFO] [Rank 0] Finished Batch 59
2026-01-23 03:33:02,866 [INFO] [Rank 1] Finished Batch 59
2026-01-23 03:33:02,898 [INFO] [Rank 0] Starting Batch 60
2026-01-23 03:33:02,915 [INFO] [Rank 1] Starting Batch 60
2026-01-23 03:33:02,956 [INFO] [Rank 0] Batch 60: Training Step Start
2026-01-23 03:33:02,978 [INFO] [Rank 1] Batch 60: Training Step Start
2026-01-23 03:33:02,995 [INFO] [Rank 0] Batch 60: Forward Start
2026-01-23 03:33:03,014 [INFO] [Rank 1] Batch 60: Forward Start
2026-01-23 03:33:03,132 [INFO] [Rank 0] Batch 60: Forward End (0.102s)
2026-01-23 03:33:03,143 [INFO] [Rank 1] Batch 60: Forward End (0.102s)
2026-01-23 03:33:03,160 [INFO] [Rank 0] Batch 60: Returning Loss
2026-01-23 03:33:03,171 [INFO] [Rank 1] Batch 60: Returning Loss
2026-01-23 03:33:03,213 [INFO] [Rank 0] Backward Pass - Start (DDP Sync happens here)
2026-01-23 03:33:03,232 [INFO] [Rank 1] Backward Pass - Start (DDP Sync happens here)
2026-01-23 03:33:03,321 [INFO] [Worker 0] Yielded sample 1500 from /storage/slurm/hunecke/fakesync/data/voxceleb2/preprocessed/shards_train/shard_0161.pt
2026-01-23 03:33:03,326 [INFO] [Worker 0] Yielded sample 1500 from /storage/slurm/hunecke/fakesync/data/voxceleb2/preprocessed/shards_train/shard_0034.pt
2026-01-23 03:33:03,710 [INFO] [Rank 0] Backward Pass - End
2026-01-23 03:33:03,721 [INFO] [Rank 1] Backward Pass - End
2026-01-23 03:33:04,136 [INFO] [Rank 0] Finished Batch 60
2026-01-23 03:33:04,137 [INFO] [Rank 1] Finished Batch 60
2026-01-23 03:33:04,177 [INFO] [Rank 0] Starting Batch 61
2026-01-23 03:33:04,188 [INFO] [Rank 0] Batch 61: Training Step Start
2026-01-23 03:33:04,192 [INFO] [Rank 1] Starting Batch 61
2026-01-23 03:33:04,202 [INFO] [Rank 0] Batch 61: Forward Start
2026-01-23 03:33:04,223 [INFO] [Rank 1] Batch 61: Training Step Start
2026-01-23 03:33:04,253 [INFO] [Rank 1] Batch 61: Forward Start
2026-01-23 03:33:04,338 [INFO] [Rank 0] Batch 61: Forward End (0.102s)
2026-01-23 03:33:04,360 [INFO] [Rank 0] Batch 61: Returning Loss
2026-01-23 03:33:04,394 [INFO] [Rank 1] Batch 61: Forward End (0.103s)
2026-01-23 03:33:04,442 [INFO] [Rank 0] Backward Pass - Start (DDP Sync happens here)
2026-01-23 03:33:04,462 [INFO] [Rank 1] Batch 61: Returning Loss
2026-01-23 03:33:04,484 [INFO] [Rank 1] Backward Pass - Start (DDP Sync happens here)
2026-01-23 03:33:04,916 [INFO] [Rank 0] Backward Pass - End
2026-01-23 03:33:04,986 [INFO] [Rank 1] Backward Pass - End
2026-01-23 03:33:05,061 [INFO] [Rank 0] Finished Batch 61
2026-01-23 03:33:05,093 [INFO] [Rank 1] Finished Batch 61
2026-01-23 03:33:05,095 [INFO] [Rank 0] Starting Batch 62
2026-01-23 03:33:05,291 [INFO] [Rank 1] Starting Batch 62
2026-01-23 03:33:05,294 [INFO] [Rank 0] Batch 62: Training Step Start
2026-01-23 03:33:05,312 [INFO] [Rank 1] Batch 62: Training Step Start
2026-01-23 03:33:05,329 [INFO] [Rank 0] Batch 62: Forward Start
2026-01-23 03:33:05,388 [INFO] [Rank 1] Batch 62: Forward Start
2026-01-23 03:33:05,507 [INFO] [Rank 0] Batch 62: Forward End (0.102s)
2026-01-23 03:33:05,517 [INFO] [Rank 0] Batch 62: Returning Loss
2026-01-23 03:33:05,521 [INFO] [Rank 1] Batch 62: Forward End (0.102s)
2026-01-23 03:33:05,532 [INFO] [Rank 0] Backward Pass - Start (DDP Sync happens here)
2026-01-23 03:33:05,607 [INFO] [Rank 1] Batch 62: Returning Loss
2026-01-23 03:33:05,686 [INFO] [Rank 1] Backward Pass - Start (DDP Sync happens here)
2026-01-23 03:33:06,085 [INFO] [Rank 0] Backward Pass - End
2026-01-23 03:33:06,113 [INFO] [Rank 1] Backward Pass - End
2026-01-23 03:33:06,210 [INFO] [Rank 0] Finished Batch 62
2026-01-23 03:33:06,221 [INFO] [Rank 1] Finished Batch 62
2026-01-23 03:33:06,592 [INFO] [Rank 0] Starting Batch 63
2026-01-23 03:33:06,646 [INFO] [Rank 1] Starting Batch 63
2026-01-23 03:33:06,646 [INFO] [Rank 0] Batch 63: Training Step Start
2026-01-23 03:33:06,712 [INFO] [Rank 1] Batch 63: Training Step Start
2026-01-23 03:33:06,730 [INFO] [Rank 0] Batch 63: Forward Start
2026-01-23 03:33:06,745 [INFO] [Rank 1] Batch 63: Forward Start
2026-01-23 03:33:06,864 [INFO] [Rank 0] Batch 63: Forward End (0.102s)
2026-01-23 03:33:06,895 [INFO] [Rank 1] Batch 63: Forward End (0.102s)
2026-01-23 03:33:07,032 [DEBUG] [Profile] batch_gap: 202.5ms, forward: 102.3ms, GPU_mem: 32.8GB (avg over 4 steps)
2026-01-23 03:33:07,063 [DEBUG] [Profile] batch_gap: 226.3ms, forward: 102.4ms, GPU_mem: 32.8GB (avg over 4 steps)
2026-01-23 03:33:07,097 [INFO] [Rank 0] Batch 63: Returning Loss
2026-01-23 03:33:07,117 [INFO] [Rank 1] Batch 63: Returning Loss
2026-01-23 03:33:07,134 [INFO] [Rank 0] Backward Pass - Start (DDP Sync happens here)
2026-01-23 03:33:07,152 [INFO] [Rank 1] Backward Pass - Start (DDP Sync happens here)
2026-01-23 03:33:07,760 [INFO] [Rank 1] Backward Pass - End
2026-01-23 03:33:07,760 [INFO] [Rank 0] Backward Pass - End
2026-01-23 03:33:07,944 [INFO] [Rank 1] Optimizer Step - Start
2026-01-23 03:33:07,967 [INFO] [Rank 0] Optimizer Step - Start
2026-01-23 03:33:08,154 [INFO] [Rank 0] Finished Batch 63
2026-01-23 03:33:08,154 [INFO] [Rank 1] Finished Batch 63
2026-01-23 03:33:08,173 [INFO] [Rank 0] Starting Batch 64
2026-01-23 03:33:08,200 [INFO] [Rank 1] Starting Batch 64
2026-01-23 03:33:08,217 [INFO] [Rank 0] Batch 64: Training Step Start
2026-01-23 03:33:08,232 [INFO] [Rank 1] Batch 64: Training Step Start
2026-01-23 03:33:08,242 [INFO] [Rank 0] Batch 64: Forward Start
2026-01-23 03:33:08,313 [INFO] [Rank 1] Batch 64: Forward Start
2026-01-23 03:33:08,430 [INFO] [Rank 0] Batch 64: Forward End (0.102s)
2026-01-23 03:33:08,447 [INFO] [Rank 1] Batch 64: Forward End (0.102s)
2026-01-23 03:33:08,453 [INFO] [Rank 0] Batch 64: Returning Loss
2026-01-23 03:33:08,512 [INFO] [Rank 1] Batch 64: Returning Loss
2026-01-23 03:33:08,534 [INFO] [Rank 0] Optimizer Step (Zero Grad) - Start
2026-01-23 03:33:08,555 [INFO] [Rank 1] Optimizer Step (Zero Grad) - Start
2026-01-23 03:33:08,570 [INFO] [Rank 0] Backward Pass - Start (DDP Sync happens here)
2026-01-23 03:33:08,581 [INFO] [Rank 1] Backward Pass - Start (DDP Sync happens here)
2026-01-23 03:33:09,078 [INFO] [Rank 0] Backward Pass - End
2026-01-23 03:33:09,094 [INFO] [Rank 1] Backward Pass - End
2026-01-23 03:33:09,406 [INFO] [Rank 0] Finished Batch 64
2026-01-23 03:33:09,406 [INFO] [Rank 1] Finished Batch 64
2026-01-23 03:33:09,425 [INFO] [Rank 0] Starting Batch 65
2026-01-23 03:33:09,441 [INFO] [Rank 1] Starting Batch 65
2026-01-23 03:33:09,456 [INFO] [Rank 0] Batch 65: Training Step Start
2026-01-23 03:33:09,470 [INFO] [Rank 1] Batch 65: Training Step Start
2026-01-23 03:33:09,486 [INFO] [Rank 0] Batch 65: Forward Start
2026-01-23 03:33:09,498 [INFO] [Rank 1] Batch 65: Forward Start
2026-01-23 03:33:09,677 [INFO] [Rank 0] Batch 65: Forward End (0.102s)
2026-01-23 03:33:09,698 [INFO] [Rank 1] Batch 65: Forward End (0.102s)
2026-01-23 03:33:09,759 [INFO] [Rank 0] Batch 65: Returning Loss
2026-01-23 03:33:09,778 [INFO] [Rank 1] Batch 65: Returning Loss
2026-01-23 03:33:09,790 [INFO] [Rank 0] Backward Pass - Start (DDP Sync happens here)
2026-01-23 03:33:09,806 [INFO] [Rank 1] Backward Pass - Start (DDP Sync happens here)
2026-01-23 03:33:09,938 [INFO] [Worker 0] Yielded sample 1600 from /storage/slurm/hunecke/fakesync/data/voxceleb2/preprocessed/shards_train/shard_0034.pt
2026-01-23 03:33:09,939 [INFO] [Worker 0] Yielded sample 1600 from /storage/slurm/hunecke/fakesync/data/voxceleb2/preprocessed/shards_train/shard_0161.pt
2026-01-23 03:33:10,255 [INFO] [Rank 0] Backward Pass - End
2026-01-23 03:33:10,276 [INFO] [Rank 1] Backward Pass - End
2026-01-23 03:33:10,443 [INFO] [Rank 0] Finished Batch 65
2026-01-23 03:33:10,444 [INFO] [Rank 1] Finished Batch 65
2026-01-23 03:33:10,514 [INFO] [Rank 0] Starting Batch 66
2026-01-23 03:33:10,538 [INFO] [Rank 1] Starting Batch 66
2026-01-23 03:33:10,552 [INFO] [Rank 0] Batch 66: Training Step Start
2026-01-23 03:33:10,570 [INFO] [Rank 1] Batch 66: Training Step Start
2026-01-23 03:33:10,591 [INFO] [Rank 0] Batch 66: Forward Start
2026-01-23 03:33:10,652 [INFO] [Rank 1] Batch 66: Forward Start
2026-01-23 03:33:10,772 [INFO] [Rank 0] Batch 66: Forward End (0.102s)
2026-01-23 03:33:10,791 [INFO] [Rank 1] Batch 66: Forward End (0.102s)
2026-01-23 03:33:10,793 [INFO] [Rank 0] Batch 66: Returning Loss
2026-01-23 03:33:10,813 [INFO] [Rank 1] Batch 66: Returning Loss
2026-01-23 03:33:10,877 [INFO] [Rank 0] Backward Pass - Start (DDP Sync happens here)
2026-01-23 03:33:10,898 [INFO] [Rank 1] Backward Pass - Start (DDP Sync happens here)
2026-01-23 03:33:11,350 [INFO] [Rank 0] Backward Pass - End
2026-01-23 03:33:11,383 [INFO] [Rank 1] Backward Pass - End
2026-01-23 03:33:11,690 [INFO] [Rank 0] Finished Batch 66
2026-01-23 03:33:11,690 [INFO] [Rank 1] Finished Batch 66
2026-01-23 03:33:11,719 [INFO] [Rank 0] Starting Batch 67
2026-01-23 03:33:11,745 [INFO] [Rank 1] Starting Batch 67
2026-01-23 03:33:11,760 [INFO] [Rank 0] Batch 67: Training Step Start
2026-01-23 03:33:11,777 [INFO] [Rank 1] Batch 67: Training Step Start
2026-01-23 03:33:11,832 [INFO] [Rank 0] Batch 67: Forward Start
2026-01-23 03:33:11,854 [INFO] [Rank 1] Batch 67: Forward Start
2026-01-23 03:33:11,977 [INFO] [Rank 0] Batch 67: Forward End (0.102s)
2026-01-23 03:33:11,989 [INFO] [Rank 1] Batch 67: Forward End (0.102s)
2026-01-23 03:33:12,145 [DEBUG] [Profile] batch_gap: 72.6ms, forward: 102.3ms, GPU_mem: 32.8GB (avg over 4 steps)
2026-01-23 03:33:12,157 [DEBUG] [Profile] batch_gap: 88.4ms, forward: 102.2ms, GPU_mem: 32.8GB (avg over 4 steps)
2026-01-23 03:33:12,169 [INFO] [Rank 0] Batch 67: Returning Loss
2026-01-23 03:33:12,184 [INFO] [Rank 1] Batch 67: Returning Loss
2026-01-23 03:33:12,202 [INFO] [Rank 0] Backward Pass - Start (DDP Sync happens here)
2026-01-23 03:33:12,219 [INFO] [Rank 1] Backward Pass - Start (DDP Sync happens here)
2026-01-23 03:33:12,647 [INFO] [Rank 0] Backward Pass - End
2026-01-23 03:33:12,668 [INFO] [Rank 1] Backward Pass - End
2026-01-23 03:33:12,930 [INFO] [Rank 0] Finished Batch 67
2026-01-23 03:33:12,930 [INFO] [Rank 1] Finished Batch 67
2026-01-23 03:33:12,953 [INFO] [Rank 0] Starting Batch 68
2026-01-23 03:33:13,006 [INFO] [Rank 1] Starting Batch 68
2026-01-23 03:33:13,040 [INFO] [Rank 0] Batch 68: Training Step Start
2026-01-23 03:33:13,060 [INFO] [Rank 1] Batch 68: Training Step Start
2026-01-23 03:33:13,077 [INFO] [Rank 0] Batch 68: Forward Start
2026-01-23 03:33:13,088 [INFO] [Rank 1] Batch 68: Forward Start
2026-01-23 03:33:13,243 [INFO] [Rank 0] Batch 68: Forward End (0.102s)
2026-01-23 03:33:13,261 [INFO] [Rank 1] Batch 68: Forward End (0.102s)
2026-01-23 03:33:13,270 [INFO] [Rank 0] Batch 68: Returning Loss
2026-01-23 03:33:13,284 [INFO] [Rank 1] Batch 68: Returning Loss
2026-01-23 03:33:13,296 [INFO] [Rank 0] Backward Pass - Start (DDP Sync happens here)
2026-01-23 03:33:13,311 [INFO] [Rank 1] Backward Pass - Start (DDP Sync happens here)
2026-01-23 03:33:13,821 [INFO] [Rank 0] Backward Pass - End
2026-01-23 03:33:13,839 [INFO] [Rank 1] Backward Pass - End
2026-01-23 03:33:14,257 [INFO] [Rank 0] Finished Batch 68
2026-01-23 03:33:14,258 [INFO] [Rank 1] Finished Batch 68
2026-01-23 03:33:14,278 [INFO] [Rank 0] Starting Batch 69
2026-01-23 03:33:14,295 [INFO] [Rank 1] Starting Batch 69
2026-01-23 03:33:14,369 [INFO] [Rank 0] Batch 69: Training Step Start
2026-01-23 03:33:14,385 [INFO] [Rank 1] Batch 69: Training Step Start
2026-01-23 03:33:14,457 [INFO] [Rank 0] Batch 69: Forward Start
2026-01-23 03:33:14,475 [INFO] [Rank 1] Batch 69: Forward Start
2026-01-23 03:33:14,634 [INFO] [Rank 0] Batch 69: Forward End (0.102s)
2026-01-23 03:33:14,650 [INFO] [Rank 1] Batch 69: Forward End (0.102s)
2026-01-23 03:33:14,669 [INFO] [Rank 0] Batch 69: Returning Loss
2026-01-23 03:33:14,686 [INFO] [Rank 1] Batch 69: Returning Loss
2026-01-23 03:33:14,698 [INFO] [Rank 0] Backward Pass - Start (DDP Sync happens here)
2026-01-23 03:33:14,721 [INFO] [Rank 1] Backward Pass - Start (DDP Sync happens here)
2026-01-23 03:33:15,212 [INFO] [Rank 0] Backward Pass - End
2026-01-23 03:33:15,228 [INFO] [Rank 1] Backward Pass - End
2026-01-23 03:33:15,429 [INFO] [Rank 0] Finished Batch 69
2026-01-23 03:33:15,429 [INFO] [Rank 1] Finished Batch 69
2026-01-23 03:33:15,444 [INFO] [Rank 0] Starting Batch 70
2026-01-23 03:33:15,468 [INFO] [Rank 1] Starting Batch 70
2026-01-23 03:33:15,483 [INFO] [Rank 0] Batch 70: Training Step Start
2026-01-23 03:33:15,502 [INFO] [Rank 1] Batch 70: Training Step Start
2026-01-23 03:33:15,517 [INFO] [Rank 0] Batch 70: Forward Start
2026-01-23 03:33:15,533 [INFO] [Rank 1] Batch 70: Forward Start
2026-01-23 03:33:15,657 [INFO] [Rank 0] Batch 70: Forward End (0.102s)
2026-01-23 03:33:15,671 [INFO] [Rank 1] Batch 70: Forward End (0.102s)
2026-01-23 03:33:15,681 [INFO] [Rank 0] Batch 70: Returning Loss
2026-01-23 03:33:15,732 [INFO] [Rank 1] Batch 70: Returning Loss
2026-01-23 03:33:15,751 [INFO] [Rank 0] Backward Pass - Start (DDP Sync happens here)
2026-01-23 03:33:15,762 [INFO] [Rank 1] Backward Pass - Start (DDP Sync happens here)
2026-01-23 03:33:16,034 [INFO] [Worker 0] Yielded sample 1700 from /storage/slurm/hunecke/fakesync/data/voxceleb2/preprocessed/shards_train/shard_0161.pt
2026-01-23 03:33:16,039 [INFO] [Worker 0] Yielded sample 1700 from /storage/slurm/hunecke/fakesync/data/voxceleb2/preprocessed/shards_train/shard_0034.pt
2026-01-23 03:33:16,235 [INFO] [Rank 0] Backward Pass - End
2026-01-23 03:33:16,248 [INFO] [Rank 1] Backward Pass - End
2026-01-23 03:33:16,358 [INFO] [Rank 0] Finished Batch 70
2026-01-23 03:33:16,359 [INFO] [Rank 1] Finished Batch 70
2026-01-23 03:33:16,504 [INFO] [Rank 0] Starting Batch 71
2026-01-23 03:33:16,550 [INFO] [Rank 1] Starting Batch 71
2026-01-23 03:33:16,571 [INFO] [Rank 0] Batch 71: Training Step Start
2026-01-23 03:33:16,590 [INFO] [Rank 1] Batch 71: Training Step Start
2026-01-23 03:33:16,650 [INFO] [Rank 0] Batch 71: Forward Start
2026-01-23 03:33:16,667 [INFO] [Rank 1] Batch 71: Forward Start
2026-01-23 03:33:16,784 [INFO] [Rank 0] Batch 71: Forward End (0.102s)
2026-01-23 03:33:16,795 [INFO] [Rank 1] Batch 71: Forward End (0.102s)
2026-01-23 03:33:16,951 [DEBUG] [Profile] batch_gap: 121.5ms, forward: 102.3ms, GPU_mem: 32.8GB (avg over 4 steps)
2026-01-23 03:33:16,963 [DEBUG] [Profile] batch_gap: 139.7ms, forward: 102.2ms, GPU_mem: 32.8GB (avg over 4 steps)
2026-01-23 03:33:16,972 [INFO] [Rank 0] Batch 71: Returning Loss
2026-01-23 03:33:16,993 [INFO] [Rank 1] Batch 71: Returning Loss
2026-01-23 03:33:17,008 [INFO] [Rank 0] Backward Pass - Start (DDP Sync happens here)
2026-01-23 03:33:17,026 [INFO] [Rank 1] Backward Pass - Start (DDP Sync happens here)
2026-01-23 03:33:17,637 [INFO] [Rank 0] Backward Pass - End
2026-01-23 03:33:17,638 [INFO] [Rank 1] Backward Pass - End
2026-01-23 03:33:17,793 [INFO] [Rank 0] Optimizer Step - Start
2026-01-23 03:33:17,812 [INFO] [Rank 1] Optimizer Step - Start
2026-01-23 03:33:17,914 [INFO] [Rank 0] Finished Batch 71
2026-01-23 03:33:17,914 [INFO] [Rank 1] Finished Batch 71
2026-01-23 03:33:17,932 [INFO] [Rank 0] Starting Batch 72
2026-01-23 03:33:17,949 [INFO] [Rank 1] Starting Batch 72
2026-01-23 03:33:18,063 [INFO] [Rank 0] Batch 72: Training Step Start
2026-01-23 03:33:18,083 [INFO] [Rank 1] Batch 72: Training Step Start
2026-01-23 03:33:18,094 [INFO] [Rank 0] Batch 72: Forward Start
2026-01-23 03:33:18,134 [INFO] [Rank 1] Batch 72: Forward Start
2026-01-23 03:33:18,267 [INFO] [Rank 0] Batch 72: Forward End (0.102s)
2026-01-23 03:33:18,287 [INFO] [Rank 1] Batch 72: Forward End (0.102s)
2026-01-23 03:33:18,297 [INFO] [Rank 0] Batch 72: Returning Loss
2026-01-23 03:33:18,369 [INFO] [Rank 1] Batch 72: Returning Loss
2026-01-23 03:33:18,383 [INFO] [Rank 0] Optimizer Step (Zero Grad) - Start
2026-01-23 03:33:18,401 [INFO] [Rank 1] Optimizer Step (Zero Grad) - Start
2026-01-23 03:33:18,415 [INFO] [Rank 0] Backward Pass - Start (DDP Sync happens here)
2026-01-23 03:33:18,443 [INFO] [Rank 1] Backward Pass - Start (DDP Sync happens here)
2026-01-23 03:33:18,868 [INFO] [Rank 0] Backward Pass - End
2026-01-23 03:33:18,888 [INFO] [Rank 1] Backward Pass - End
2026-01-23 03:33:19,125 [INFO] [Rank 0] Finished Batch 72
2026-01-23 03:33:19,126 [INFO] [Rank 1] Finished Batch 72
2026-01-23 03:33:19,147 [INFO] [Rank 0] Starting Batch 73
2026-01-23 03:33:19,161 [INFO] [Rank 1] Starting Batch 73
2026-01-23 03:33:19,180 [INFO] [Rank 0] Batch 73: Training Step Start
2026-01-23 03:33:19,194 [INFO] [Rank 1] Batch 73: Training Step Start
2026-01-23 03:33:19,270 [INFO] [Rank 0] Batch 73: Forward Start
2026-01-23 03:33:19,291 [INFO] [Rank 1] Batch 73: Forward Start
2026-01-23 03:33:19,405 [INFO] [Rank 0] Batch 73: Forward End (0.102s)
2026-01-23 03:33:19,423 [INFO] [Rank 0] Batch 73: Returning Loss
2026-01-23 03:33:19,440 [INFO] [Rank 0] Backward Pass - Start (DDP Sync happens here)
2026-01-23 03:33:19,463 [INFO] [Rank 1] Batch 73: Forward End (0.102s)
2026-01-23 03:33:19,489 [INFO] [Rank 1] Batch 73: Returning Loss
2026-01-23 03:33:19,565 [INFO] [Rank 1] Backward Pass - Start (DDP Sync happens here)
2026-01-23 03:33:19,984 [INFO] [Rank 0] Backward Pass - End
2026-01-23 03:33:20,041 [INFO] [Rank 1] Backward Pass - End
2026-01-23 03:33:20,421 [INFO] [Rank 0] Finished Batch 73
2026-01-23 03:33:20,422 [INFO] [Rank 1] Finished Batch 73
2026-01-23 03:33:20,437 [INFO] [Rank 0] Starting Batch 74
2026-01-23 03:33:20,451 [INFO] [Rank 1] Starting Batch 74
2026-01-23 03:33:20,467 [INFO] [Rank 0] Batch 74: Training Step Start
2026-01-23 03:33:20,547 [INFO] [Rank 1] Batch 74: Training Step Start
2026-01-23 03:33:20,561 [INFO] [Rank 0] Batch 74: Forward Start
2026-01-23 03:33:20,577 [INFO] [Rank 1] Batch 74: Forward Start
2026-01-23 03:33:20,693 [INFO] [Rank 0] Batch 74: Forward End (0.102s)
2026-01-23 03:33:20,709 [INFO] [Rank 1] Batch 74: Forward End (0.102s)
2026-01-23 03:33:20,723 [INFO] [Rank 0] Batch 74: Returning Loss
2026-01-23 03:33:20,737 [INFO] [Rank 1] Batch 74: Returning Loss
2026-01-23 03:33:20,748 [INFO] [Rank 0] Backward Pass - Start (DDP Sync happens here)
2026-01-23 03:33:20,849 [INFO] [Rank 1] Backward Pass - Start (DDP Sync happens here)
2026-01-23 03:33:21,281 [INFO] [Rank 0] Backward Pass - End
2026-01-23 03:33:21,330 [INFO] [Rank 1] Backward Pass - End
2026-01-23 03:33:21,604 [INFO] [Rank 0] Finished Batch 74
2026-01-23 03:33:21,605 [INFO] [Rank 1] Finished Batch 74
2026-01-23 03:33:21,631 [INFO] [Rank 0] Starting Batch 75
2026-01-23 03:33:21,646 [INFO] [Rank 1] Starting Batch 75
2026-01-23 03:33:21,715 [INFO] [Rank 0] Batch 75: Training Step Start
2026-01-23 03:33:21,774 [INFO] [Rank 1] Batch 75: Training Step Start
2026-01-23 03:33:21,793 [INFO] [Rank 0] Batch 75: Forward Start
2026-01-23 03:33:21,810 [INFO] [Rank 1] Batch 75: Forward Start
2026-01-23 03:33:21,926 [INFO] [Rank 0] Batch 75: Forward End (0.102s)
2026-01-23 03:33:21,946 [INFO] [Rank 1] Batch 75: Forward End (0.102s)
2026-01-23 03:33:22,094 [DEBUG] [Profile] batch_gap: 89.3ms, forward: 102.2ms, GPU_mem: 32.8GB (avg over 4 steps)
2026-01-23 03:33:22,109 [INFO] [Rank 0] Batch 75: Returning Loss
2026-01-23 03:33:22,114 [DEBUG] [Profile] batch_gap: 132.4ms, forward: 102.2ms, GPU_mem: 32.8GB (avg over 4 steps)
2026-01-23 03:33:22,128 [INFO] [Rank 0] Backward Pass - Start (DDP Sync happens here)
2026-01-23 03:33:22,157 [INFO] [Rank 1] Batch 75: Returning Loss
2026-01-23 03:33:22,200 [INFO] [Rank 1] Backward Pass - Start (DDP Sync happens here)
2026-01-23 03:33:22,592 [INFO] [Rank 0] Backward Pass - End
2026-01-23 03:33:22,629 [INFO] [Rank 1] Backward Pass - End
2026-01-23 03:33:23,074 [INFO] [Rank 0] Finished Batch 75
2026-01-23 03:33:23,075 [INFO] [Rank 1] Finished Batch 75
2026-01-23 03:33:23,090 [INFO] [Rank 0] Starting Batch 76
2026-01-23 03:33:23,111 [INFO] [Rank 1] Starting Batch 76
2026-01-23 03:33:23,139 [INFO] [Rank 0] Batch 76: Training Step Start
2026-01-23 03:33:23,161 [INFO] [Rank 1] Batch 76: Training Step Start
2026-01-23 03:33:23,219 [INFO] [Rank 0] Batch 76: Forward Start
2026-01-23 03:33:23,239 [INFO] [Rank 1] Batch 76: Forward Start
2026-01-23 03:33:23,360 [INFO] [Rank 0] Batch 76: Forward End (0.102s)
2026-01-23 03:33:23,381 [INFO] [Rank 1] Batch 76: Forward End (0.103s)
2026-01-23 03:33:23,397 [INFO] [Rank 0] Batch 76: Returning Loss
2026-01-23 03:33:23,411 [INFO] [Rank 1] Batch 76: Returning Loss
2026-01-23 03:33:23,423 [INFO] [Rank 0] Backward Pass - Start (DDP Sync happens here)
2026-01-23 03:33:23,488 [INFO] [Rank 1] Backward Pass - Start (DDP Sync happens here)
2026-01-23 03:33:23,938 [INFO] [Rank 0] Backward Pass - End
2026-01-23 03:33:23,958 [INFO] [Rank 1] Backward Pass - End
2026-01-23 03:33:24,154 [INFO] [Rank 0] Finished Batch 76
2026-01-23 03:33:24,155 [INFO] [Rank 1] Finished Batch 76
2026-01-23 03:33:24,170 [INFO] [Rank 0] Starting Batch 77
2026-01-23 03:33:24,185 [INFO] [Rank 1] Starting Batch 77
2026-01-23 03:33:24,198 [INFO] [Rank 0] Batch 77: Training Step Start
2026-01-23 03:33:24,220 [INFO] [Rank 1] Batch 77: Training Step Start
2026-01-23 03:33:24,230 [INFO] [Rank 0] Batch 77: Forward Start
2026-01-23 03:33:24,253 [INFO] [Rank 1] Batch 77: Forward Start
2026-01-23 03:33:24,372 [INFO] [Rank 0] Batch 77: Forward End (0.102s)
2026-01-23 03:33:24,398 [INFO] [Rank 0] Batch 77: Returning Loss
2026-01-23 03:33:24,449 [INFO] [Rank 1] Batch 77: Forward End (0.102s)
2026-01-23 03:33:24,459 [INFO] [Rank 0] Backward Pass - Start (DDP Sync happens here)
2026-01-23 03:33:24,482 [INFO] [Rank 1] Batch 77: Returning Loss
2026-01-23 03:33:24,557 [INFO] [Rank 1] Backward Pass - Start (DDP Sync happens here)
2026-01-23 03:33:24,950 [INFO] [Rank 0] Backward Pass - End
2026-01-23 03:33:25,027 [INFO] [Rank 1] Backward Pass - End
2026-01-23 03:33:25,297 [INFO] [Rank 0] Finished Batch 77
2026-01-23 03:33:25,299 [INFO] [Rank 1] Finished Batch 77
2026-01-23 03:33:25,373 [INFO] [Rank 0] Starting Batch 78
2026-01-23 03:33:25,393 [INFO] [Rank 1] Starting Batch 78
2026-01-23 03:33:25,413 [INFO] [Rank 0] Batch 78: Training Step Start
2026-01-23 03:33:25,458 [INFO] [Rank 1] Batch 78: Training Step Start
2026-01-23 03:33:25,522 [INFO] [Rank 0] Batch 78: Forward Start
2026-01-23 03:33:25,544 [INFO] [Rank 1] Batch 78: Forward Start
2026-01-23 03:33:25,698 [INFO] [Rank 0] Batch 78: Forward End (0.102s)
2026-01-23 03:33:25,721 [INFO] [Rank 1] Batch 78: Forward End (0.102s)
2026-01-23 03:33:25,722 [INFO] [Rank 0] Batch 78: Returning Loss
2026-01-23 03:33:25,741 [INFO] [Rank 1] Batch 78: Returning Loss
2026-01-23 03:33:25,749 [INFO] [Rank 0] Backward Pass - Start (DDP Sync happens here)
2026-01-23 03:33:25,770 [INFO] [Rank 1] Backward Pass - Start (DDP Sync happens here)
2026-01-23 03:33:26,276 [INFO] [Rank 0] Backward Pass - End
2026-01-23 03:33:26,299 [INFO] [Rank 1] Backward Pass - End
2026-01-23 03:33:26,624 [INFO] [Rank 0] Finished Batch 78
2026-01-23 03:33:26,624 [INFO] [Rank 1] Finished Batch 78
2026-01-23 03:33:26,641 [INFO] [Rank 0] Starting Batch 79
2026-01-23 03:33:26,698 [INFO] [Rank 1] Starting Batch 79
2026-01-23 03:33:26,718 [INFO] [Rank 0] Batch 79: Training Step Start
2026-01-23 03:33:26,740 [INFO] [Rank 1] Batch 79: Training Step Start
2026-01-23 03:33:26,756 [INFO] [Rank 0] Batch 79: Forward Start
2026-01-23 03:33:26,836 [INFO] [Rank 1] Batch 79: Forward Start
2026-01-23 03:33:26,977 [INFO] [Rank 0] Batch 79: Forward End (0.104s)
2026-01-23 03:33:26,995 [INFO] [Rank 1] Batch 79: Forward End (0.104s)
2026-01-23 03:33:27,144 [DEBUG] [Profile] batch_gap: 78.9ms, forward: 102.5ms, GPU_mem: 32.8GB (avg over 4 steps)
2026-01-23 03:33:27,162 [DEBUG] [Profile] batch_gap: 105.9ms, forward: 102.7ms, GPU_mem: 32.8GB (avg over 4 steps)
2026-01-23 03:33:27,210 [INFO] [Rank 0] Batch 79: Returning Loss
2026-01-23 03:33:27,224 [INFO] [Rank 1] Batch 79: Returning Loss
2026-01-23 03:33:27,244 [INFO] [Rank 0] Backward Pass - Start (DDP Sync happens here)
2026-01-23 03:33:27,259 [INFO] [Rank 1] Backward Pass - Start (DDP Sync happens here)
2026-01-23 03:33:27,868 [INFO] [Rank 1] Backward Pass - End
2026-01-23 03:33:27,869 [INFO] [Rank 0] Backward Pass - End
2026-01-23 03:33:27,898 [INFO] [Rank 1] Optimizer Step - Start
2026-01-23 03:33:27,913 [INFO] [Rank 0] Optimizer Step - Start
2026-01-23 03:33:28,108 [INFO] [Rank 0] Finished Batch 79
2026-01-23 03:33:28,108 [INFO] [Rank 1] Finished Batch 79
2026-01-23 03:33:28,130 [INFO] [Rank 0] Starting Batch 80
2026-01-23 03:33:28,151 [INFO] [Rank 1] Starting Batch 80
2026-01-23 03:33:28,163 [INFO] [Rank 0] Batch 80: Training Step Start
2026-01-23 03:33:28,164 [INFO] [Worker 0] Yielded sample 1800 from /storage/slurm/hunecke/fakesync/data/voxceleb2/preprocessed/shards_train/shard_0034.pt
2026-01-23 03:33:28,179 [INFO] [Rank 1] Batch 80: Training Step Start
2026-01-23 03:33:28,185 [INFO] [Worker 0] Yielded sample 1800 from /storage/slurm/hunecke/fakesync/data/voxceleb2/preprocessed/shards_train/shard_0161.pt
2026-01-23 03:33:28,240 [INFO] [Rank 0] Batch 80: Forward Start
2026-01-23 03:33:28,292 [INFO] [Rank 1] Batch 80: Forward Start
2026-01-23 03:33:28,436 [INFO] [Rank 0] Batch 80: Forward End (0.102s)
2026-01-23 03:33:28,452 [INFO] [Rank 0] Batch 80: Returning Loss
2026-01-23 03:33:28,454 [INFO] [Rank 1] Batch 80: Forward End (0.102s)
2026-01-23 03:33:28,471 [INFO] [Rank 0] Optimizer Step (Zero Grad) - Start
2026-01-23 03:33:28,500 [INFO] [Rank 1] Batch 80: Returning Loss
2026-01-23 03:33:28,507 [INFO] [Rank 0] Backward Pass - Start (DDP Sync happens here)
2026-01-23 03:33:28,572 [INFO] [Rank 1] Optimizer Step (Zero Grad) - Start
2026-01-23 03:33:28,649 [INFO] [Rank 1] Backward Pass - Start (DDP Sync happens here)
2026-01-23 03:33:29,013 [INFO] [Rank 0] Backward Pass - End
2026-01-23 03:33:29,082 [INFO] [Rank 1] Backward Pass - End
2026-01-23 03:33:29,224 [INFO] [Rank 0] Finished Batch 80
2026-01-23 03:33:29,224 [INFO] [Rank 1] Finished Batch 80
2026-01-23 03:33:29,238 [INFO] [Rank 0] Starting Batch 81
2026-01-23 03:33:29,259 [INFO] [Rank 1] Starting Batch 81
2026-01-23 03:33:29,273 [INFO] [Rank 0] Batch 81: Training Step Start
2026-01-23 03:33:29,286 [INFO] [Rank 1] Batch 81: Training Step Start
2026-01-23 03:33:29,308 [INFO] [Rank 0] Batch 81: Forward Start
2026-01-23 03:33:29,325 [INFO] [Rank 1] Batch 81: Forward Start
2026-01-23 03:33:29,446 [INFO] [Rank 0] Batch 81: Forward End (0.103s)
2026-01-23 03:33:29,461 [INFO] [Rank 1] Batch 81: Forward End (0.102s)
2026-01-23 03:33:29,479 [INFO] [Rank 0] Batch 81: Returning Loss
2026-01-23 03:33:29,490 [INFO] [Rank 1] Batch 81: Returning Loss
2026-01-23 03:33:29,499 [INFO] [Rank 0] Backward Pass - Start (DDP Sync happens here)
2026-01-23 03:33:29,559 [INFO] [Rank 1] Backward Pass - Start (DDP Sync happens here)
2026-01-23 03:33:30,025 [INFO] [Rank 0] Backward Pass - End
2026-01-23 03:33:30,075 [INFO] [Rank 1] Backward Pass - End
2026-01-23 03:33:30,255 [INFO] [Rank 0] Finished Batch 81
2026-01-23 03:33:30,256 [INFO] [Rank 1] Finished Batch 81
2026-01-23 03:33:30,274 [INFO] [Rank 0] Starting Batch 82
2026-01-23 03:33:30,288 [INFO] [Rank 1] Starting Batch 82
2026-01-23 03:33:30,307 [INFO] [Rank 0] Batch 82: Training Step Start
2026-01-23 03:33:30,323 [INFO] [Rank 1] Batch 82: Training Step Start
2026-01-23 03:33:30,396 [INFO] [Rank 0] Batch 82: Forward Start
2026-01-23 03:33:30,415 [INFO] [Rank 1] Batch 82: Forward Start
2026-01-23 03:33:30,533 [INFO] [Rank 0] Batch 82: Forward End (0.102s)
2026-01-23 03:33:30,553 [INFO] [Rank 1] Batch 82: Forward End (0.102s)
2026-01-23 03:33:30,586 [INFO] [Rank 0] Batch 82: Returning Loss
2026-01-23 03:33:30,603 [INFO] [Rank 1] Batch 82: Returning Loss
2026-01-23 03:33:30,614 [INFO] [Rank 0] Backward Pass - Start (DDP Sync happens here)
2026-01-23 03:33:30,627 [INFO] [Rank 1] Backward Pass - Start (DDP Sync happens here)
2026-01-23 03:33:31,111 [INFO] [Rank 0] Backward Pass - End
2026-01-23 03:33:31,131 [INFO] [Rank 1] Backward Pass - End
2026-01-23 03:33:31,535 [INFO] [Rank 0] Finished Batch 82
2026-01-23 03:33:31,536 [INFO] [Rank 1] Finished Batch 82
2026-01-23 03:33:31,551 [INFO] [Rank 0] Starting Batch 83
2026-01-23 03:33:31,625 [INFO] [Rank 1] Starting Batch 83
2026-01-23 03:33:31,692 [INFO] [Rank 0] Batch 83: Training Step Start
2026-01-23 03:33:31,710 [INFO] [Rank 1] Batch 83: Training Step Start
2026-01-23 03:33:31,727 [INFO] [Rank 0] Batch 83: Forward Start
2026-01-23 03:33:31,793 [INFO] [Rank 1] Batch 83: Forward Start
2026-01-23 03:33:31,912 [INFO] [Rank 0] Batch 83: Forward End (0.102s)
2026-01-23 03:33:31,927 [INFO] [Rank 1] Batch 83: Forward End (0.102s)
2026-01-23 03:33:32,079 [DEBUG] [Profile] batch_gap: 77.7ms, forward: 102.3ms, GPU_mem: 32.8GB (avg over 4 steps)
2026-01-23 03:33:32,094 [INFO] [Rank 0] Batch 83: Returning Loss
2026-01-23 03:33:32,095 [DEBUG] [Profile] batch_gap: 93.0ms, forward: 102.1ms, GPU_mem: 32.8GB (avg over 4 steps)
2026-01-23 03:33:32,139 [INFO] [Rank 0] Backward Pass - Start (DDP Sync happens here)
2026-01-23 03:33:32,173 [INFO] [Rank 1] Batch 83: Returning Loss
2026-01-23 03:33:32,298 [INFO] [Rank 1] Backward Pass - Start (DDP Sync happens here)
2026-01-23 03:33:32,604 [INFO] [Rank 0] Backward Pass - End
2026-01-23 03:33:32,733 [INFO] [Rank 1] Backward Pass - End
2026-01-23 03:33:32,798 [INFO] [Rank 0] Finished Batch 83
2026-01-23 03:33:32,813 [INFO] [Rank 0] Starting Batch 84
2026-01-23 03:33:32,841 [INFO] [Rank 1] Finished Batch 83
2026-01-23 03:33:32,897 [INFO] [Rank 0] Batch 84: Training Step Start
2026-01-23 03:33:32,917 [INFO] [Rank 1] Starting Batch 84
2026-01-23 03:33:32,930 [INFO] [Rank 0] Batch 84: Forward Start
2026-01-23 03:33:32,950 [INFO] [Rank 1] Batch 84: Training Step Start
2026-01-23 03:33:32,991 [INFO] [Rank 1] Batch 84: Forward Start
2026-01-23 03:33:33,072 [INFO] [Rank 0] Batch 84: Forward End (0.102s)
2026-01-23 03:33:33,101 [INFO] [Rank 0] Batch 84: Returning Loss
2026-01-23 03:33:33,115 [INFO] [Rank 0] Backward Pass - Start (DDP Sync happens here)
2026-01-23 03:33:33,118 [INFO] [Rank 1] Batch 84: Forward End (0.102s)
2026-01-23 03:33:33,170 [INFO] [Rank 1] Batch 84: Returning Loss
2026-01-23 03:33:33,188 [INFO] [Rank 1] Backward Pass - Start (DDP Sync happens here)
2026-01-23 03:33:33,649 [INFO] [Rank 0] Backward Pass - End
2026-01-23 03:33:33,696 [INFO] [Rank 1] Backward Pass - End
2026-01-23 03:33:34,005 [INFO] [Rank 0] Finished Batch 84
2026-01-23 03:33:34,005 [INFO] [Rank 1] Finished Batch 84
2026-01-23 03:33:34,026 [INFO] [Rank 0] Starting Batch 85
2026-01-23 03:33:34,043 [INFO] [Rank 1] Starting Batch 85
2026-01-23 03:33:34,060 [INFO] [Rank 0] Batch 85: Training Step Start
2026-01-23 03:33:34,077 [INFO] [Rank 1] Batch 85: Training Step Start
2026-01-23 03:33:34,092 [INFO] [Rank 0] Batch 85: Forward Start
2026-01-23 03:33:34,110 [INFO] [Rank 1] Batch 85: Forward Start
2026-01-23 03:33:34,128 [INFO] [Worker 0] Yielded sample 1900 from /storage/slurm/hunecke/fakesync/data/voxceleb2/preprocessed/shards_train/shard_0034.pt
2026-01-23 03:33:34,143 [INFO] [Worker 0] Yielded sample 1900 from /storage/slurm/hunecke/fakesync/data/voxceleb2/preprocessed/shards_train/shard_0161.pt
2026-01-23 03:33:34,231 [INFO] [Rank 0] Batch 85: Forward End (0.102s)
2026-01-23 03:33:34,254 [INFO] [Rank 1] Batch 85: Forward End (0.102s)
2026-01-23 03:33:34,301 [INFO] [Rank 0] Batch 85: Returning Loss
2026-01-23 03:33:34,316 [INFO] [Rank 1] Batch 85: Returning Loss
2026-01-23 03:33:34,367 [INFO] [Rank 0] Backward Pass - Start (DDP Sync happens here)
2026-01-23 03:33:34,387 [INFO] [Rank 1] Backward Pass - Start (DDP Sync happens here)
2026-01-23 03:33:34,818 [INFO] [Rank 0] Backward Pass - End
2026-01-23 03:33:34,835 [INFO] [Rank 1] Backward Pass - End
2026-01-23 03:33:35,259 [INFO] [Rank 0] Finished Batch 85
2026-01-23 03:33:35,260 [INFO] [Rank 1] Finished Batch 85
2026-01-23 03:33:35,285 [INFO] [Rank 0] Starting Batch 86
2026-01-23 03:33:35,376 [INFO] [Rank 1] Starting Batch 86
2026-01-23 03:33:35,394 [INFO] [Rank 0] Batch 86: Training Step Start
2026-01-23 03:33:35,412 [INFO] [Rank 1] Batch 86: Training Step Start
2026-01-23 03:33:35,430 [INFO] [Rank 0] Batch 86: Forward Start
2026-01-23 03:33:35,455 [INFO] [Rank 1] Batch 86: Forward Start
2026-01-23 03:33:35,574 [INFO] [Rank 0] Batch 86: Forward End (0.104s)
2026-01-23 03:33:35,597 [INFO] [Rank 1] Batch 86: Forward End (0.105s)
2026-01-23 03:33:35,627 [INFO] [Rank 0] Batch 86: Returning Loss
2026-01-23 03:33:35,646 [INFO] [Rank 1] Batch 86: Returning Loss
2026-01-23 03:33:35,696 [INFO] [Rank 0] Backward Pass - Start (DDP Sync happens here)
2026-01-23 03:33:35,715 [INFO] [Rank 1] Backward Pass - Start (DDP Sync happens here)
2026-01-23 03:33:36,151 [INFO] [Rank 0] Backward Pass - End
2026-01-23 03:33:36,198 [INFO] [Rank 1] Backward Pass - End
2026-01-23 03:33:36,472 [INFO] [Rank 0] Finished Batch 86
2026-01-23 03:33:36,473 [INFO] [Rank 1] Finished Batch 86
2026-01-23 03:33:36,489 [INFO] [Rank 0] Starting Batch 87
2026-01-23 03:33:36,571 [INFO] [Rank 1] Starting Batch 87
2026-01-23 03:33:36,591 [INFO] [Rank 0] Batch 87: Training Step Start
2026-01-23 03:33:36,612 [INFO] [Rank 1] Batch 87: Training Step Start
2026-01-23 03:33:36,628 [INFO] [Rank 0] Batch 87: Forward Start
2026-01-23 03:33:36,687 [INFO] [Rank 1] Batch 87: Forward Start
2026-01-23 03:33:36,810 [INFO] [Rank 0] Batch 87: Forward End (0.104s)
2026-01-23 03:33:36,827 [INFO] [Rank 1] Batch 87: Forward End (0.105s)
2026-01-23 03:33:36,977 [DEBUG] [Profile] batch_gap: 101.4ms, forward: 103.0ms, GPU_mem: 32.8GB (avg over 4 steps)
2026-01-23 03:33:36,993 [DEBUG] [Profile] batch_gap: 117.3ms, forward: 103.5ms, GPU_mem: 32.8GB (avg over 4 steps)
2026-01-23 03:33:37,007 [INFO] [Rank 0] Batch 87: Returning Loss
2026-01-23 03:33:37,018 [INFO] [Rank 1] Batch 87: Returning Loss
2026-01-23 03:33:37,038 [INFO] [Rank 0] Backward Pass - Start (DDP Sync happens here)
2026-01-23 03:33:37,055 [INFO] [Rank 1] Backward Pass - Start (DDP Sync happens here)
2026-01-23 03:33:37,666 [INFO] [Rank 1] Backward Pass - End
2026-01-23 03:33:37,666 [INFO] [Rank 0] Backward Pass - End
2026-01-23 03:33:37,696 [INFO] [Rank 1] Optimizer Step - Start
2026-01-23 03:33:37,711 [INFO] [Rank 0] Optimizer Step - Start
2026-01-23 03:33:37,869 [INFO] [Rank 0] Finished Batch 87
2026-01-23 03:33:37,870 [INFO] [Rank 1] Finished Batch 87
2026-01-23 03:33:37,899 [INFO] [Rank 0] Starting Batch 88
2026-01-23 03:33:37,920 [INFO] [Rank 1] Starting Batch 88
2026-01-23 03:33:37,926 [INFO] [Rank 0] Batch 88: Training Step Start
2026-01-23 03:33:37,972 [INFO] [Rank 1] Batch 88: Training Step Start
2026-01-23 03:33:37,993 [INFO] [Rank 0] Batch 88: Forward Start
2026-01-23 03:33:38,028 [INFO] [Rank 1] Batch 88: Forward Start
2026-01-23 03:33:38,154 [INFO] [Rank 0] Batch 88: Forward End (0.102s)
2026-01-23 03:33:38,168 [INFO] [Rank 1] Batch 88: Forward End (0.102s)
2026-01-23 03:33:38,179 [INFO] [Rank 0] Batch 88: Returning Loss
2026-01-23 03:33:38,193 [INFO] [Rank 1] Batch 88: Returning Loss
2026-01-23 03:33:38,251 [INFO] [Rank 0] Optimizer Step (Zero Grad) - Start
2026-01-23 03:33:38,268 [INFO] [Rank 1] Optimizer Step (Zero Grad) - Start
2026-01-23 03:33:38,293 [INFO] [Rank 0] Backward Pass - Start (DDP Sync happens here)
2026-01-23 03:33:38,306 [INFO] [Rank 1] Backward Pass - Start (DDP Sync happens here)
2026-01-23 03:33:38,734 [INFO] [Rank 0] Backward Pass - End
2026-01-23 03:33:38,755 [INFO] [Rank 1] Backward Pass - End
2026-01-23 03:33:38,924 [INFO] [Rank 0] Finished Batch 88
2026-01-23 03:33:38,925 [INFO] [Rank 1] Finished Batch 88
2026-01-23 03:33:38,959 [INFO] [Rank 0] Starting Batch 89
2026-01-23 03:33:38,974 [INFO] [Rank 1] Starting Batch 89
2026-01-23 03:33:38,976 [INFO] [Rank 0] Batch 89: Training Step Start
2026-01-23 03:33:38,991 [INFO] [Rank 1] Batch 89: Training Step Start
2026-01-23 03:33:39,005 [INFO] [Rank 0] Batch 89: Forward Start
2026-01-23 03:33:39,024 [INFO] [Rank 1] Batch 89: Forward Start
2026-01-23 03:33:39,142 [INFO] [Rank 0] Batch 89: Forward End (0.104s)
2026-01-23 03:33:39,155 [INFO] [Rank 1] Batch 89: Forward End (0.104s)
2026-01-23 03:33:39,182 [INFO] [Rank 0] Batch 89: Returning Loss
2026-01-23 03:33:39,198 [INFO] [Rank 1] Batch 89: Returning Loss
2026-01-23 03:33:39,204 [INFO] [Rank 0] Backward Pass - Start (DDP Sync happens here)
2026-01-23 03:33:39,224 [INFO] [Rank 1] Backward Pass - Start (DDP Sync happens here)
2026-01-23 03:33:39,717 [INFO] [Rank 0] Backward Pass - End
2026-01-23 03:33:39,731 [INFO] [Rank 1] Backward Pass - End
2026-01-23 03:33:40,114 [INFO] [Rank 0] Finished Batch 89
2026-01-23 03:33:40,115 [INFO] [Rank 1] Finished Batch 89
2026-01-23 03:33:40,150 [INFO] [Rank 0] Starting Batch 90
2026-01-23 03:33:40,213 [INFO] [Rank 1] Starting Batch 90
2026-01-23 03:33:40,217 [INFO] [Rank 0] Batch 90: Training Step Start
2026-01-23 03:33:40,230 [INFO] [Rank 1] Batch 90: Training Step Start
2026-01-23 03:33:40,243 [INFO] [Rank 0] Batch 90: Forward Start
2026-01-23 03:33:40,302 [INFO] [Worker 0] Yielded sample 2000 from /storage/slurm/hunecke/fakesync/data/voxceleb2/preprocessed/shards_train/shard_0034.pt
2026-01-23 03:33:40,305 [INFO] [Rank 1] Batch 90: Forward Start
2026-01-23 03:33:40,369 [INFO] [Worker 0] Yielded sample 2000 from /storage/slurm/hunecke/fakesync/data/voxceleb2/preprocessed/shards_train/shard_0161.pt
2026-01-23 03:33:40,432 [INFO] [Rank 0] Batch 90: Forward End (0.104s)
2026-01-23 03:33:40,459 [INFO] [Rank 1] Batch 90: Forward End (0.105s)
2026-01-23 03:33:40,460 [INFO] [Rank 0] Batch 90: Returning Loss
2026-01-23 03:33:40,493 [INFO] [Rank 1] Batch 90: Returning Loss
2026-01-23 03:33:40,543 [INFO] [Rank 0] Backward Pass - Start (DDP Sync happens here)
2026-01-23 03:33:40,559 [INFO] [Rank 1] Backward Pass - Start (DDP Sync happens here)
2026-01-23 03:33:41,008 [INFO] [Rank 0] Backward Pass - End
2026-01-23 03:33:41,034 [INFO] [Rank 1] Backward Pass - End
2026-01-23 03:33:41,469 [INFO] [Rank 0] Finished Batch 90
2026-01-23 03:33:41,470 [INFO] [Rank 1] Finished Batch 90
2026-01-23 03:33:41,578 [INFO] [Rank 0] Starting Batch 91
2026-01-23 03:33:41,594 [INFO] [Rank 1] Starting Batch 91
2026-01-23 03:33:41,599 [INFO] [Rank 0] Batch 91: Training Step Start
2026-01-23 03:33:41,616 [INFO] [Rank 1] Batch 91: Training Step Start
2026-01-23 03:33:41,642 [INFO] [Rank 0] Batch 91: Forward Start
2026-01-23 03:33:41,667 [INFO] [Rank 1] Batch 91: Forward Start
2026-01-23 03:33:41,788 [INFO] [Rank 0] Batch 91: Forward End (0.104s)
2026-01-23 03:33:41,804 [INFO] [Rank 1] Batch 91: Forward End (0.105s)
2026-01-23 03:33:41,954 [DEBUG] [Profile] batch_gap: 84.5ms, forward: 103.7ms, GPU_mem: 32.8GB (avg over 4 steps)
2026-01-23 03:33:41,970 [DEBUG] [Profile] batch_gap: 106.9ms, forward: 103.8ms, GPU_mem: 32.8GB (avg over 4 steps)
2026-01-23 03:33:41,971 [INFO] [Rank 0] Batch 91: Returning Loss
2026-01-23 03:33:41,985 [INFO] [Rank 1] Batch 91: Returning Loss
2026-01-23 03:33:42,003 [INFO] [Rank 0] Backward Pass - Start (DDP Sync happens here)
2026-01-23 03:33:42,065 [INFO] [Rank 1] Backward Pass - Start (DDP Sync happens here)
2026-01-23 03:33:42,496 [INFO] [Rank 0] Backward Pass - End
2026-01-23 03:33:42,513 [INFO] [Rank 1] Backward Pass - End
2026-01-23 03:33:42,759 [INFO] [Rank 0] Finished Batch 91
2026-01-23 03:33:42,760 [INFO] [Rank 1] Finished Batch 91
2026-01-23 03:33:42,830 [INFO] [Rank 0] Starting Batch 92
2026-01-23 03:33:42,847 [INFO] [Rank 1] Starting Batch 92
2026-01-23 03:33:42,851 [INFO] [Rank 0] Batch 92: Training Step Start
2026-01-23 03:33:42,904 [INFO] [Rank 1] Batch 92: Training Step Start
2026-01-23 03:33:42,924 [INFO] [Rank 0] Batch 92: Forward Start
2026-01-23 03:33:42,938 [INFO] [Rank 1] Batch 92: Forward Start
2026-01-23 03:33:43,058 [INFO] [Rank 0] Batch 92: Forward End (0.102s)
2026-01-23 03:33:43,075 [INFO] [Rank 1] Batch 92: Forward End (0.102s)
2026-01-23 03:33:43,086 [INFO] [Rank 0] Batch 92: Returning Loss
2026-01-23 03:33:43,155 [INFO] [Rank 1] Batch 92: Returning Loss
2026-01-23 03:33:43,158 [INFO] [Rank 0] Backward Pass - Start (DDP Sync happens here)
2026-01-23 03:33:43,176 [INFO] [Rank 1] Backward Pass - Start (DDP Sync happens here)
2026-01-23 03:33:43,635 [INFO] [Rank 0] Backward Pass - End
2026-01-23 03:33:43,653 [INFO] [Rank 1] Backward Pass - End
2026-01-23 03:33:43,848 [INFO] [Rank 0] Finished Batch 92
2026-01-23 03:33:43,848 [INFO] [Rank 1] Finished Batch 92
2026-01-23 03:33:43,881 [INFO] [Rank 0] Starting Batch 93
2026-01-23 03:33:43,895 [INFO] [Rank 1] Starting Batch 93
2026-01-23 03:33:43,953 [INFO] [Rank 0] Batch 93: Training Step Start
2026-01-23 03:33:43,970 [INFO] [Rank 1] Batch 93: Training Step Start
2026-01-23 03:33:43,985 [INFO] [Rank 0] Batch 93: Forward Start
2026-01-23 03:33:43,999 [INFO] [Rank 1] Batch 93: Forward Start
2026-01-23 03:33:44,115 [INFO] [Rank 0] Batch 93: Forward End (0.102s)
2026-01-23 03:33:44,138 [INFO] [Rank 0] Batch 93: Returning Loss
2026-01-23 03:33:44,138 [INFO] [Rank 1] Batch 93: Forward End (0.102s)
2026-01-23 03:33:44,152 [INFO] [Rank 0] Backward Pass - Start (DDP Sync happens here)
2026-01-23 03:33:44,172 [INFO] [Rank 1] Batch 93: Returning Loss
2026-01-23 03:33:44,210 [INFO] [Rank 1] Backward Pass - Start (DDP Sync happens here)
2026-01-23 03:33:44,692 [INFO] [Rank 0] Backward Pass - End
2026-01-23 03:33:44,716 [INFO] [Rank 1] Backward Pass - End
2026-01-23 03:33:44,801 [INFO] [Rank 0] Finished Batch 93
2026-01-23 03:33:44,823 [INFO] [Rank 1] Finished Batch 93
2026-01-23 03:33:45,052 [INFO] [Rank 0] Starting Batch 94
2026-01-23 03:33:45,088 [INFO] [Rank 1] Starting Batch 94
2026-01-23 03:33:45,092 [INFO] [Rank 0] Batch 94: Training Step Start
2026-01-23 03:33:45,111 [INFO] [Rank 1] Batch 94: Training Step Start
2026-01-23 03:33:45,176 [INFO] [Rank 0] Batch 94: Forward Start
2026-01-23 03:33:45,198 [INFO] [Rank 1] Batch 94: Forward Start
2026-01-23 03:33:45,329 [INFO] [Rank 0] Batch 94: Forward End (0.102s)
2026-01-23 03:33:45,349 [INFO] [Rank 1] Batch 94: Forward End (0.102s)
2026-01-23 03:33:45,349 [INFO] [Rank 0] Batch 94: Returning Loss
2026-01-23 03:33:45,372 [INFO] [Rank 1] Batch 94: Returning Loss
2026-01-23 03:33:45,403 [INFO] [Rank 0] Backward Pass - Start (DDP Sync happens here)
2026-01-23 03:33:45,432 [INFO] [Rank 1] Backward Pass - Start (DDP Sync happens here)
2026-01-23 03:33:45,907 [INFO] [Rank 0] Backward Pass - End
2026-01-23 03:33:45,926 [INFO] [Rank 1] Backward Pass - End
2026-01-23 03:33:46,014 [INFO] [Rank 0] Finished Batch 94
2026-01-23 03:33:46,324 [INFO] [Rank 1] Finished Batch 94
2026-01-23 03:33:46,369 [INFO] [Rank 0] Starting Batch 95
2026-01-23 03:33:46,459 [INFO] [Rank 1] Starting Batch 95
2026-01-23 03:33:46,467 [INFO] [Rank 0] Batch 95: Training Step Start
2026-01-23 03:33:46,485 [INFO] [Rank 1] Batch 95: Training Step Start
2026-01-23 03:33:46,503 [INFO] [Rank 0] Batch 95: Forward Start
2026-01-23 03:33:46,522 [INFO] [Rank 1] Batch 95: Forward Start
2026-01-23 03:33:46,587 [INFO] [Worker 0] Yielded sample 2100 from /storage/slurm/hunecke/fakesync/data/voxceleb2/preprocessed/shards_train/shard_0034.pt
2026-01-23 03:33:46,639 [INFO] [Rank 0] Batch 95: Forward End (0.102s)
2026-01-23 03:33:46,677 [INFO] [Worker 0] Yielded sample 2100 from /storage/slurm/hunecke/fakesync/data/voxceleb2/preprocessed/shards_train/shard_0161.pt
2026-01-23 03:33:46,692 [INFO] [Rank 1] Batch 95: Forward End (0.102s)
2026-01-23 03:33:46,806 [DEBUG] [Profile] batch_gap: 234.8ms, forward: 102.3ms, GPU_mem: 32.8GB (avg over 4 steps)
2026-01-23 03:33:46,853 [INFO] [Rank 0] Batch 95: Returning Loss
2026-01-23 03:33:46,860 [DEBUG] [Profile] batch_gap: 178.2ms, forward: 102.1ms, GPU_mem: 32.8GB (avg over 4 steps)
2026-01-23 03:33:46,884 [INFO] [Rank 0] Backward Pass - Start (DDP Sync happens here)
2026-01-23 03:33:46,900 [INFO] [Rank 1] Batch 95: Returning Loss
2026-01-23 03:33:46,932 [INFO] [Rank 1] Backward Pass - Start (DDP Sync happens here)
2026-01-23 03:33:47,522 [INFO] [Rank 0] Backward Pass - End
2026-01-23 03:33:47,522 [INFO] [Rank 1] Backward Pass - End
2026-01-23 03:33:47,707 [INFO] [Rank 0] Optimizer Step - Start
2026-01-23 03:33:47,724 [INFO] [Rank 1] Optimizer Step - Start
2026-01-23 03:33:47,772 [INFO] [Rank 0] Finished Batch 95
2026-01-23 03:33:47,786 [INFO] [Rank 1] Finished Batch 95
2026-01-23 03:33:47,789 [INFO] [Rank 0] Starting Batch 96
2026-01-23 03:33:47,808 [INFO] [Rank 1] Starting Batch 96
2026-01-23 03:33:47,828 [INFO] [Rank 0] Batch 96: Training Step Start
2026-01-23 03:33:47,845 [INFO] [Rank 1] Batch 96: Training Step Start
2026-01-23 03:33:47,862 [INFO] [Rank 0] Batch 96: Forward Start
2026-01-23 03:33:47,878 [INFO] [Rank 1] Batch 96: Forward Start
2026-01-23 03:33:48,000 [INFO] [Rank 0] Batch 96: Forward End (0.102s)
2026-01-23 03:33:48,022 [INFO] [Rank 1] Batch 96: Forward End (0.102s)
2026-01-23 03:33:48,025 [INFO] [Rank 0] Batch 96: Returning Loss
2026-01-23 03:33:48,058 [INFO] [Rank 1] Batch 96: Returning Loss
2026-01-23 03:33:48,066 [INFO] [Rank 0] Optimizer Step (Zero Grad) - Start
2026-01-23 03:33:48,096 [INFO] [Rank 1] Optimizer Step (Zero Grad) - Start
2026-01-23 03:33:48,113 [INFO] [Rank 0] Backward Pass - Start (DDP Sync happens here)
2026-01-23 03:33:48,139 [INFO] [Rank 1] Backward Pass - Start (DDP Sync happens here)
2026-01-23 03:33:48,619 [INFO] [Rank 0] Backward Pass - End
2026-01-23 03:33:48,635 [INFO] [Rank 1] Backward Pass - End
2026-01-23 03:33:48,725 [INFO] [Rank 0] Finished Batch 96
2026-01-23 03:33:48,740 [INFO] [Rank 1] Finished Batch 96
2026-01-23 03:33:48,782 [INFO] [Rank 0] Starting Batch 97
2026-01-23 03:33:48,799 [INFO] [Rank 1] Starting Batch 97
2026-01-23 03:33:48,812 [INFO] [Rank 0] Batch 97: Training Step Start
2026-01-23 03:33:48,875 [INFO] [Rank 1] Batch 97: Training Step Start
2026-01-23 03:33:48,894 [INFO] [Rank 0] Batch 97: Forward Start
2026-01-23 03:33:48,908 [INFO] [Rank 1] Batch 97: Forward Start
2026-01-23 03:33:49,028 [INFO] [Rank 0] Batch 97: Forward End (0.102s)
2026-01-23 03:33:49,046 [INFO] [Rank 1] Batch 97: Forward End (0.102s)
2026-01-23 03:33:49,108 [INFO] [Rank 0] Batch 97: Returning Loss
2026-01-23 03:33:49,122 [INFO] [Rank 1] Batch 97: Returning Loss
2026-01-23 03:33:49,131 [INFO] [Rank 0] Backward Pass - Start (DDP Sync happens here)
2026-01-23 03:33:49,199 [INFO] [Rank 1] Backward Pass - Start (DDP Sync happens here)
2026-01-23 03:33:49,632 [INFO] [Rank 0] Backward Pass - End
2026-01-23 03:33:49,650 [INFO] [Rank 1] Backward Pass - End
2026-01-23 03:33:49,740 [INFO] [Rank 0] Finished Batch 97
2026-01-23 03:33:49,755 [INFO] [Rank 0] Starting Batch 98
2026-01-23 03:33:49,758 [INFO] [Rank 1] Finished Batch 97
2026-01-23 03:33:49,931 [INFO] [Rank 0] Batch 98: Training Step Start
2026-01-23 03:33:49,957 [INFO] [Rank 1] Starting Batch 98
2026-01-23 03:33:49,973 [INFO] [Rank 0] Batch 98: Forward Start
2026-01-23 03:33:50,059 [INFO] [Rank 1] Batch 98: Training Step Start
2026-01-23 03:33:50,092 [INFO] [Rank 1] Batch 98: Forward Start
2026-01-23 03:33:50,179 [INFO] [Rank 0] Batch 98: Forward End (0.102s)
2026-01-23 03:33:50,201 [INFO] [Rank 0] Batch 98: Returning Loss
2026-01-23 03:33:50,243 [INFO] [Rank 1] Batch 98: Forward End (0.102s)
2026-01-23 03:33:50,252 [INFO] [Rank 0] Backward Pass - Start (DDP Sync happens here)
2026-01-23 03:33:50,279 [INFO] [Rank 1] Batch 98: Returning Loss
2026-01-23 03:33:50,351 [INFO] [Rank 1] Backward Pass - Start (DDP Sync happens here)
2026-01-23 03:33:50,757 [INFO] [Rank 0] Backward Pass - End
2026-01-23 03:33:50,820 [INFO] [Rank 1] Backward Pass - End
2026-01-23 03:33:50,865 [INFO] [Rank 0] Finished Batch 98
2026-01-23 03:33:50,884 [INFO] [Rank 0] Starting Batch 99
2026-01-23 03:33:50,899 [INFO] [Rank 0] Batch 99: Training Step Start
2026-01-23 03:33:50,920 [INFO] [Rank 0] Batch 99: Forward Start
2026-01-23 03:33:50,927 [INFO] [Rank 1] Finished Batch 98
2026-01-23 03:33:51,297 [INFO] [Rank 1] Starting Batch 99
2026-01-23 03:33:51,323 [INFO] [Rank 0] Batch 99: Forward End (0.102s)
2026-01-23 03:33:51,327 [INFO] [Rank 1] Batch 99: Training Step Start
2026-01-23 03:33:51,376 [INFO] [Rank 1] Batch 99: Forward Start
2026-01-23 03:33:51,490 [DEBUG] [Profile] batch_gap: 91.8ms, forward: 102.1ms, GPU_mem: 32.8GB (avg over 4 steps)
2026-01-23 03:33:51,505 [INFO] [Rank 0] Batch 99: Returning Loss
2026-01-23 03:33:51,555 [INFO] [Rank 1] Batch 99: Forward End (0.102s)
2026-01-23 03:33:51,570 [INFO] [Rank 0] Backward Pass - Start (DDP Sync happens here)
2026-01-23 03:33:51,723 [DEBUG] [Profile] batch_gap: 223.3ms, forward: 102.2ms, GPU_mem: 32.8GB (avg over 4 steps)
2026-01-23 03:33:51,754 [INFO] [Rank 1] Batch 99: Returning Loss
2026-01-23 03:33:51,771 [INFO] [Rank 1] Backward Pass - Start (DDP Sync happens here)
2026-01-23 03:33:52,017 [INFO] [Rank 0] Backward Pass - End
2026-01-23 03:33:52,125 [INFO] [Rank 0] Finished Batch 99
2026-01-23 03:33:52,148 [INFO] [Rank 0] Starting Batch 100
2026-01-23 03:33:52,167 [INFO] [Rank 0] Batch 100: Training Step Start
2026-01-23 03:33:52,190 [INFO] [Rank 0] Batch 100: Forward Start
2026-01-23 03:33:52,240 [INFO] [Rank 1] Backward Pass - End
2026-01-23 03:33:52,315 [INFO] [Rank 0] Batch 100: Forward End (0.102s)
2026-01-23 03:33:52,445 [INFO] [Worker 0] Yielded sample 2200 from /storage/slurm/hunecke/fakesync/data/voxceleb2/preprocessed/shards_train/shard_0034.pt
2026-01-23 03:33:52,561 [INFO] [Rank 1] Finished Batch 99
2026-01-23 03:33:52,640 [INFO] [Rank 0] Batch 100: Returning Loss
2026-01-23 03:33:52,696 [INFO] [Rank 1] Starting Batch 100
2026-01-23 03:33:52,708 [INFO] [Rank 0] Backward Pass - Start (DDP Sync happens here)
2026-01-23 03:33:52,723 [INFO] [Rank 1] Batch 100: Training Step Start
2026-01-23 03:33:52,752 [INFO] [Rank 1] Batch 100: Forward Start
2026-01-23 03:33:52,872 [INFO] [Rank 1] Batch 100: Forward End (0.102s)
2026-01-23 03:33:52,905 [INFO] [Rank 1] Batch 100: Returning Loss
2026-01-23 03:33:52,921 [INFO] [Rank 1] Backward Pass - Start (DDP Sync happens here)
2026-01-23 03:33:52,992 [INFO] [Worker 0] Yielded sample 2200 from /storage/slurm/hunecke/fakesync/data/voxceleb2/preprocessed/shards_train/shard_0161.pt
2026-01-23 03:33:53,153 [INFO] [Rank 0] Backward Pass - End
2026-01-23 03:33:53,261 [INFO] [Rank 0] Finished Batch 100
2026-01-23 03:33:53,279 [INFO] [Rank 0] Starting Batch 101
2026-01-23 03:33:53,302 [INFO] [Rank 0] Batch 101: Training Step Start
2026-01-23 03:33:53,318 [INFO] [Rank 0] Batch 101: Forward Start
2026-01-23 03:33:53,450 [INFO] [Rank 1] Backward Pass - End
2026-01-23 03:33:53,467 [INFO] [Rank 0] Batch 101: Forward End (0.102s)
2026-01-23 03:33:53,488 [INFO] [Rank 0] Batch 101: Returning Loss
2026-01-23 03:33:53,508 [INFO] [Rank 0] Backward Pass - Start (DDP Sync happens here)
2026-01-23 03:33:53,557 [INFO] [Rank 1] Finished Batch 100
2026-01-23 03:33:53,757 [INFO] [Rank 1] Starting Batch 101
2026-01-23 03:33:53,770 [INFO] [Rank 1] Batch 101: Training Step Start
2026-01-23 03:33:53,781 [INFO] [Rank 1] Batch 101: Forward Start
2026-01-23 03:33:53,896 [INFO] [Rank 1] Batch 101: Forward End (0.102s)
2026-01-23 03:33:53,918 [INFO] [Rank 1] Batch 101: Returning Loss
2026-01-23 03:33:53,936 [INFO] [Rank 1] Backward Pass - Start (DDP Sync happens here)
2026-01-23 03:33:54,152 [INFO] [Rank 0] Backward Pass - End
2026-01-23 03:33:54,260 [INFO] [Rank 0] Finished Batch 101
2026-01-23 03:33:54,280 [INFO] [Rank 0] Starting Batch 102
2026-01-23 03:33:54,294 [INFO] [Rank 0] Batch 102: Training Step Start
2026-01-23 03:33:54,314 [INFO] [Rank 0] Batch 102: Forward Start
2026-01-23 03:33:54,439 [INFO] [Rank 0] Batch 102: Forward End (0.102s)
2026-01-23 03:33:54,464 [INFO] [Rank 0] Batch 102: Returning Loss
2026-01-23 03:33:54,474 [INFO] [Rank 1] Backward Pass - End
2026-01-23 03:33:54,526 [INFO] [Rank 0] Backward Pass - Start (DDP Sync happens here)
2026-01-23 03:33:54,581 [INFO] [Rank 1] Finished Batch 101
2026-01-23 03:33:54,632 [INFO] [Rank 1] Starting Batch 102
2026-01-23 03:33:54,650 [INFO] [Rank 1] Batch 102: Training Step Start
2026-01-23 03:33:54,665 [INFO] [Rank 1] Batch 102: Forward Start
2026-01-23 03:33:54,778 [INFO] [Rank 1] Batch 102: Forward End (0.102s)
2026-01-23 03:33:54,995 [INFO] [Rank 1] Batch 102: Returning Loss
2026-01-23 03:33:55,014 [INFO] [Rank 1] Backward Pass - Start (DDP Sync happens here)
2026-01-23 03:33:55,017 [INFO] [Rank 0] Backward Pass - End
2026-01-23 03:33:55,125 [INFO] [Rank 0] Finished Batch 102
2026-01-23 03:33:55,167 [INFO] [Rank 0] Starting Batch 103
2026-01-23 03:33:55,178 [INFO] [Rank 0] Batch 103: Training Step Start
2026-01-23 03:33:55,204 [INFO] [Rank 0] Batch 103: Forward Start
2026-01-23 03:33:55,318 [INFO] [Rank 0] Batch 103: Forward End (0.102s)
2026-01-23 03:33:55,446 [INFO] [Rank 1] Backward Pass - End
2026-01-23 03:33:55,486 [DEBUG] [Profile] batch_gap: 41.9ms, forward: 101.9ms, GPU_mem: 32.8GB (avg over 4 steps)
2026-01-23 03:33:55,502 [INFO] [Rank 0] Batch 103: Returning Loss
2026-01-23 03:33:55,515 [INFO] [Rank 0] Backward Pass - Start (DDP Sync happens here)
2026-01-23 03:33:55,554 [INFO] [Rank 1] Finished Batch 102
2026-01-23 03:33:55,654 [INFO] [Rank 1] Starting Batch 103
2026-01-23 03:33:55,670 [INFO] [Rank 1] Batch 103: Training Step Start
2026-01-23 03:33:55,691 [INFO] [Rank 1] Batch 103: Forward Start
2026-01-23 03:33:55,807 [INFO] [Rank 1] Batch 103: Forward End (0.102s)
2026-01-23 03:33:55,975 [DEBUG] [Profile] batch_gap: 139.7ms, forward: 102.2ms, GPU_mem: 32.8GB (avg over 4 steps)
2026-01-23 03:33:56,314 [INFO] [Rank 1] Batch 103: Returning Loss
2026-01-23 03:33:56,336 [INFO] [Rank 1] Backward Pass - Start (DDP Sync happens here)
2026-01-23 03:33:56,929 [INFO] [Rank 1] Backward Pass - End
2026-01-23 03:33:56,929 [INFO] [Rank 0] Backward Pass - End
2026-01-23 03:33:56,965 [INFO] [Rank 1] Optimizer Step - Start
2026-01-23 03:33:56,984 [INFO] [Rank 0] Optimizer Step - Start
2026-01-23 03:33:57,055 [INFO] [Rank 0] Finished Batch 103
2026-01-23 03:33:57,055 [INFO] [Rank 1] Finished Batch 103
2026-01-23 03:33:57,116 [INFO] [Rank 0] Starting Batch 104
2026-01-23 03:33:57,135 [INFO] [Rank 1] Starting Batch 104
2026-01-23 03:33:57,151 [INFO] [Rank 0] Batch 104: Training Step Start
2026-01-23 03:33:57,176 [INFO] [Rank 1] Batch 104: Training Step Start
2026-01-23 03:33:57,190 [INFO] [Rank 0] Batch 104: Forward Start
2026-01-23 03:33:57,209 [INFO] [Rank 1] Batch 104: Forward Start
2026-01-23 03:33:57,325 [INFO] [Rank 0] Batch 104: Forward End (0.102s)
2026-01-23 03:33:57,338 [INFO] [Rank 1] Batch 104: Forward End (0.102s)
2026-01-23 03:33:57,570 [INFO] [Rank 0] Batch 104: Returning Loss
2026-01-23 03:33:57,587 [INFO] [Rank 1] Batch 104: Returning Loss
2026-01-23 03:33:57,593 [INFO] [Rank 0] Optimizer Step (Zero Grad) - Start
2026-01-23 03:33:57,663 [INFO] [Rank 1] Optimizer Step (Zero Grad) - Start
2026-01-23 03:33:57,689 [INFO] [Rank 0] Backward Pass - Start (DDP Sync happens here)
2026-01-23 03:33:57,712 [INFO] [Rank 1] Backward Pass - Start (DDP Sync happens here)
2026-01-23 03:33:58,141 [INFO] [Rank 0] Backward Pass - End
2026-01-23 03:33:58,210 [INFO] [Rank 1] Backward Pass - End
2026-01-23 03:33:58,246 [INFO] [Rank 0] Finished Batch 104
2026-01-23 03:33:58,268 [INFO] [Rank 0] Starting Batch 105
2026-01-23 03:33:58,285 [INFO] [Rank 0] Batch 105: Training Step Start
2026-01-23 03:33:58,303 [INFO] [Rank 0] Batch 105: Forward Start
2026-01-23 03:33:58,315 [INFO] [Rank 1] Finished Batch 104
2026-01-23 03:33:58,389 [INFO] [Rank 1] Starting Batch 105
2026-01-23 03:33:58,427 [INFO] [Rank 1] Batch 105: Training Step Start
2026-01-23 03:33:58,450 [INFO] [Rank 1] Batch 105: Forward Start
2026-01-23 03:33:58,469 [INFO] [Rank 0] Batch 105: Forward End (0.102s)
2026-01-23 03:33:58,490 [INFO] [Rank 0] Batch 105: Returning Loss
2026-01-23 03:33:58,569 [INFO] [Rank 1] Batch 105: Forward End (0.102s)
2026-01-23 03:33:58,629 [INFO] [Worker 0] Yielded sample 2300 from /storage/slurm/hunecke/fakesync/data/voxceleb2/preprocessed/shards_train/shard_0034.pt
2026-01-23 03:33:58,717 [INFO] [Rank 0] Backward Pass - Start (DDP Sync happens here)
2026-01-23 03:33:58,746 [INFO] [Rank 1] Batch 105: Returning Loss
2026-01-23 03:33:58,750 [INFO] [Worker 0] Yielded sample 2300 from /storage/slurm/hunecke/fakesync/data/voxceleb2/preprocessed/shards_train/shard_0161.pt
2026-01-23 03:33:58,910 [INFO] [Rank 1] Backward Pass - Start (DDP Sync happens here)
2026-01-23 03:33:59,251 [INFO] [Rank 0] Backward Pass - End
2026-01-23 03:33:59,359 [INFO] [Rank 0] Finished Batch 105
2026-01-23 03:33:59,364 [INFO] [Rank 1] Backward Pass - End
2026-01-23 03:33:59,416 [INFO] [Rank 0] Starting Batch 106
2026-01-23 03:33:59,447 [INFO] [Rank 0] Batch 106: Training Step Start
2026-01-23 03:33:59,465 [INFO] [Rank 0] Batch 106: Forward Start
2026-01-23 03:33:59,471 [INFO] [Rank 1] Finished Batch 105
2026-01-23 03:33:59,491 [INFO] [Rank 1] Starting Batch 106
2026-01-23 03:33:59,512 [INFO] [Rank 1] Batch 106: Training Step Start
2026-01-23 03:33:59,528 [INFO] [Rank 1] Batch 106: Forward Start
2026-01-23 03:33:59,581 [INFO] [Rank 0] Batch 106: Forward End (0.102s)
2026-01-23 03:33:59,605 [INFO] [Rank 0] Batch 106: Returning Loss
2026-01-23 03:33:59,622 [INFO] [Rank 0] Backward Pass - Start (DDP Sync happens here)
2026-01-23 03:33:59,651 [INFO] [Rank 1] Batch 106: Forward End (0.102s)
2026-01-23 03:33:59,671 [INFO] [Rank 1] Batch 106: Returning Loss
2026-01-23 03:33:59,699 [INFO] [Rank 1] Backward Pass - Start (DDP Sync happens here)
2026-01-23 03:34:00,158 [INFO] [Rank 0] Backward Pass - End
2026-01-23 03:34:00,266 [INFO] [Rank 0] Finished Batch 106
2026-01-23 03:34:00,310 [INFO] [Rank 0] Starting Batch 107
2026-01-23 03:34:00,326 [INFO] [Rank 0] Batch 107: Training Step Start
2026-01-23 03:34:00,370 [INFO] [Rank 1] Backward Pass - End
2026-01-23 03:34:00,390 [INFO] [Rank 0] Batch 107: Forward Start
2026-01-23 03:34:00,478 [INFO] [Rank 1] Finished Batch 106
2026-01-23 03:34:00,504 [INFO] [Rank 1] Starting Batch 107
2026-01-23 03:34:00,521 [INFO] [Rank 1] Batch 107: Training Step Start
2026-01-23 03:34:00,538 [INFO] [Rank 1] Batch 107: Forward Start
2026-01-23 03:34:00,566 [INFO] [Rank 0] Batch 107: Forward End (0.102s)
2026-01-23 03:34:00,660 [INFO] [Rank 1] Batch 107: Forward End (0.103s)
2026-01-23 03:34:00,733 [DEBUG] [Profile] batch_gap: 70.2ms, forward: 102.1ms, GPU_mem: 32.8GB (avg over 4 steps)
2026-01-23 03:34:00,749 [INFO] [Rank 0] Batch 107: Returning Loss
2026-01-23 03:34:00,818 [INFO] [Rank 0] Backward Pass - Start (DDP Sync happens here)
2026-01-23 03:34:00,827 [DEBUG] [Profile] batch_gap: 78.9ms, forward: 102.3ms, GPU_mem: 32.8GB (avg over 4 steps)
2026-01-23 03:34:00,851 [INFO] [Rank 1] Batch 107: Returning Loss
2026-01-23 03:34:00,871 [INFO] [Rank 1] Backward Pass - Start (DDP Sync happens here)
2026-01-23 03:34:01,247 [INFO] [Rank 0] Backward Pass - End
2026-01-23 03:34:01,344 [INFO] [Rank 1] Backward Pass - End
2026-01-23 03:34:01,355 [INFO] [Rank 0] Finished Batch 107
2026-01-23 03:34:01,451 [INFO] [Rank 1] Finished Batch 107
2026-01-23 03:34:01,459 [INFO] [Rank 0] Starting Batch 108
2026-01-23 03:34:01,478 [INFO] [Rank 1] Starting Batch 108
2026-01-23 03:34:01,494 [INFO] [Rank 0] Batch 108: Training Step Start
2026-01-23 03:34:01,510 [INFO] [Rank 1] Batch 108: Training Step Start
2026-01-23 03:34:01,521 [INFO] [Rank 0] Batch 108: Forward Start
2026-01-23 03:34:01,543 [INFO] [Rank 1] Batch 108: Forward Start
2026-01-23 03:34:01,659 [INFO] [Rank 0] Batch 108: Forward End (0.102s)
2026-01-23 03:34:01,672 [INFO] [Rank 1] Batch 108: Forward End (0.102s)
2026-01-23 03:34:01,682 [INFO] [Rank 0] Batch 108: Returning Loss
2026-01-23 03:34:01,693 [INFO] [Rank 1] Batch 108: Returning Loss
2026-01-23 03:34:01,707 [INFO] [Rank 0] Backward Pass - Start (DDP Sync happens here)
2026-01-23 03:34:01,732 [INFO] [Rank 1] Backward Pass - Start (DDP Sync happens here)
2026-01-23 03:34:02,237 [INFO] [Rank 0] Backward Pass - End
2026-01-23 03:34:02,250 [INFO] [Rank 1] Backward Pass - End
2026-01-23 03:34:02,435 [INFO] [Rank 0] Finished Batch 108
2026-01-23 03:34:02,448 [INFO] [Rank 1] Finished Batch 108
2026-01-23 03:34:02,464 [INFO] [Rank 0] Starting Batch 109
2026-01-23 03:34:02,485 [INFO] [Rank 1] Starting Batch 109
2026-01-23 03:34:02,565 [INFO] [Rank 0] Batch 109: Training Step Start
2026-01-23 03:34:02,591 [INFO] [Rank 1] Batch 109: Training Step Start
2026-01-23 03:34:02,605 [INFO] [Rank 0] Batch 109: Forward Start
2026-01-23 03:34:02,619 [INFO] [Rank 1] Batch 109: Forward Start
2026-01-23 03:34:02,747 [INFO] [Rank 0] Batch 109: Forward End (0.102s)
2026-01-23 03:34:02,766 [INFO] [Rank 1] Batch 109: Forward End (0.102s)
2026-01-23 03:34:02,785 [INFO] [Rank 0] Batch 109: Returning Loss
2026-01-23 03:34:02,803 [INFO] [Rank 1] Batch 109: Returning Loss
2026-01-23 03:34:02,810 [INFO] [Rank 0] Backward Pass - Start (DDP Sync happens here)
2026-01-23 03:34:02,824 [INFO] [Rank 1] Backward Pass - Start (DDP Sync happens here)
2026-01-23 03:34:03,325 [INFO] [Rank 0] Backward Pass - End
2026-01-23 03:34:03,343 [INFO] [Rank 1] Backward Pass - End
2026-01-23 03:34:03,433 [INFO] [Rank 0] Finished Batch 109
2026-01-23 03:34:03,451 [INFO] [Rank 1] Finished Batch 109
2026-01-23 03:34:03,691 [INFO] [Rank 0] Starting Batch 110
2026-01-23 03:34:03,775 [INFO] [Rank 1] Starting Batch 110
2026-01-23 03:34:03,832 [INFO] [Rank 0] Batch 110: Training Step Start
2026-01-23 03:34:03,846 [INFO] [Rank 1] Batch 110: Training Step Start
2026-01-23 03:34:03,860 [INFO] [Rank 0] Batch 110: Forward Start
2026-01-23 03:34:03,877 [INFO] [Rank 1] Batch 110: Forward Start
2026-01-23 03:34:04,031 [INFO] [Rank 0] Batch 110: Forward End (0.103s)
2026-01-23 03:34:04,049 [INFO] [Rank 1] Batch 110: Forward End (0.105s)
2026-01-23 03:34:04,057 [INFO] [Rank 0] Batch 110: Returning Loss
2026-01-23 03:34:04,072 [INFO] [Rank 1] Batch 110: Returning Loss
2026-01-23 03:34:04,077 [INFO] [Rank 0] Backward Pass - Start (DDP Sync happens here)
2026-01-23 03:34:04,099 [INFO] [Rank 1] Backward Pass - Start (DDP Sync happens here)
2026-01-23 03:34:04,138 [INFO] [Worker 0] Yielded sample 2400 from /storage/slurm/hunecke/fakesync/data/voxceleb2/preprocessed/shards_train/shard_0034.pt
2026-01-23 03:34:04,217 [INFO] [Worker 0] Yielded sample 2400 from /storage/slurm/hunecke/fakesync/data/voxceleb2/preprocessed/shards_train/shard_0161.pt
2026-01-23 03:34:04,608 [INFO] [Rank 0] Backward Pass - End
2026-01-23 03:34:04,625 [INFO] [Rank 1] Backward Pass - End
2026-01-23 03:34:04,715 [INFO] [Rank 0] Finished Batch 110
2026-01-23 03:34:04,732 [INFO] [Rank 1] Finished Batch 110
2026-01-23 03:34:04,916 [INFO] [Rank 0] Starting Batch 111
2026-01-23 03:34:04,926 [INFO] [Rank 1] Starting Batch 111
2026-01-23 03:34:04,942 [INFO] [Rank 0] Batch 111: Training Step Start
2026-01-23 03:34:04,960 [INFO] [Rank 1] Batch 111: Training Step Start
2026-01-23 03:34:04,978 [INFO] [Rank 0] Batch 111: Forward Start
2026-01-23 03:34:05,040 [INFO] [Rank 1] Batch 111: Forward Start
2026-01-23 03:34:05,164 [INFO] [Rank 0] Batch 111: Forward End (0.102s)
2026-01-23 03:34:05,176 [INFO] [Rank 1] Batch 111: Forward End (0.102s)
2026-01-23 03:34:05,331 [DEBUG] [Profile] batch_gap: 223.1ms, forward: 102.1ms, GPU_mem: 32.8GB (avg over 4 steps)
2026-01-23 03:34:05,343 [DEBUG] [Profile] batch_gap: 205.6ms, forward: 102.8ms, GPU_mem: 32.8GB (avg over 4 steps)
2026-01-23 03:34:05,397 [INFO] [Rank 0] Batch 111: Returning Loss
2026-01-23 03:34:05,411 [INFO] [Rank 1] Batch 111: Returning Loss
2026-01-23 03:34:05,437 [INFO] [Rank 0] Backward Pass - Start (DDP Sync happens here)
2026-01-23 03:34:05,453 [INFO] [Rank 1] Backward Pass - Start (DDP Sync happens here)
2026-01-23 03:34:06,085 [INFO] [Rank 0] Backward Pass - End
2026-01-23 03:34:06,086 [INFO] [Rank 1] Backward Pass - End
2026-01-23 03:34:06,333 [INFO] [Rank 0] Optimizer Step - Start
2026-01-23 03:34:06,354 [INFO] [Rank 1] Optimizer Step - Start
2026-01-23 03:34:06,408 [INFO] [Rank 0] Finished Batch 111
2026-01-23 03:34:06,420 [INFO] [Rank 1] Finished Batch 111
2026-01-23 03:34:06,431 [INFO] [Rank 0] Starting Batch 112
2026-01-23 03:34:06,447 [INFO] [Rank 1] Starting Batch 112
2026-01-23 03:34:06,458 [INFO] [Rank 0] Batch 112: Training Step Start
2026-01-23 03:34:06,541 [INFO] [Rank 1] Batch 112: Training Step Start
2026-01-23 03:34:06,558 [INFO] [Rank 0] Batch 112: Forward Start
2026-01-23 03:34:06,573 [INFO] [Rank 1] Batch 112: Forward Start
2026-01-23 03:34:06,791 [INFO] [Rank 0] Batch 112: Forward End (0.102s)
2026-01-23 03:34:06,818 [INFO] [Rank 0] Batch 112: Returning Loss
2026-01-23 03:34:06,822 [INFO] [Rank 1] Batch 112: Forward End (0.102s)
2026-01-23 03:34:06,836 [INFO] [Rank 0] Optimizer Step (Zero Grad) - Start
2026-01-23 03:34:06,859 [INFO] [Rank 1] Batch 112: Returning Loss
2026-01-23 03:34:06,863 [INFO] [Rank 0] Backward Pass - Start (DDP Sync happens here)
2026-01-23 03:34:06,933 [INFO] [Rank 1] Optimizer Step (Zero Grad) - Start
2026-01-23 03:34:06,967 [INFO] [Rank 1] Backward Pass - Start (DDP Sync happens here)
2026-01-23 03:34:07,367 [INFO] [Rank 0] Backward Pass - End
2026-01-23 03:34:07,451 [INFO] [Rank 1] Backward Pass - End
2026-01-23 03:34:07,472 [INFO] [Rank 0] Finished Batch 112
2026-01-23 03:34:07,564 [INFO] [Rank 1] Finished Batch 112
2026-01-23 03:34:07,582 [INFO] [Rank 0] Starting Batch 113
2026-01-23 03:34:07,595 [INFO] [Rank 1] Starting Batch 113
2026-01-23 03:34:07,607 [INFO] [Rank 0] Batch 113: Training Step Start
2026-01-23 03:34:07,625 [INFO] [Rank 1] Batch 113: Training Step Start
2026-01-23 03:34:07,638 [INFO] [Rank 0] Batch 113: Forward Start
2026-01-23 03:34:07,652 [INFO] [Rank 1] Batch 113: Forward Start
2026-01-23 03:34:07,785 [INFO] [Rank 0] Batch 113: Forward End (0.102s)
2026-01-23 03:34:07,798 [INFO] [Rank 1] Batch 113: Forward End (0.102s)
2026-01-23 03:34:07,812 [INFO] [Rank 0] Batch 113: Returning Loss
2026-01-23 03:34:07,827 [INFO] [Rank 1] Batch 113: Returning Loss
2026-01-23 03:34:07,848 [INFO] [Rank 0] Backward Pass - Start (DDP Sync happens here)
2026-01-23 03:34:07,865 [INFO] [Rank 1] Backward Pass - Start (DDP Sync happens here)
2026-01-23 03:34:08,363 [INFO] [Rank 0] Backward Pass - End
2026-01-23 03:34:08,376 [INFO] [Rank 1] Backward Pass - End
2026-01-23 03:34:08,471 [INFO] [Rank 0] Finished Batch 113
2026-01-23 03:34:08,728 [INFO] [Rank 1] Finished Batch 113
2026-01-23 03:34:08,813 [INFO] [Rank 0] Starting Batch 114
2026-01-23 03:34:08,832 [INFO] [Rank 1] Starting Batch 114
2026-01-23 03:34:08,844 [INFO] [Rank 0] Batch 114: Training Step Start
2026-01-23 03:34:08,870 [INFO] [Rank 1] Batch 114: Training Step Start
2026-01-23 03:34:08,885 [INFO] [Rank 0] Batch 114: Forward Start
2026-01-23 03:34:08,966 [INFO] [Rank 1] Batch 114: Forward Start
2026-01-23 03:34:09,102 [INFO] [Rank 0] Batch 114: Forward End (0.102s)
2026-01-23 03:34:09,132 [INFO] [Rank 0] Batch 114: Returning Loss
2026-01-23 03:34:09,187 [INFO] [Rank 1] Batch 114: Forward End (0.105s)
2026-01-23 03:34:09,206 [INFO] [Rank 0] Backward Pass - Start (DDP Sync happens here)
2026-01-23 03:34:09,235 [INFO] [Rank 1] Batch 114: Returning Loss
2026-01-23 03:34:09,268 [INFO] [Rank 1] Backward Pass - Start (DDP Sync happens here)
2026-01-23 03:34:09,679 [INFO] [Rank 0] Backward Pass - End
2026-01-23 03:34:09,762 [INFO] [Rank 1] Backward Pass - End
2026-01-23 03:34:09,979 [INFO] [Rank 0] Finished Batch 114
2026-01-23 03:34:10,003 [INFO] [Rank 1] Finished Batch 114
2026-01-23 03:34:10,018 [INFO] [Rank 0] Starting Batch 115
2026-01-23 03:34:10,069 [INFO] [Rank 1] Starting Batch 115
2026-01-23 03:34:10,123 [INFO] [Rank 0] Batch 115: Training Step Start
2026-01-23 03:34:10,144 [INFO] [Rank 1] Batch 115: Training Step Start
2026-01-23 03:34:10,163 [INFO] [Rank 0] Batch 115: Forward Start
2026-01-23 03:34:10,185 [INFO] [Rank 1] Batch 115: Forward Start
2026-01-23 03:34:10,312 [INFO] [Rank 0] Batch 115: Forward End (0.102s)
2026-01-23 03:34:10,334 [INFO] [Rank 1] Batch 115: Forward End (0.102s)
2026-01-23 03:34:10,480 [DEBUG] [Profile] batch_gap: 174.6ms, forward: 102.1ms, GPU_mem: 32.8GB (avg over 4 steps)
2026-01-23 03:34:10,500 [INFO] [Rank 0] Batch 115: Returning Loss
2026-01-23 03:34:10,502 [DEBUG] [Profile] batch_gap: 115.5ms, forward: 102.9ms, GPU_mem: 32.8GB (avg over 4 steps)
2026-01-23 03:34:10,520 [INFO] [Worker 0] Yielded sample 2500 from /storage/slurm/hunecke/fakesync/data/voxceleb2/preprocessed/shards_train/shard_0034.pt
2026-01-23 03:34:10,524 [INFO] [Rank 0] Backward Pass - Start (DDP Sync happens here)
2026-01-23 03:34:10,549 [INFO] [Rank 1] Batch 115: Returning Loss
2026-01-23 03:34:10,566 [INFO] [Worker 0] Yielded sample 2500 from /storage/slurm/hunecke/fakesync/data/voxceleb2/preprocessed/shards_train/shard_0161.pt
2026-01-23 03:34:10,691 [INFO] [Rank 1] Backward Pass - Start (DDP Sync happens here)
2026-01-23 03:34:11,068 [INFO] [Rank 0] Backward Pass - End
2026-01-23 03:34:11,220 [INFO] [Rank 1] Backward Pass - End
2026-01-23 03:34:11,272 [INFO] [Rank 0] Finished Batch 115
2026-01-23 03:34:11,294 [INFO] [Rank 0] Starting Batch 116
2026-01-23 03:34:11,320 [INFO] [Rank 0] Batch 116: Training Step Start
2026-01-23 03:34:11,327 [INFO] [Rank 1] Finished Batch 115
2026-01-23 03:34:11,355 [INFO] [Rank 0] Batch 116: Forward Start
2026-01-23 03:34:11,379 [INFO] [Rank 1] Starting Batch 116
2026-01-23 03:34:11,433 [INFO] [Rank 1] Batch 116: Training Step Start
2026-01-23 03:34:11,459 [INFO] [Rank 1] Batch 116: Forward Start
2026-01-23 03:34:11,511 [INFO] [Rank 0] Batch 116: Forward End (0.102s)
2026-01-23 03:34:11,542 [INFO] [Rank 0] Batch 116: Returning Loss
2026-01-23 03:34:11,569 [INFO] [Rank 0] Backward Pass - Start (DDP Sync happens here)
2026-01-23 03:34:11,589 [INFO] [Rank 1] Batch 116: Forward End (0.102s)
2026-01-23 03:34:11,618 [INFO] [Rank 1] Batch 116: Returning Loss
2026-01-23 03:34:11,637 [INFO] [Rank 1] Backward Pass - Start (DDP Sync happens here)
2026-01-23 03:34:12,089 [INFO] [Rank 0] Backward Pass - End
2026-01-23 03:34:12,167 [INFO] [Rank 1] Backward Pass - End
2026-01-23 03:34:12,441 [INFO] [Rank 0] Finished Batch 116
2026-01-23 03:34:12,441 [INFO] [Rank 1] Finished Batch 116
2026-01-23 03:34:12,547 [INFO] [Rank 0] Starting Batch 117
2026-01-23 03:34:12,566 [INFO] [Rank 1] Starting Batch 117
2026-01-23 03:34:12,582 [INFO] [Rank 0] Batch 117: Training Step Start
2026-01-23 03:34:12,602 [INFO] [Rank 1] Batch 117: Training Step Start
2026-01-23 03:34:12,619 [INFO] [Rank 0] Batch 117: Forward Start
2026-01-23 03:34:12,642 [INFO] [Rank 1] Batch 117: Forward Start
2026-01-23 03:34:12,762 [INFO] [Rank 0] Batch 117: Forward End (0.102s)
2026-01-23 03:34:12,778 [INFO] [Rank 1] Batch 117: Forward End (0.102s)
2026-01-23 03:34:12,783 [INFO] [Rank 0] Batch 117: Returning Loss
2026-01-23 03:34:12,837 [INFO] [Rank 1] Batch 117: Returning Loss
2026-01-23 03:34:12,850 [INFO] [Rank 0] Backward Pass - Start (DDP Sync happens here)
2026-01-23 03:34:12,862 [INFO] [Rank 1] Backward Pass - Start (DDP Sync happens here)
2026-01-23 03:34:13,339 [INFO] [Rank 0] Backward Pass - End
2026-01-23 03:34:13,356 [INFO] [Rank 1] Backward Pass - End
2026-01-23 03:34:13,795 [INFO] [Rank 0] Finished Batch 117
2026-01-23 03:34:13,797 [INFO] [Rank 1] Finished Batch 117
2026-01-23 03:34:13,895 [INFO] [Rank 0] Starting Batch 118
2026-01-23 03:34:13,911 [INFO] [Rank 1] Starting Batch 118
2026-01-23 03:34:13,925 [INFO] [Rank 0] Batch 118: Training Step Start
2026-01-23 03:34:13,946 [INFO] [Rank 1] Batch 118: Training Step Start
2026-01-23 03:34:13,965 [INFO] [Rank 0] Batch 118: Forward Start
2026-01-23 03:34:13,981 [INFO] [Rank 1] Batch 118: Forward Start
2026-01-23 03:34:14,098 [INFO] [Rank 0] Batch 118: Forward End (0.103s)
2026-01-23 03:34:14,113 [INFO] [Rank 1] Batch 118: Forward End (0.105s)
2026-01-23 03:34:14,156 [INFO] [Rank 0] Batch 118: Returning Loss
2026-01-23 03:34:14,175 [INFO] [Rank 1] Batch 118: Returning Loss
2026-01-23 03:34:14,183 [INFO] [Rank 0] Backward Pass - Start (DDP Sync happens here)
2026-01-23 03:34:14,203 [INFO] [Rank 1] Backward Pass - Start (DDP Sync happens here)
2026-01-23 03:34:14,674 [INFO] [Rank 0] Backward Pass - End
2026-01-23 03:34:14,691 [INFO] [Rank 1] Backward Pass - End
2026-01-23 03:34:14,900 [INFO] [Rank 0] Finished Batch 118
2026-01-23 03:34:14,900 [INFO] [Rank 1] Finished Batch 118
2026-01-23 03:34:14,950 [INFO] [Rank 0] Starting Batch 119
2026-01-23 03:34:14,962 [INFO] [Rank 1] Starting Batch 119
2026-01-23 03:34:14,977 [INFO] [Rank 0] Batch 119: Training Step Start
2026-01-23 03:34:14,997 [INFO] [Rank 1] Batch 119: Training Step Start
2026-01-23 03:34:15,015 [INFO] [Rank 0] Batch 119: Forward Start
2026-01-23 03:34:15,037 [INFO] [Rank 1] Batch 119: Forward Start
2026-01-23 03:34:15,166 [INFO] [Rank 0] Batch 119: Forward End (0.102s)
2026-01-23 03:34:15,181 [INFO] [Rank 1] Batch 119: Forward End (0.102s)
2026-01-23 03:34:15,334 [DEBUG] [Profile] batch_gap: 98.5ms, forward: 102.3ms, GPU_mem: 32.8GB (avg over 4 steps)
2026-01-23 03:34:15,349 [INFO] [Rank 0] Batch 119: Returning Loss
2026-01-23 03:34:15,349 [DEBUG] [Profile] batch_gap: 127.6ms, forward: 102.9ms, GPU_mem: 32.8GB (avg over 4 steps)
2026-01-23 03:34:15,384 [INFO] [Rank 0] Backward Pass - Start (DDP Sync happens here)
2026-01-23 03:34:15,401 [INFO] [Rank 1] Batch 119: Returning Loss
2026-01-23 03:34:15,432 [INFO] [Rank 1] Backward Pass - Start (DDP Sync happens here)
2026-01-23 03:34:16,020 [INFO] [Rank 1] Backward Pass - End
2026-01-23 03:34:16,020 [INFO] [Rank 0] Backward Pass - End
2026-01-23 03:34:16,117 [INFO] [Rank 1] Optimizer Step - Start
2026-01-23 03:34:16,135 [INFO] [Rank 0] Optimizer Step - Start
2026-01-23 03:34:16,254 [INFO] [Rank 0] Finished Batch 119
2026-01-23 03:34:16,255 [INFO] [Rank 1] Finished Batch 119
2026-01-23 03:34:16,290 [INFO] [Rank 0] Starting Batch 120
2026-01-23 03:34:16,302 [INFO] [Rank 1] Starting Batch 120
2026-01-23 03:34:16,319 [INFO] [Rank 0] Batch 120: Training Step Start
2026-01-23 03:34:16,338 [INFO] [Rank 1] Batch 120: Training Step Start
2026-01-23 03:34:16,351 [INFO] [Rank 0] Batch 120: Forward Start
2026-01-23 03:34:16,364 [INFO] [Rank 1] Batch 120: Forward Start
2026-01-23 03:34:16,482 [INFO] [Rank 0] Batch 120: Forward End (0.102s)
2026-01-23 03:34:16,500 [INFO] [Rank 1] Batch 120: Forward End (0.102s)
2026-01-23 03:34:16,522 [INFO] [Rank 0] Batch 120: Returning Loss
2026-01-23 03:34:16,535 [INFO] [Rank 1] Batch 120: Returning Loss
2026-01-23 03:34:16,547 [INFO] [Rank 0] Optimizer Step (Zero Grad) - Start
2026-01-23 03:34:16,559 [INFO] [Rank 1] Optimizer Step (Zero Grad) - Start
2026-01-23 03:34:16,578 [INFO] [Rank 0] Backward Pass - Start (DDP Sync happens here)
2026-01-23 03:34:16,591 [INFO] [Rank 1] Backward Pass - Start (DDP Sync happens here)
2026-01-23 03:34:16,853 [INFO] [Worker 0] Yielded sample 2600 from /storage/slurm/hunecke/fakesync/data/voxceleb2/preprocessed/shards_train/shard_0034.pt
2026-01-23 03:34:16,859 [INFO] [Worker 0] Yielded sample 2600 from /storage/slurm/hunecke/fakesync/data/voxceleb2/preprocessed/shards_train/shard_0161.pt
2026-01-23 03:34:17,058 [INFO] [Rank 0] Backward Pass - End
2026-01-23 03:34:17,077 [INFO] [Rank 1] Backward Pass - End
2026-01-23 03:34:17,440 [INFO] [Rank 0] Finished Batch 120
2026-01-23 03:34:17,440 [INFO] [Rank 1] Finished Batch 120
2026-01-23 03:34:17,474 [INFO] [Rank 0] Starting Batch 121
2026-01-23 03:34:17,489 [INFO] [Rank 1] Starting Batch 121
2026-01-23 03:34:17,526 [INFO] [Rank 0] Batch 121: Training Step Start
2026-01-23 03:34:17,553 [INFO] [Rank 1] Batch 121: Training Step Start
2026-01-23 03:34:17,572 [INFO] [Rank 0] Batch 121: Forward Start
2026-01-23 03:34:17,586 [INFO] [Rank 1] Batch 121: Forward Start
2026-01-23 03:34:17,754 [INFO] [Rank 0] Batch 121: Forward End (0.102s)
2026-01-23 03:34:17,801 [INFO] [Rank 1] Batch 121: Forward End (0.102s)
2026-01-23 03:34:17,819 [INFO] [Rank 0] Batch 121: Returning Loss
2026-01-23 03:34:17,852 [INFO] [Rank 1] Batch 121: Returning Loss
2026-01-23 03:34:17,864 [INFO] [Rank 0] Backward Pass - Start (DDP Sync happens here)
2026-01-23 03:34:17,880 [INFO] [Rank 1] Backward Pass - Start (DDP Sync happens here)
2026-01-23 03:34:18,331 [INFO] [Rank 0] Backward Pass - End
2026-01-23 03:34:18,410 [INFO] [Rank 1] Backward Pass - End
2026-01-23 03:34:18,809 [INFO] [Rank 0] Finished Batch 121
2026-01-23 03:34:18,809 [INFO] [Rank 1] Finished Batch 121
2026-01-23 03:34:18,837 [INFO] [Rank 0] Starting Batch 122
2026-01-23 03:34:18,884 [INFO] [Rank 1] Starting Batch 122
2026-01-23 03:34:18,887 [INFO] [Rank 0] Batch 122: Training Step Start
2026-01-23 03:34:18,901 [INFO] [Rank 1] Batch 122: Training Step Start
2026-01-23 03:34:18,921 [INFO] [Rank 0] Batch 122: Forward Start
2026-01-23 03:34:18,936 [INFO] [Rank 1] Batch 122: Forward Start
2026-01-23 03:34:19,052 [INFO] [Rank 0] Batch 122: Forward End (0.102s)
2026-01-23 03:34:19,066 [INFO] [Rank 1] Batch 122: Forward End (0.102s)
2026-01-23 03:34:19,073 [INFO] [Rank 0] Batch 122: Returning Loss
2026-01-23 03:34:19,145 [INFO] [Rank 1] Batch 122: Returning Loss
2026-01-23 03:34:19,157 [INFO] [Rank 0] Backward Pass - Start (DDP Sync happens here)
2026-01-23 03:34:19,169 [INFO] [Rank 1] Backward Pass - Start (DDP Sync happens here)
2026-01-23 03:34:19,649 [INFO] [Rank 0] Backward Pass - End
2026-01-23 03:34:19,663 [INFO] [Rank 1] Backward Pass - End
2026-01-23 03:34:19,978 [INFO] [Rank 0] Finished Batch 122
2026-01-23 03:34:19,978 [INFO] [Rank 1] Finished Batch 122
2026-01-23 03:34:20,007 [INFO] [Rank 0] Starting Batch 123
2026-01-23 03:34:20,021 [INFO] [Rank 0] Batch 123: Training Step Start
2026-01-23 03:34:20,021 [INFO] [Rank 1] Starting Batch 123
2026-01-23 03:34:20,035 [INFO] [Rank 0] Batch 123: Forward Start
2026-01-23 03:34:20,055 [INFO] [Rank 1] Batch 123: Training Step Start
2026-01-23 03:34:20,093 [INFO] [Rank 1] Batch 123: Forward Start
2026-01-23 03:34:20,175 [INFO] [Rank 0] Batch 123: Forward End (0.102s)
2026-01-23 03:34:20,207 [INFO] [Rank 1] Batch 123: Forward End (0.102s)
2026-01-23 03:34:20,343 [DEBUG] [Profile] batch_gap: 67.3ms, forward: 102.1ms, GPU_mem: 32.8GB (avg over 4 steps)
2026-01-23 03:34:20,367 [INFO] [Rank 0] Batch 123: Returning Loss
2026-01-23 03:34:20,375 [DEBUG] [Profile] batch_gap: 90.6ms, forward: 102.2ms, GPU_mem: 32.8GB (avg over 4 steps)
2026-01-23 03:34:20,383 [INFO] [Rank 0] Backward Pass - Start (DDP Sync happens here)
2026-01-23 03:34:20,407 [INFO] [Rank 1] Batch 123: Returning Loss
2026-01-23 03:34:20,492 [INFO] [Rank 1] Backward Pass - Start (DDP Sync happens here)
2026-01-23 03:34:20,833 [INFO] [Rank 0] Backward Pass - End
2026-01-23 03:34:20,925 [INFO] [Rank 1] Backward Pass - End
2026-01-23 03:34:21,099 [INFO] [Rank 0] Finished Batch 123
2026-01-23 03:34:21,099 [INFO] [Rank 1] Finished Batch 123
2026-01-23 03:34:21,138 [INFO] [Rank 0] Starting Batch 124
2026-01-23 03:34:21,164 [INFO] [Rank 1] Starting Batch 124
2026-01-23 03:34:21,174 [INFO] [Rank 0] Batch 124: Training Step Start
2026-01-23 03:34:21,204 [INFO] [Rank 1] Batch 124: Training Step Start
2026-01-23 03:34:21,217 [INFO] [Rank 0] Batch 124: Forward Start
2026-01-23 03:34:21,232 [INFO] [Rank 1] Batch 124: Forward Start
2026-01-23 03:34:21,347 [INFO] [Rank 0] Batch 124: Forward End (0.102s)
2026-01-23 03:34:21,371 [INFO] [Rank 0] Batch 124: Returning Loss
2026-01-23 03:34:21,413 [INFO] [Rank 0] Backward Pass - Start (DDP Sync happens here)
2026-01-23 03:34:21,418 [INFO] [Rank 1] Batch 124: Forward End (0.103s)
2026-01-23 03:34:21,456 [INFO] [Rank 1] Batch 124: Returning Loss
2026-01-23 03:34:21,525 [INFO] [Rank 1] Backward Pass - Start (DDP Sync happens here)
2026-01-23 03:34:21,924 [INFO] [Rank 0] Backward Pass - End
2026-01-23 03:34:21,996 [INFO] [Rank 1] Backward Pass - End
2026-01-23 03:34:22,081 [INFO] [Rank 0] Finished Batch 124
2026-01-23 03:34:22,103 [INFO] [Rank 1] Finished Batch 124
2026-01-23 03:34:22,400 [INFO] [Rank 0] Starting Batch 125
2026-01-23 03:34:22,467 [INFO] [Rank 1] Starting Batch 125
2026-01-23 03:34:22,472 [INFO] [Rank 0] Batch 125: Training Step Start
2026-01-23 03:34:22,549 [INFO] [Rank 1] Batch 125: Training Step Start
2026-01-23 03:34:22,570 [INFO] [Rank 0] Batch 125: Forward Start
2026-01-23 03:34:22,621 [INFO] [Rank 1] Batch 125: Forward Start
2026-01-23 03:34:22,736 [INFO] [Rank 0] Batch 125: Forward End (0.102s)
2026-01-23 03:34:22,757 [INFO] [Rank 1] Batch 125: Forward End (0.102s)
2026-01-23 03:34:22,765 [INFO] [Rank 0] Batch 125: Returning Loss
2026-01-23 03:34:22,784 [INFO] [Rank 1] Batch 125: Returning Loss
2026-01-23 03:34:22,795 [INFO] [Rank 0] Backward Pass - Start (DDP Sync happens here)
2026-01-23 03:34:22,813 [INFO] [Rank 1] Backward Pass - Start (DDP Sync happens here)
2026-01-23 03:34:23,314 [INFO] [Rank 0] Backward Pass - End
2026-01-23 03:34:23,335 [INFO] [Rank 1] Backward Pass - End
2026-01-23 03:34:23,718 [INFO] [Rank 0] Finished Batch 125
2026-01-23 03:34:23,719 [INFO] [Rank 1] Finished Batch 125
2026-01-23 03:34:23,748 [INFO] [Rank 0] Starting Batch 126
2026-01-23 03:34:23,765 [INFO] [Rank 1] Starting Batch 126
2026-01-23 03:34:23,766 [INFO] [Rank 0] Batch 126: Training Step Start
2026-01-23 03:34:23,823 [INFO] [Rank 1] Batch 126: Training Step Start
2026-01-23 03:34:23,844 [INFO] [Rank 0] Batch 126: Forward Start
2026-01-23 03:34:23,893 [INFO] [Rank 1] Batch 126: Forward Start
2026-01-23 03:34:24,009 [INFO] [Rank 0] Batch 126: Forward End (0.102s)
2026-01-23 03:34:24,028 [INFO] [Rank 1] Batch 126: Forward End (0.102s)
2026-01-23 03:34:24,033 [INFO] [Rank 0] Batch 126: Returning Loss
2026-01-23 03:34:24,049 [INFO] [Rank 1] Batch 126: Returning Loss
2026-01-23 03:34:24,059 [INFO] [Rank 0] Backward Pass - Start (DDP Sync happens here)
2026-01-23 03:34:24,079 [INFO] [Rank 1] Backward Pass - Start (DDP Sync happens here)
2026-01-23 03:34:24,586 [INFO] [Rank 0] Backward Pass - End
2026-01-23 03:34:24,605 [INFO] [Rank 1] Backward Pass - End
2026-01-23 03:34:24,973 [INFO] [Rank 0] Finished Batch 126
2026-01-23 03:34:24,974 [INFO] [Rank 1] Finished Batch 126
2026-01-23 03:34:25,004 [INFO] [Rank 0] Starting Batch 127
2026-01-23 03:34:25,119 [INFO] [Rank 1] Starting Batch 127
2026-01-23 03:34:25,120 [INFO] [Rank 0] Batch 127: Training Step Start
2026-01-23 03:34:25,136 [INFO] [Rank 1] Batch 127: Training Step Start
2026-01-23 03:34:25,201 [INFO] [Rank 0] Batch 127: Forward Start
2026-01-23 03:34:25,223 [INFO] [Rank 1] Batch 127: Forward Start
2026-01-23 03:34:25,347 [INFO] [Rank 0] Batch 127: Forward End (0.102s)
2026-01-23 03:34:25,364 [INFO] [Rank 1] Batch 127: Forward End (0.102s)
2026-01-23 03:34:25,514 [DEBUG] [Profile] batch_gap: 164.8ms, forward: 102.0ms, GPU_mem: 32.8GB (avg over 4 steps)
2026-01-23 03:34:25,532 [DEBUG] [Profile] batch_gap: 203.8ms, forward: 102.2ms, GPU_mem: 32.8GB (avg over 4 steps)
2026-01-23 03:34:25,572 [INFO] [Rank 0] Batch 127: Returning Loss
2026-01-23 03:34:25,589 [INFO] [Rank 1] Batch 127: Returning Loss
2026-01-23 03:34:25,606 [INFO] [Rank 0] Backward Pass - Start (DDP Sync happens here)
2026-01-23 03:34:25,621 [INFO] [Rank 1] Backward Pass - Start (DDP Sync happens here)
2026-01-23 03:34:26,233 [INFO] [Rank 1] Backward Pass - End
2026-01-23 03:34:26,233 [INFO] [Rank 0] Backward Pass - End
2026-01-23 03:34:26,253 [INFO] [Rank 1] Optimizer Step - Start
2026-01-23 03:34:26,267 [INFO] [Rank 0] Optimizer Step - Start
2026-01-23 03:34:26,378 [INFO] [Rank 0] Finished Batch 127
2026-01-23 03:34:26,379 [INFO] [Rank 1] Finished Batch 127
2026-01-23 03:34:26,407 [INFO] [Rank 0] Starting Batch 128
2026-01-23 03:34:26,422 [INFO] [Rank 1] Starting Batch 128
2026-01-23 03:34:26,451 [INFO] [Rank 0] Batch 128: Training Step Start
2026-01-23 03:34:26,465 [INFO] [Rank 1] Batch 128: Training Step Start
2026-01-23 03:34:26,477 [INFO] [Rank 0] Batch 128: Forward Start
2026-01-23 03:34:26,488 [INFO] [Rank 1] Batch 128: Forward Start
2026-01-23 03:34:26,609 [INFO] [Rank 0] Batch 128: Forward End (0.102s)
2026-01-23 03:34:26,623 [INFO] [Rank 1] Batch 128: Forward End (0.102s)
2026-01-23 03:34:26,667 [INFO] [Rank 0] Batch 128: Returning Loss
2026-01-23 03:34:26,684 [INFO] [Rank 1] Batch 128: Returning Loss
2026-01-23 03:34:26,689 [INFO] [Rank 0] Optimizer Step (Zero Grad) - Start
2026-01-23 03:34:26,706 [INFO] [Rank 1] Optimizer Step (Zero Grad) - Start
2026-01-23 03:34:26,720 [INFO] [Rank 0] Backward Pass - Start (DDP Sync happens here)
2026-01-23 03:34:26,747 [INFO] [Rank 1] Backward Pass - Start (DDP Sync happens here)
2026-01-23 03:34:27,185 [INFO] [Rank 0] Backward Pass - End
2026-01-23 03:34:27,200 [INFO] [Rank 1] Backward Pass - End
2026-01-23 03:34:27,415 [INFO] [Rank 0] Finished Batch 128
2026-01-23 03:34:27,415 [INFO] [Rank 1] Finished Batch 128
2026-01-23 03:34:27,442 [INFO] [Rank 0] Starting Batch 129
2026-01-23 03:34:27,463 [INFO] [Rank 1] Starting Batch 129
2026-01-23 03:34:27,475 [INFO] [Rank 0] Batch 129: Training Step Start
2026-01-23 03:34:27,494 [INFO] [Rank 1] Batch 129: Training Step Start
2026-01-23 03:34:27,512 [INFO] [Rank 0] Batch 129: Forward Start
2026-01-23 03:34:27,525 [INFO] [Rank 1] Batch 129: Forward Start
2026-01-23 03:34:27,721 [INFO] [Rank 0] Batch 129: Forward End (0.102s)
2026-01-23 03:34:27,740 [INFO] [Rank 1] Batch 129: Forward End (0.102s)
2026-01-23 03:34:27,753 [INFO] [Rank 0] Batch 129: Returning Loss
2026-01-23 03:34:27,765 [INFO] [Rank 1] Batch 129: Returning Loss
2026-01-23 03:34:27,776 [INFO] [Rank 0] Backward Pass - Start (DDP Sync happens here)
2026-01-23 03:34:27,798 [INFO] [Rank 1] Backward Pass - Start (DDP Sync happens here)
2026-01-23 03:34:28,299 [INFO] [Rank 0] Backward Pass - End
2026-01-23 03:34:28,318 [INFO] [Rank 1] Backward Pass - End
2026-01-23 03:34:28,706 [INFO] [Rank 0] Finished Batch 129
2026-01-23 03:34:28,707 [INFO] [Rank 1] Finished Batch 129
2026-01-23 03:34:28,729 [INFO] [Rank 0] Starting Batch 130
2026-01-23 03:34:28,745 [INFO] [Rank 1] Starting Batch 130
2026-01-23 03:34:28,763 [INFO] [Worker 0] Yielded sample 2700 from /storage/slurm/hunecke/fakesync/data/voxceleb2/preprocessed/shards_train/shard_0034.pt
2026-01-23 03:34:28,779 [INFO] [Worker 0] Yielded sample 2700 from /storage/slurm/hunecke/fakesync/data/voxceleb2/preprocessed/shards_train/shard_0161.pt
2026-01-23 03:34:28,815 [INFO] [Rank 0] Batch 130: Training Step Start
2026-01-23 03:34:28,834 [INFO] [Rank 1] Batch 130: Training Step Start
2026-01-23 03:34:28,931 [INFO] [Rank 0] Batch 130: Forward Start
2026-01-23 03:34:28,947 [INFO] [Rank 1] Batch 130: Forward Start
2026-01-23 03:34:29,062 [INFO] [Rank 0] Batch 130: Forward End (0.102s)
2026-01-23 03:34:29,075 [INFO] [Rank 1] Batch 130: Forward End (0.102s)
2026-01-23 03:34:29,089 [INFO] [Rank 0] Batch 130: Returning Loss
2026-01-23 03:34:29,098 [INFO] [Rank 1] Batch 130: Returning Loss
2026-01-23 03:34:29,108 [INFO] [Rank 0] Backward Pass - Start (DDP Sync happens here)
2026-01-23 03:34:29,125 [INFO] [Rank 1] Backward Pass - Start (DDP Sync happens here)
2026-01-23 03:34:29,640 [INFO] [Rank 0] Backward Pass - End
2026-01-23 03:34:29,653 [INFO] [Rank 1] Backward Pass - End
2026-01-23 03:34:30,007 [INFO] [Rank 0] Finished Batch 130
2026-01-23 03:34:30,008 [INFO] [Rank 1] Finished Batch 130
2026-01-23 03:34:30,035 [INFO] [Rank 0] Starting Batch 131
2026-01-23 03:34:30,093 [INFO] [Rank 1] Starting Batch 131
2026-01-23 03:34:30,111 [INFO] [Rank 0] Batch 131: Training Step Start
2026-01-23 03:34:30,127 [INFO] [Rank 1] Batch 131: Training Step Start
2026-01-23 03:34:30,142 [INFO] [Rank 0] Batch 131: Forward Start
2026-01-23 03:34:30,157 [INFO] [Rank 1] Batch 131: Forward Start
2026-01-23 03:34:30,278 [INFO] [Rank 0] Batch 131: Forward End (0.102s)
2026-01-23 03:34:30,299 [INFO] [Rank 1] Batch 131: Forward End (0.102s)
2026-01-23 03:34:30,445 [DEBUG] [Profile] batch_gap: 85.8ms, forward: 102.0ms, GPU_mem: 32.8GB (avg over 4 steps)
2026-01-23 03:34:30,465 [INFO] [Rank 0] Batch 131: Returning Loss
2026-01-23 03:34:30,467 [DEBUG] [Profile] batch_gap: 102.3ms, forward: 102.1ms, GPU_mem: 32.8GB (avg over 4 steps)
2026-01-23 03:34:30,482 [INFO] [Rank 0] Backward Pass - Start (DDP Sync happens here)
2026-01-23 03:34:30,565 [INFO] [Rank 1] Batch 131: Returning Loss
2026-01-23 03:34:30,614 [INFO] [Rank 1] Backward Pass - Start (DDP Sync happens here)
2026-01-23 03:34:31,002 [INFO] [Rank 0] Backward Pass - End
2026-01-23 03:34:31,049 [INFO] [Rank 1] Backward Pass - End
2026-01-23 03:34:31,221 [INFO] [Rank 0] Finished Batch 131
2026-01-23 03:34:31,222 [INFO] [Rank 1] Finished Batch 131
2026-01-23 03:34:31,239 [INFO] [Rank 0] Starting Batch 132
2026-01-23 03:34:31,263 [INFO] [Rank 1] Starting Batch 132
2026-01-23 03:34:31,280 [INFO] [Rank 0] Batch 132: Training Step Start
2026-01-23 03:34:31,297 [INFO] [Rank 1] Batch 132: Training Step Start
2026-01-23 03:34:31,308 [INFO] [Rank 0] Batch 132: Forward Start
2026-01-23 03:34:31,378 [INFO] [Rank 1] Batch 132: Forward Start
2026-01-23 03:34:31,494 [INFO] [Rank 0] Batch 132: Forward End (0.102s)
2026-01-23 03:34:31,514 [INFO] [Rank 1] Batch 132: Forward End (0.102s)
2026-01-23 03:34:31,598 [INFO] [Rank 0] Batch 132: Returning Loss
2026-01-23 03:34:31,615 [INFO] [Rank 1] Batch 132: Returning Loss
2026-01-23 03:34:31,620 [INFO] [Rank 0] Backward Pass - Start (DDP Sync happens here)
2026-01-23 03:34:31,640 [INFO] [Rank 1] Backward Pass - Start (DDP Sync happens here)
2026-01-23 03:34:32,071 [INFO] [Rank 0] Backward Pass - End
2026-01-23 03:34:32,092 [INFO] [Rank 1] Backward Pass - End
2026-01-23 03:34:32,475 [INFO] [Rank 0] Finished Batch 132
2026-01-23 03:34:32,476 [INFO] [Rank 1] Finished Batch 132
2026-01-23 03:34:32,531 [INFO] [Rank 0] Starting Batch 133
2026-01-23 03:34:32,554 [INFO] [Rank 1] Starting Batch 133
2026-01-23 03:34:32,581 [INFO] [Rank 0] Batch 133: Training Step Start
2026-01-23 03:34:32,639 [INFO] [Rank 1] Batch 133: Training Step Start
2026-01-23 03:34:32,656 [INFO] [Rank 0] Batch 133: Forward Start
2026-01-23 03:34:32,674 [INFO] [Rank 1] Batch 133: Forward Start
2026-01-23 03:34:32,805 [INFO] [Rank 0] Batch 133: Forward End (0.103s)
2026-01-23 03:34:32,824 [INFO] [Rank 1] Batch 133: Forward End (0.104s)
2026-01-23 03:34:32,874 [INFO] [Rank 0] Batch 133: Returning Loss
2026-01-23 03:34:32,894 [INFO] [Rank 1] Batch 133: Returning Loss
2026-01-23 03:34:32,906 [INFO] [Rank 0] Backward Pass - Start (DDP Sync happens here)
2026-01-23 03:34:32,927 [INFO] [Rank 1] Backward Pass - Start (DDP Sync happens here)
2026-01-23 03:34:33,410 [INFO] [Rank 0] Backward Pass - End
2026-01-23 03:34:33,434 [INFO] [Rank 1] Backward Pass - End
2026-01-23 03:34:33,676 [INFO] [Rank 0] Finished Batch 133
2026-01-23 03:34:33,677 [INFO] [Rank 1] Finished Batch 133
2026-01-23 03:34:33,696 [INFO] [Rank 0] Starting Batch 134
2026-01-23 03:34:33,762 [INFO] [Rank 1] Starting Batch 134
2026-01-23 03:34:33,821 [INFO] [Rank 0] Batch 134: Training Step Start
2026-01-23 03:34:33,875 [INFO] [Rank 1] Batch 134: Training Step Start
2026-01-23 03:34:33,891 [INFO] [Rank 0] Batch 134: Forward Start
2026-01-23 03:34:33,911 [INFO] [Rank 1] Batch 134: Forward Start
2026-01-23 03:34:34,068 [INFO] [Rank 0] Batch 134: Forward End (0.104s)
2026-01-23 03:34:34,084 [INFO] [Rank 1] Batch 134: Forward End (0.104s)
2026-01-23 03:34:34,091 [INFO] [Rank 0] Batch 134: Returning Loss
2026-01-23 03:34:34,116 [INFO] [Rank 1] Batch 134: Returning Loss
2026-01-23 03:34:34,128 [INFO] [Rank 0] Backward Pass - Start (DDP Sync happens here)
2026-01-23 03:34:34,144 [INFO] [Rank 1] Backward Pass - Start (DDP Sync happens here)
2026-01-23 03:34:34,643 [INFO] [Rank 0] Backward Pass - End
2026-01-23 03:34:34,660 [INFO] [Rank 1] Backward Pass - End
2026-01-23 03:34:35,024 [INFO] [Rank 0] Finished Batch 134
2026-01-23 03:34:35,024 [INFO] [Rank 1] Finished Batch 134
2026-01-23 03:34:35,044 [INFO] [Rank 0] Starting Batch 135
2026-01-23 03:34:35,062 [INFO] [Rank 1] Starting Batch 135
2026-01-23 03:34:35,076 [INFO] [Rank 0] Batch 135: Training Step Start
2026-01-23 03:34:35,094 [INFO] [Rank 1] Batch 135: Training Step Start
2026-01-23 03:34:35,115 [INFO] [Rank 0] Batch 135: Forward Start
2026-01-23 03:34:35,127 [INFO] [Rank 1] Batch 135: Forward Start
2026-01-23 03:34:35,148 [INFO] [Worker 0] Yielded sample 2800 from /storage/slurm/hunecke/fakesync/data/voxceleb2/preprocessed/shards_train/shard_0034.pt
2026-01-23 03:34:35,166 [INFO] [Worker 0] Yielded sample 2800 from /storage/slurm/hunecke/fakesync/data/voxceleb2/preprocessed/shards_train/shard_0161.pt
2026-01-23 03:34:35,247 [INFO] [Rank 0] Batch 135: Forward End (0.102s)
2026-01-23 03:34:35,260 [INFO] [Rank 1] Batch 135: Forward End (0.102s)
2026-01-23 03:34:35,414 [DEBUG] [Profile] batch_gap: 89.8ms, forward: 102.8ms, GPU_mem: 32.8GB (avg over 4 steps)
2026-01-23 03:34:35,427 [DEBUG] [Profile] batch_gap: 126.2ms, forward: 103.1ms, GPU_mem: 32.8GB (avg over 4 steps)
2026-01-23 03:34:35,432 [INFO] [Rank 0] Batch 135: Returning Loss
2026-01-23 03:34:35,502 [INFO] [Rank 1] Batch 135: Returning Loss
2026-01-23 03:34:35,524 [INFO] [Rank 0] Backward Pass - Start (DDP Sync happens here)
2026-01-23 03:34:35,540 [INFO] [Rank 1] Backward Pass - Start (DDP Sync happens here)
2026-01-23 03:34:36,183 [INFO] [Rank 0] Backward Pass - End
2026-01-23 03:34:36,184 [INFO] [Rank 1] Backward Pass - End
2026-01-23 03:34:36,229 [INFO] [Rank 0] Optimizer Step - Start
2026-01-23 03:34:36,247 [INFO] [Rank 1] Optimizer Step - Start
2026-01-23 03:34:36,341 [INFO] [Rank 0] Finished Batch 135
2026-01-23 03:34:36,341 [INFO] [Rank 1] Finished Batch 135
2026-01-23 03:34:36,361 [INFO] [Rank 0] Starting Batch 136
2026-01-23 03:34:36,380 [INFO] [Rank 1] Starting Batch 136
2026-01-23 03:34:36,396 [INFO] [Rank 0] Batch 136: Training Step Start
2026-01-23 03:34:36,411 [INFO] [Rank 1] Batch 136: Training Step Start
2026-01-23 03:34:36,424 [INFO] [Rank 0] Batch 136: Forward Start
2026-01-23 03:34:36,442 [INFO] [Rank 1] Batch 136: Forward Start
2026-01-23 03:34:36,559 [INFO] [Rank 0] Batch 136: Forward End (0.102s)
2026-01-23 03:34:36,582 [INFO] [Rank 0] Batch 136: Returning Loss
2026-01-23 03:34:36,630 [INFO] [Rank 1] Batch 136: Forward End (0.102s)
2026-01-23 03:34:36,653 [INFO] [Rank 0] Optimizer Step (Zero Grad) - Start
2026-01-23 03:34:36,677 [INFO] [Rank 1] Batch 136: Returning Loss
2026-01-23 03:34:36,686 [INFO] [Rank 0] Backward Pass - Start (DDP Sync happens here)
2026-01-23 03:34:36,706 [INFO] [Rank 1] Optimizer Step (Zero Grad) - Start
2026-01-23 03:34:36,811 [INFO] [Rank 1] Backward Pass - Start (DDP Sync happens here)
2026-01-23 03:34:37,198 [INFO] [Rank 0] Backward Pass - End
2026-01-23 03:34:37,240 [INFO] [Rank 1] Backward Pass - End
2026-01-23 03:34:37,499 [INFO] [Rank 0] Finished Batch 136
2026-01-23 03:34:37,499 [INFO] [Rank 1] Finished Batch 136
2026-01-23 03:34:37,519 [INFO] [Rank 0] Starting Batch 137
2026-01-23 03:34:37,532 [INFO] [Rank 1] Starting Batch 137
2026-01-23 03:34:37,549 [INFO] [Rank 0] Batch 137: Training Step Start
2026-01-23 03:34:37,567 [INFO] [Rank 1] Batch 137: Training Step Start
2026-01-23 03:34:37,580 [INFO] [Rank 0] Batch 137: Forward Start
2026-01-23 03:34:37,654 [INFO] [Rank 1] Batch 137: Forward Start
2026-01-23 03:34:37,775 [INFO] [Rank 0] Batch 137: Forward End (0.102s)
2026-01-23 03:34:37,795 [INFO] [Rank 1] Batch 137: Forward End (0.102s)
2026-01-23 03:34:37,815 [INFO] [Rank 0] Batch 137: Returning Loss
2026-01-23 03:34:37,828 [INFO] [Rank 1] Batch 137: Returning Loss
2026-01-23 03:34:37,848 [INFO] [Rank 0] Backward Pass - Start (DDP Sync happens here)
2026-01-23 03:34:37,864 [INFO] [Rank 1] Backward Pass - Start (DDP Sync happens here)
2026-01-23 03:34:38,352 [INFO] [Rank 0] Backward Pass - End
2026-01-23 03:34:38,373 [INFO] [Rank 1] Backward Pass - End
2026-01-23 03:34:38,823 [INFO] [Rank 0] Finished Batch 137
2026-01-23 03:34:38,823 [INFO] [Rank 1] Finished Batch 137
2026-01-23 03:34:38,839 [INFO] [Rank 0] Starting Batch 138
2026-01-23 03:34:38,860 [INFO] [Rank 1] Starting Batch 138
2026-01-23 03:34:38,945 [INFO] [Rank 0] Batch 138: Training Step Start
2026-01-23 03:34:38,961 [INFO] [Rank 1] Batch 138: Training Step Start
2026-01-23 03:34:38,973 [INFO] [Rank 0] Batch 138: Forward Start
2026-01-23 03:34:39,022 [INFO] [Rank 1] Batch 138: Forward Start
2026-01-23 03:34:39,144 [INFO] [Rank 0] Batch 138: Forward End (0.103s)
2026-01-23 03:34:39,162 [INFO] [Rank 1] Batch 138: Forward End (0.104s)
2026-01-23 03:34:39,171 [INFO] [Rank 0] Batch 138: Returning Loss
2026-01-23 03:34:39,195 [INFO] [Rank 1] Batch 138: Returning Loss
2026-01-23 03:34:39,246 [INFO] [Rank 0] Backward Pass - Start (DDP Sync happens here)
2026-01-23 03:34:39,260 [INFO] [Rank 1] Backward Pass - Start (DDP Sync happens here)
2026-01-23 03:34:39,721 [INFO] [Rank 0] Backward Pass - End
2026-01-23 03:34:39,738 [INFO] [Rank 1] Backward Pass - End
2026-01-23 03:34:40,088 [INFO] [Rank 0] Finished Batch 138
2026-01-23 03:34:40,088 [INFO] [Rank 1] Finished Batch 138
2026-01-23 03:34:40,105 [INFO] [Rank 0] Starting Batch 139
2026-01-23 03:34:40,121 [INFO] [Rank 1] Starting Batch 139
2026-01-23 03:34:40,132 [INFO] [Rank 0] Batch 139: Training Step Start
2026-01-23 03:34:40,147 [INFO] [Rank 1] Batch 139: Training Step Start
2026-01-23 03:34:40,158 [INFO] [Rank 0] Batch 139: Forward Start
2026-01-23 03:34:40,174 [INFO] [Rank 1] Batch 139: Forward Start
2026-01-23 03:34:40,383 [INFO] [Rank 0] Batch 139: Forward End (0.102s)
2026-01-23 03:34:40,400 [INFO] [Rank 1] Batch 139: Forward End (0.102s)
2026-01-23 03:34:40,551 [DEBUG] [Profile] batch_gap: 67.1ms, forward: 102.3ms, GPU_mem: 32.8GB (avg over 4 steps)
2026-01-23 03:34:40,568 [DEBUG] [Profile] batch_gap: 83.1ms, forward: 102.8ms, GPU_mem: 32.8GB (avg over 4 steps)
2026-01-23 03:34:40,595 [INFO] [Rank 0] Batch 139: Returning Loss
2026-01-23 03:34:40,613 [INFO] [Rank 1] Batch 139: Returning Loss
2026-01-23 03:34:40,666 [INFO] [Rank 0] Backward Pass - Start (DDP Sync happens here)
2026-01-23 03:34:40,687 [INFO] [Rank 1] Backward Pass - Start (DDP Sync happens here)
2026-01-23 03:34:41,118 [INFO] [Rank 0] Backward Pass - End
2026-01-23 03:34:41,133 [INFO] [Rank 1] Backward Pass - End
2026-01-23 03:34:41,276 [INFO] [Rank 0] Finished Batch 139
2026-01-23 03:34:41,277 [INFO] [Rank 1] Finished Batch 139
2026-01-23 03:34:41,293 [INFO] [Rank 0] Starting Batch 140
2026-01-23 03:34:41,310 [INFO] [Rank 1] Starting Batch 140
2026-01-23 03:34:41,329 [INFO] [Rank 0] Batch 140: Training Step Start
2026-01-23 03:34:41,345 [INFO] [Rank 1] Batch 140: Training Step Start
2026-01-23 03:34:41,420 [INFO] [Rank 0] Batch 140: Forward Start
2026-01-23 03:34:41,433 [INFO] [Rank 1] Batch 140: Forward Start
2026-01-23 03:34:41,465 [INFO] [Worker 0] Yielded sample 2900 from /storage/slurm/hunecke/fakesync/data/voxceleb2/preprocessed/shards_train/shard_0034.pt
2026-01-23 03:34:41,481 [INFO] [Worker 0] Yielded sample 2900 from /storage/slurm/hunecke/fakesync/data/voxceleb2/preprocessed/shards_train/shard_0161.pt
2026-01-23 03:34:41,548 [INFO] [Rank 0] Batch 140: Forward End (0.102s)
2026-01-23 03:34:41,573 [INFO] [Rank 0] Batch 140: Returning Loss
2026-01-23 03:34:41,589 [INFO] [Rank 1] Batch 140: Forward End (0.102s)
2026-01-23 03:34:41,621 [INFO] [Rank 0] Backward Pass - Start (DDP Sync happens here)
2026-01-23 03:34:41,647 [INFO] [Rank 1] Batch 140: Returning Loss
2026-01-23 03:34:41,667 [INFO] [Rank 1] Backward Pass - Start (DDP Sync happens here)
2026-01-23 03:34:42,125 [INFO] [Rank 0] Backward Pass - End
2026-01-23 03:34:42,167 [INFO] [Rank 1] Backward Pass - End
2026-01-23 03:34:42,528 [INFO] [Rank 0] Finished Batch 140
2026-01-23 03:34:42,529 [INFO] [Rank 1] Finished Batch 140
2026-01-23 03:34:42,543 [INFO] [Rank 0] Starting Batch 141
2026-01-23 03:34:42,556 [INFO] [Rank 1] Starting Batch 141
2026-01-23 03:34:42,664 [INFO] [Rank 0] Batch 141: Training Step Start
2026-01-23 03:34:42,684 [INFO] [Rank 1] Batch 141: Training Step Start
2026-01-23 03:34:42,695 [INFO] [Rank 0] Batch 141: Forward Start
2026-01-23 03:34:42,709 [INFO] [Rank 1] Batch 141: Forward Start
2026-01-23 03:34:42,837 [INFO] [Rank 0] Batch 141: Forward End (0.102s)
2026-01-23 03:34:42,857 [INFO] [Rank 0] Batch 141: Returning Loss
2026-01-23 03:34:42,860 [INFO] [Rank 1] Batch 141: Forward End (0.102s)
2026-01-23 03:34:42,873 [INFO] [Rank 0] Backward Pass - Start (DDP Sync happens here)
2026-01-23 03:34:42,894 [INFO] [Rank 1] Batch 141: Returning Loss
2026-01-23 03:34:42,930 [INFO] [Rank 1] Backward Pass - Start (DDP Sync happens here)
2026-01-23 03:34:43,414 [INFO] [Rank 0] Backward Pass - End
2026-01-23 03:34:43,438 [INFO] [Rank 1] Backward Pass - End
2026-01-23 03:34:43,766 [INFO] [Rank 0] Finished Batch 141
2026-01-23 03:34:43,767 [INFO] [Rank 1] Finished Batch 141
2026-01-23 03:34:43,838 [INFO] [Rank 0] Starting Batch 142
2026-01-23 03:34:43,853 [INFO] [Rank 1] Starting Batch 142
2026-01-23 03:34:43,870 [INFO] [Rank 0] Batch 142: Training Step Start
2026-01-23 03:34:43,889 [INFO] [Rank 1] Batch 142: Training Step Start
2026-01-23 03:34:43,901 [INFO] [Rank 0] Batch 142: Forward Start
2026-01-23 03:34:43,918 [INFO] [Rank 1] Batch 142: Forward Start
2026-01-23 03:34:44,046 [INFO] [Rank 0] Batch 142: Forward End (0.102s)
2026-01-23 03:34:44,065 [INFO] [Rank 1] Batch 142: Forward End (0.102s)
2026-01-23 03:34:44,114 [INFO] [Rank 0] Batch 142: Returning Loss
2026-01-23 03:34:44,138 [INFO] [Rank 1] Batch 142: Returning Loss
2026-01-23 03:34:44,153 [INFO] [Rank 0] Backward Pass - Start (DDP Sync happens here)
2026-01-23 03:34:44,171 [INFO] [Rank 1] Backward Pass - Start (DDP Sync happens here)
2026-01-23 03:34:44,661 [INFO] [Rank 0] Backward Pass - End
2026-01-23 03:34:44,683 [INFO] [Rank 1] Backward Pass - End
2026-01-23 03:34:45,154 [INFO] [Rank 0] Finished Batch 142
2026-01-23 03:34:45,155 [INFO] [Rank 1] Finished Batch 142
2026-01-23 03:34:45,172 [INFO] [Rank 0] Starting Batch 143
2026-01-23 03:34:45,229 [INFO] [Rank 1] Starting Batch 143
2026-01-23 03:34:45,243 [INFO] [Rank 0] Batch 143: Training Step Start
2026-01-23 03:34:45,259 [INFO] [Rank 1] Batch 143: Training Step Start
2026-01-23 03:34:45,275 [INFO] [Rank 0] Batch 143: Forward Start
2026-01-23 03:34:45,296 [INFO] [Rank 1] Batch 143: Forward Start
2026-01-23 03:34:45,411 [INFO] [Rank 0] Batch 143: Forward End (0.102s)
2026-01-23 03:34:45,461 [INFO] [Rank 1] Batch 143: Forward End (0.102s)
2026-01-23 03:34:45,579 [DEBUG] [Profile] batch_gap: 94.6ms, forward: 102.0ms, GPU_mem: 32.8GB (avg over 4 steps)
2026-01-23 03:34:45,610 [INFO] [Rank 0] Batch 143: Returning Loss
2026-01-23 03:34:45,624 [INFO] [Rank 0] Backward Pass - Start (DDP Sync happens here)
2026-01-23 03:34:45,629 [DEBUG] [Profile] batch_gap: 111.8ms, forward: 102.1ms, GPU_mem: 32.8GB (avg over 4 steps)
2026-01-23 03:34:45,705 [INFO] [Rank 1] Batch 143: Returning Loss
2026-01-23 03:34:45,720 [INFO] [Rank 1] Backward Pass - Start (DDP Sync happens here)
2026-01-23 03:34:46,354 [INFO] [Rank 1] Backward Pass - End
2026-01-23 03:34:46,354 [INFO] [Rank 0] Backward Pass - End
2026-01-23 03:34:46,387 [INFO] [Rank 1] Optimizer Step - Start
2026-01-23 03:34:46,405 [INFO] [Rank 0] Optimizer Step - Start
2026-01-23 03:34:46,598 [INFO] [Rank 0] Finished Batch 143
2026-01-23 03:34:46,598 [INFO] [Rank 1] Finished Batch 143
2026-01-23 03:34:46,617 [INFO] [Rank 0] Starting Batch 144
2026-01-23 03:34:46,634 [INFO] [Rank 1] Starting Batch 144
2026-01-23 03:34:46,656 [INFO] [Rank 0] Batch 144: Training Step Start
2026-01-23 03:34:46,670 [INFO] [Rank 1] Batch 144: Training Step Start
2026-01-23 03:34:46,689 [INFO] [Rank 0] Batch 144: Forward Start
2026-01-23 03:34:46,705 [INFO] [Rank 1] Batch 144: Forward Start
2026-01-23 03:34:46,822 [INFO] [Rank 0] Batch 144: Forward End (0.102s)
2026-01-23 03:34:46,854 [INFO] [Rank 0] Batch 144: Returning Loss
2026-01-23 03:34:46,872 [INFO] [Rank 0] Optimizer Step (Zero Grad) - Start
2026-01-23 03:34:46,891 [INFO] [Rank 0] Backward Pass - Start (DDP Sync happens here)
2026-01-23 03:34:46,897 [INFO] [Rank 1] Batch 144: Forward End (0.102s)
2026-01-23 03:34:46,984 [INFO] [Rank 1] Batch 144: Returning Loss
2026-01-23 03:34:47,040 [INFO] [Rank 1] Optimizer Step (Zero Grad) - Start
2026-01-23 03:34:47,061 [INFO] [Rank 1] Backward Pass - Start (DDP Sync happens here)
2026-01-23 03:34:47,399 [INFO] [Rank 0] Backward Pass - End
2026-01-23 03:34:47,486 [INFO] [Rank 1] Backward Pass - End
2026-01-23 03:34:47,521 [INFO] [Rank 0] Finished Batch 144
2026-01-23 03:34:47,537 [INFO] [Rank 0] Starting Batch 145
2026-01-23 03:34:47,591 [INFO] [Rank 1] Finished Batch 144
2026-01-23 03:34:47,601 [INFO] [Rank 0] Batch 145: Training Step Start
2026-01-23 03:34:47,621 [INFO] [Rank 1] Starting Batch 145
2026-01-23 03:34:47,641 [INFO] [Rank 0] Batch 145: Forward Start
2026-01-23 03:34:47,669 [INFO] [Rank 1] Batch 145: Training Step Start
2026-01-23 03:34:47,709 [INFO] [Rank 1] Batch 145: Forward Start
2026-01-23 03:34:47,770 [INFO] [Worker 0] Yielded sample 3000 from /storage/slurm/hunecke/fakesync/data/voxceleb2/preprocessed/shards_train/shard_0034.pt
2026-01-23 03:34:47,789 [INFO] [Rank 0] Batch 145: Forward End (0.102s)
2026-01-23 03:34:47,815 [INFO] [Rank 0] Batch 145: Returning Loss
2026-01-23 03:34:47,827 [INFO] [Rank 1] Batch 145: Forward End (0.102s)
2026-01-23 03:34:47,842 [INFO] [Rank 0] Backward Pass - Start (DDP Sync happens here)
2026-01-23 03:34:47,851 [INFO] [Worker 0] Yielded sample 3000 from /storage/slurm/hunecke/fakesync/data/voxceleb2/preprocessed/shards_train/shard_0161.pt
2026-01-23 03:34:47,874 [INFO] [Rank 1] Batch 145: Returning Loss
2026-01-23 03:34:47,947 [INFO] [Rank 1] Backward Pass - Start (DDP Sync happens here)
2026-01-23 03:34:48,366 [INFO] [Rank 0] Backward Pass - End
2026-01-23 03:34:48,405 [INFO] [Rank 1] Backward Pass - End
2026-01-23 03:34:48,691 [INFO] [Rank 0] Finished Batch 145
2026-01-23 03:34:48,691 [INFO] [Rank 1] Finished Batch 145
2026-01-23 03:34:48,708 [INFO] [Rank 0] Starting Batch 146
2026-01-23 03:34:48,721 [INFO] [Rank 1] Starting Batch 146
2026-01-23 03:34:48,739 [INFO] [Rank 0] Batch 146: Training Step Start
2026-01-23 03:34:48,752 [INFO] [Rank 1] Batch 146: Training Step Start
2026-01-23 03:34:48,796 [INFO] [Rank 0] Batch 146: Forward Start
2026-01-23 03:34:48,816 [INFO] [Rank 1] Batch 146: Forward Start
2026-01-23 03:34:48,940 [INFO] [Rank 0] Batch 146: Forward End (0.102s)
2026-01-23 03:34:48,963 [INFO] [Rank 0] Batch 146: Returning Loss
2026-01-23 03:34:48,966 [INFO] [Rank 1] Batch 146: Forward End (0.102s)
2026-01-23 03:34:48,980 [INFO] [Rank 0] Backward Pass - Start (DDP Sync happens here)
2026-01-23 03:34:49,046 [INFO] [Rank 1] Batch 146: Returning Loss
2026-01-23 03:34:49,080 [INFO] [Rank 1] Backward Pass - Start (DDP Sync happens here)
2026-01-23 03:34:49,517 [INFO] [Rank 0] Backward Pass - End
2026-01-23 03:34:49,563 [INFO] [Rank 1] Backward Pass - End
2026-01-23 03:34:49,641 [INFO] [Rank 0] Finished Batch 146
2026-01-23 03:34:49,670 [INFO] [Rank 1] Finished Batch 146
2026-01-23 03:34:49,980 [INFO] [Rank 0] Starting Batch 147
2026-01-23 03:34:49,995 [INFO] [Rank 1] Starting Batch 147
2026-01-23 03:34:50,060 [INFO] [Rank 0] Batch 147: Training Step Start
2026-01-23 03:34:50,086 [INFO] [Rank 1] Batch 147: Training Step Start
2026-01-23 03:34:50,102 [INFO] [Rank 0] Batch 147: Forward Start
2026-01-23 03:34:50,122 [INFO] [Rank 1] Batch 147: Forward Start
2026-01-23 03:34:50,237 [INFO] [Rank 0] Batch 147: Forward End (0.102s)
2026-01-23 03:34:50,247 [INFO] [Rank 1] Batch 147: Forward End (0.102s)
2026-01-23 03:34:50,405 [DEBUG] [Profile] batch_gap: 151.0ms, forward: 102.0ms, GPU_mem: 32.8GB (avg over 4 steps)
2026-01-23 03:34:50,415 [DEBUG] [Profile] batch_gap: 156.1ms, forward: 102.2ms, GPU_mem: 32.8GB (avg over 4 steps)
2026-01-23 03:34:50,435 [INFO] [Rank 0] Batch 147: Returning Loss
2026-01-23 03:34:50,448 [INFO] [Rank 1] Batch 147: Returning Loss
2026-01-23 03:34:50,461 [INFO] [Rank 0] Backward Pass - Start (DDP Sync happens here)
2026-01-23 03:34:50,474 [INFO] [Rank 1] Backward Pass - Start (DDP Sync happens here)
2026-01-23 03:34:50,974 [INFO] [Rank 0] Backward Pass - End
2026-01-23 03:34:50,992 [INFO] [Rank 1] Backward Pass - End
2026-01-23 03:34:51,358 [INFO] [Rank 0] Finished Batch 147
2026-01-23 03:34:51,358 [INFO] [Rank 1] Finished Batch 147
2026-01-23 03:34:51,365 [INFO] [Rank 0] Starting Batch 148
2026-01-23 03:34:51,419 [INFO] [Rank 1] Starting Batch 148
2026-01-23 03:34:51,433 [INFO] [Rank 0] Batch 148: Training Step Start
2026-01-23 03:34:51,488 [INFO] [Rank 1] Batch 148: Training Step Start
2026-01-23 03:34:51,504 [INFO] [Rank 0] Batch 148: Forward Start
2026-01-23 03:34:51,518 [INFO] [Rank 1] Batch 148: Forward Start
2026-01-23 03:34:51,636 [INFO] [Rank 0] Batch 148: Forward End (0.102s)
2026-01-23 03:34:51,675 [INFO] [Rank 0] Batch 148: Returning Loss
2026-01-23 03:34:51,690 [INFO] [Rank 0] Backward Pass - Start (DDP Sync happens here)
2026-01-23 03:34:51,754 [INFO] [Rank 1] Batch 148: Forward End (0.102s)
2026-01-23 03:34:51,778 [INFO] [Rank 1] Batch 148: Returning Loss
2026-01-23 03:34:51,834 [INFO] [Rank 1] Backward Pass - Start (DDP Sync happens here)
2026-01-23 03:34:52,213 [INFO] [Rank 0] Backward Pass - End
2026-01-23 03:34:52,331 [INFO] [Rank 1] Backward Pass - End
2026-01-23 03:34:52,568 [INFO] [Rank 0] Finished Batch 148
2026-01-23 03:34:52,568 [INFO] [Rank 1] Finished Batch 148
2026-01-23 03:34:52,596 [INFO] [Rank 0] Starting Batch 149
2026-01-23 03:34:52,611 [INFO] [Rank 1] Starting Batch 149
2026-01-23 03:34:52,637 [INFO] [Rank 0] Batch 149: Training Step Start
2026-01-23 03:34:52,710 [INFO] [Rank 1] Batch 149: Training Step Start
2026-01-23 03:34:52,728 [INFO] [Rank 0] Batch 149: Forward Start
2026-01-23 03:34:52,744 [INFO] [Rank 1] Batch 149: Forward Start
2026-01-23 03:34:52,865 [INFO] [Rank 0] Batch 149: Forward End (0.103s)
2026-01-23 03:34:52,880 [INFO] [Rank 1] Batch 149: Forward End (0.102s)
2026-01-23 03:34:52,892 [INFO] [Rank 0] Batch 149: Returning Loss
2026-01-23 03:34:52,910 [INFO] [Rank 1] Batch 149: Returning Loss
2026-01-23 03:34:52,918 [INFO] [Rank 0] Backward Pass - Start (DDP Sync happens here)
2026-01-23 03:34:52,935 [INFO] [Rank 1] Backward Pass - Start (DDP Sync happens here)
2026-01-23 03:34:53,442 [INFO] [Rank 0] Backward Pass - End
2026-01-23 03:34:53,458 [INFO] [Rank 1] Backward Pass - End
2026-01-23 03:34:53,891 [INFO] [Rank 0] Finished Batch 149
2026-01-23 03:34:53,891 [INFO] [Rank 1] Finished Batch 149
2026-01-23 03:34:53,906 [INFO] [Rank 0] Starting Batch 150
2026-01-23 03:34:53,922 [INFO] [Rank 1] Starting Batch 150
2026-01-23 03:34:53,938 [INFO] [Rank 0] Batch 150: Training Step Start
2026-01-23 03:34:53,959 [INFO] [Rank 1] Batch 150: Training Step Start
2026-01-23 03:34:53,971 [INFO] [Rank 0] Batch 150: Forward Start
2026-01-23 03:34:54,024 [INFO] [Rank 1] Batch 150: Forward Start
2026-01-23 03:34:54,208 [INFO] [Rank 0] Batch 150: Forward End (0.102s)
2026-01-23 03:34:54,213 [INFO] [Worker 0] Yielded sample 3100 from /storage/slurm/hunecke/fakesync/data/voxceleb2/preprocessed/shards_train/shard_0034.pt
2026-01-23 03:34:54,215 [INFO] [Worker 0] Yielded sample 3100 from /storage/slurm/hunecke/fakesync/data/voxceleb2/preprocessed/shards_train/shard_0161.pt
2026-01-23 03:34:54,224 [INFO] [Rank 1] Batch 150: Forward End (0.102s)
2026-01-23 03:34:54,253 [INFO] [Rank 0] Batch 150: Returning Loss
2026-01-23 03:34:54,317 [INFO] [Rank 1] Batch 150: Returning Loss
2026-01-23 03:34:54,332 [INFO] [Rank 0] Backward Pass - Start (DDP Sync happens here)
2026-01-23 03:34:54,393 [INFO] [Rank 1] Backward Pass - Start (DDP Sync happens here)
2026-01-23 03:34:54,827 [INFO] [Rank 0] Backward Pass - End
2026-01-23 03:34:54,902 [INFO] [Rank 1] Backward Pass - End
2026-01-23 03:34:54,967 [INFO] [Rank 0] Finished Batch 150
2026-01-23 03:34:54,985 [INFO] [Rank 0] Starting Batch 151
2026-01-23 03:34:55,003 [INFO] [Rank 0] Batch 151: Training Step Start
2026-01-23 03:34:55,009 [INFO] [Rank 1] Finished Batch 150
2026-01-23 03:34:55,019 [INFO] [Rank 0] Batch 151: Forward Start
2026-01-23 03:34:55,038 [INFO] [Rank 1] Starting Batch 151
2026-01-23 03:34:55,127 [INFO] [Rank 1] Batch 151: Training Step Start
2026-01-23 03:34:55,146 [INFO] [Rank 1] Batch 151: Forward Start
2026-01-23 03:34:55,208 [INFO] [Rank 0] Batch 151: Forward End (0.102s)
2026-01-23 03:34:55,261 [INFO] [Rank 1] Batch 151: Forward End (0.102s)
2026-01-23 03:34:55,376 [DEBUG] [Profile] batch_gap: 56.0ms, forward: 102.2ms, GPU_mem: 32.8GB (avg over 4 steps)
2026-01-23 03:34:55,394 [INFO] [Rank 0] Batch 151: Returning Loss
2026-01-23 03:34:55,406 [INFO] [Rank 0] Backward Pass - Start (DDP Sync happens here)
2026-01-23 03:34:55,429 [DEBUG] [Profile] batch_gap: 113.5ms, forward: 102.2ms, GPU_mem: 32.8GB (avg over 4 steps)
2026-01-23 03:34:55,477 [INFO] [Rank 1] Batch 151: Returning Loss
2026-01-23 03:34:55,492 [INFO] [Rank 1] Backward Pass - Start (DDP Sync happens here)
2026-01-23 03:34:56,084 [INFO] [Rank 0] Backward Pass - End
2026-01-23 03:34:56,084 [INFO] [Rank 1] Backward Pass - End
2026-01-23 03:34:56,326 [INFO] [Rank 0] Optimizer Step - Start
2026-01-23 03:34:56,341 [INFO] [Rank 1] Optimizer Step - Start
2026-01-23 03:34:56,442 [INFO] [Rank 0] Finished Batch 151
2026-01-23 03:34:56,442 [INFO] [Rank 1] Finished Batch 151
2026-01-23 03:34:56,479 [INFO] [Rank 0] Starting Batch 152
2026-01-23 03:34:56,552 [INFO] [Rank 0] Batch 152: Training Step Start
2026-01-23 03:34:56,552 [INFO] [Rank 1] Starting Batch 152
2026-01-23 03:34:56,572 [INFO] [Rank 0] Batch 152: Forward Start
2026-01-23 03:34:56,648 [INFO] [Rank 1] Batch 152: Training Step Start
2026-01-23 03:34:56,678 [INFO] [Rank 1] Batch 152: Forward Start
2026-01-23 03:34:56,766 [INFO] [Rank 0] Batch 152: Forward End (0.102s)
2026-01-23 03:34:56,792 [INFO] [Rank 0] Batch 152: Returning Loss
2026-01-23 03:34:56,806 [INFO] [Rank 1] Batch 152: Forward End (0.102s)
2026-01-23 03:34:56,816 [INFO] [Rank 0] Optimizer Step (Zero Grad) - Start
2026-01-23 03:34:56,838 [INFO] [Rank 1] Batch 152: Returning Loss
2026-01-23 03:34:56,900 [INFO] [Rank 0] Backward Pass - Start (DDP Sync happens here)
2026-01-23 03:34:56,914 [INFO] [Rank 1] Optimizer Step (Zero Grad) - Start
2026-01-23 03:34:56,952 [INFO] [Rank 1] Backward Pass - Start (DDP Sync happens here)
2026-01-23 03:34:57,343 [INFO] [Rank 0] Backward Pass - End
2026-01-23 03:34:57,385 [INFO] [Rank 1] Backward Pass - End
2026-01-23 03:34:57,491 [INFO] [Rank 0] Finished Batch 152
2026-01-23 03:34:57,491 [INFO] [Rank 1] Finished Batch 152
2026-01-23 03:34:57,522 [INFO] [Rank 0] Starting Batch 153
2026-01-23 03:34:57,542 [INFO] [Rank 1] Starting Batch 153
2026-01-23 03:34:57,544 [INFO] [Rank 0] Batch 153: Training Step Start
2026-01-23 03:34:57,558 [INFO] [Rank 1] Batch 153: Training Step Start
2026-01-23 03:34:57,579 [INFO] [Rank 0] Batch 153: Forward Start
2026-01-23 03:34:57,659 [INFO] [Rank 1] Batch 153: Forward Start
2026-01-23 03:34:57,773 [INFO] [Rank 0] Batch 153: Forward End (0.102s)
2026-01-23 03:34:57,839 [INFO] [Rank 0] Batch 153: Returning Loss
2026-01-23 03:34:57,839 [INFO] [Rank 1] Batch 153: Forward End (0.102s)
2026-01-23 03:34:57,855 [INFO] [Rank 0] Backward Pass - Start (DDP Sync happens here)
2026-01-23 03:34:57,877 [INFO] [Rank 1] Batch 153: Returning Loss
2026-01-23 03:34:57,923 [INFO] [Rank 1] Backward Pass - Start (DDP Sync happens here)
2026-01-23 03:34:58,350 [INFO] [Rank 0] Backward Pass - End
2026-01-23 03:34:58,417 [INFO] [Rank 1] Backward Pass - End
2026-01-23 03:34:58,758 [INFO] [Rank 0] Finished Batch 153
2026-01-23 03:34:58,758 [INFO] [Rank 1] Finished Batch 153
2026-01-23 03:34:58,845 [INFO] [Rank 0] Starting Batch 154
2026-01-23 03:34:58,865 [INFO] [Rank 0] Batch 154: Training Step Start
2026-01-23 03:34:58,865 [INFO] [Rank 1] Starting Batch 154
2026-01-23 03:34:58,884 [INFO] [Rank 0] Batch 154: Forward Start
2026-01-23 03:34:58,950 [INFO] [Rank 1] Batch 154: Training Step Start
2026-01-23 03:34:58,996 [INFO] [Rank 1] Batch 154: Forward Start
2026-01-23 03:34:59,071 [INFO] [Rank 0] Batch 154: Forward End (0.102s)
2026-01-23 03:34:59,119 [INFO] [Rank 1] Batch 154: Forward End (0.102s)
2026-01-23 03:34:59,124 [INFO] [Rank 0] Batch 154: Returning Loss
2026-01-23 03:34:59,138 [INFO] [Rank 1] Batch 154: Returning Loss
2026-01-23 03:34:59,150 [INFO] [Rank 0] Backward Pass - Start (DDP Sync happens here)
2026-01-23 03:34:59,174 [INFO] [Rank 1] Backward Pass - Start (DDP Sync happens here)
2026-01-23 03:34:59,649 [INFO] [Rank 0] Backward Pass - End
2026-01-23 03:34:59,697 [INFO] [Rank 1] Backward Pass - End
2026-01-23 03:35:00,107 [INFO] [Rank 0] Finished Batch 154
2026-01-23 03:35:00,108 [INFO] [Rank 1] Finished Batch 154
2026-01-23 03:35:00,142 [INFO] [Rank 0] Starting Batch 155
2026-01-23 03:35:00,166 [INFO] [Rank 1] Starting Batch 155
2026-01-23 03:35:00,168 [INFO] [Rank 0] Batch 155: Training Step Start
2026-01-23 03:35:00,187 [INFO] [Rank 1] Batch 155: Training Step Start
2026-01-23 03:35:00,204 [INFO] [Rank 0] Batch 155: Forward Start
2026-01-23 03:35:00,221 [INFO] [Rank 1] Batch 155: Forward Start
2026-01-23 03:35:00,334 [INFO] [Rank 0] Batch 155: Forward End (0.102s)
2026-01-23 03:35:00,348 [INFO] [Rank 1] Batch 155: Forward End (0.102s)
2026-01-23 03:35:00,498 [INFO] [Worker 0] Yielded sample 3200 from /storage/slurm/hunecke/fakesync/data/voxceleb2/preprocessed/shards_train/shard_0034.pt
2026-01-23 03:35:00,502 [DEBUG] [Profile] batch_gap: 82.6ms, forward: 102.1ms, GPU_mem: 32.8GB (avg over 4 steps)
2026-01-23 03:35:00,515 [INFO] [Worker 0] Yielded sample 3200 from /storage/slurm/hunecke/fakesync/data/voxceleb2/preprocessed/shards_train/shard_0161.pt
2026-01-23 03:35:00,516 [DEBUG] [Profile] batch_gap: 135.4ms, forward: 102.2ms, GPU_mem: 32.8GB (avg over 4 steps)
2026-01-23 03:35:00,524 [INFO] [Rank 0] Batch 155: Returning Loss
2026-01-23 03:35:00,561 [INFO] [Rank 1] Batch 155: Returning Loss
2026-01-23 03:35:00,614 [INFO] [Rank 0] Backward Pass - Start (DDP Sync happens here)
2026-01-23 03:35:00,634 [INFO] [Rank 1] Backward Pass - Start (DDP Sync happens here)
2026-01-23 03:35:01,062 [INFO] [Rank 0] Backward Pass - End
2026-01-23 03:35:01,080 [INFO] [Rank 1] Backward Pass - End
2026-01-23 03:35:01,431 [INFO] [Rank 0] Finished Batch 155
2026-01-23 03:35:01,431 [INFO] [Rank 1] Finished Batch 155
2026-01-23 03:35:01,473 [INFO] [Rank 0] Starting Batch 156
2026-01-23 03:35:01,533 [INFO] [Rank 1] Starting Batch 156
2026-01-23 03:35:01,536 [INFO] [Rank 0] Batch 156: Training Step Start
2026-01-23 03:35:01,554 [INFO] [Rank 1] Batch 156: Training Step Start
2026-01-23 03:35:01,567 [INFO] [Rank 0] Batch 156: Forward Start
2026-01-23 03:35:01,578 [INFO] [Rank 1] Batch 156: Forward Start
2026-01-23 03:35:01,694 [INFO] [Rank 0] Batch 156: Forward End (0.102s)
2026-01-23 03:35:01,711 [INFO] [Rank 1] Batch 156: Forward End (0.102s)
2026-01-23 03:35:01,726 [INFO] [Rank 0] Batch 156: Returning Loss
2026-01-23 03:35:01,800 [INFO] [Rank 1] Batch 156: Returning Loss
2026-01-23 03:35:01,808 [INFO] [Rank 0] Backward Pass - Start (DDP Sync happens here)
2026-01-23 03:35:01,822 [INFO] [Rank 1] Backward Pass - Start (DDP Sync happens here)
2026-01-23 03:35:02,280 [INFO] [Rank 0] Backward Pass - End
2026-01-23 03:35:02,290 [INFO] [Rank 1] Backward Pass - End
2026-01-23 03:35:02,747 [INFO] [Rank 0] Finished Batch 156
2026-01-23 03:35:02,747 [INFO] [Rank 1] Finished Batch 156
2026-01-23 03:35:02,779 [INFO] [Rank 0] Starting Batch 157
2026-01-23 03:35:02,794 [INFO] [Rank 1] Starting Batch 157
2026-01-23 03:35:02,795 [INFO] [Rank 0] Batch 157: Training Step Start
2026-01-23 03:35:02,884 [INFO] [Rank 1] Batch 157: Training Step Start
2026-01-23 03:35:02,898 [INFO] [Rank 0] Batch 157: Forward Start
2026-01-23 03:35:02,915 [INFO] [Rank 1] Batch 157: Forward Start
2026-01-23 03:35:03,033 [INFO] [Rank 0] Batch 157: Forward End (0.102s)
2026-01-23 03:35:03,108 [INFO] [Rank 1] Batch 157: Forward End (0.102s)
2026-01-23 03:35:03,114 [INFO] [Rank 0] Batch 157: Returning Loss
2026-01-23 03:35:03,141 [INFO] [Rank 1] Batch 157: Returning Loss
2026-01-23 03:35:03,157 [INFO] [Rank 0] Backward Pass - Start (DDP Sync happens here)
2026-01-23 03:35:03,169 [INFO] [Rank 1] Backward Pass - Start (DDP Sync happens here)
2026-01-23 03:35:03,611 [INFO] [Rank 0] Backward Pass - End
2026-01-23 03:35:03,686 [INFO] [Rank 1] Backward Pass - End
2026-01-23 03:35:03,860 [INFO] [Rank 0] Finished Batch 157
2026-01-23 03:35:03,860 [INFO] [Rank 1] Finished Batch 157
2026-01-23 03:35:03,897 [INFO] [Rank 0] Starting Batch 158
2026-01-23 03:35:03,911 [INFO] [Rank 1] Starting Batch 158
2026-01-23 03:35:03,913 [INFO] [Rank 0] Batch 158: Training Step Start
2026-01-23 03:35:03,941 [INFO] [Rank 1] Batch 158: Training Step Start
2026-01-23 03:35:03,959 [INFO] [Rank 0] Batch 158: Forward Start
2026-01-23 03:35:03,978 [INFO] [Rank 1] Batch 158: Forward Start
2026-01-23 03:35:04,155 [INFO] [Rank 0] Batch 158: Forward End (0.104s)
2026-01-23 03:35:04,174 [INFO] [Rank 1] Batch 158: Forward End (0.105s)
2026-01-23 03:35:04,178 [INFO] [Rank 0] Batch 158: Returning Loss
2026-01-23 03:35:04,198 [INFO] [Rank 1] Batch 158: Returning Loss
2026-01-23 03:35:04,205 [INFO] [Rank 0] Backward Pass - Start (DDP Sync happens here)
2026-01-23 03:35:04,229 [INFO] [Rank 1] Backward Pass - Start (DDP Sync happens here)
2026-01-23 03:35:04,730 [INFO] [Rank 0] Backward Pass - End
2026-01-23 03:35:04,750 [INFO] [Rank 1] Backward Pass - End
2026-01-23 03:35:05,072 [INFO] [Rank 0] Finished Batch 158
2026-01-23 03:35:05,072 [INFO] [Rank 1] Finished Batch 158
2026-01-23 03:35:05,164 [INFO] [Rank 0] Starting Batch 159
2026-01-23 03:35:05,183 [INFO] [Rank 1] Starting Batch 159
2026-01-23 03:35:05,183 [INFO] [Rank 0] Batch 159: Training Step Start
2026-01-23 03:35:05,198 [INFO] [Rank 1] Batch 159: Training Step Start
2026-01-23 03:35:05,217 [INFO] [Rank 0] Batch 159: Forward Start
2026-01-23 03:35:05,228 [INFO] [Rank 1] Batch 159: Forward Start
2026-01-23 03:35:05,352 [INFO] [Rank 0] Batch 159: Forward End (0.102s)
2026-01-23 03:35:05,366 [INFO] [Rank 1] Batch 159: Forward End (0.102s)
2026-01-23 03:35:05,519 [DEBUG] [Profile] batch_gap: 78.8ms, forward: 102.7ms, GPU_mem: 32.8GB (avg over 4 steps)
2026-01-23 03:35:05,534 [DEBUG] [Profile] batch_gap: 116.1ms, forward: 103.0ms, GPU_mem: 32.8GB (avg over 4 steps)
2026-01-23 03:35:05,542 [INFO] [Rank 0] Batch 159: Returning Loss
2026-01-23 03:35:05,557 [INFO] [Rank 1] Batch 159: Returning Loss
2026-01-23 03:35:05,582 [INFO] [Rank 0] Backward Pass - Start (DDP Sync happens here)
2026-01-23 03:35:05,609 [INFO] [Rank 1] Backward Pass - Start (DDP Sync happens here)
2026-01-23 03:35:06,223 [INFO] [Rank 0] Backward Pass - End
2026-01-23 03:35:06,223 [INFO] [Rank 1] Backward Pass - End
2026-01-23 03:35:06,334 [INFO] [Rank 0] Optimizer Step - Start
2026-01-23 03:35:06,348 [INFO] [Rank 1] Optimizer Step - Start
2026-01-23 03:35:06,447 [INFO] [Rank 0] Finished Batch 159
2026-01-23 03:35:06,447 [INFO] [Rank 1] Finished Batch 159
2026-01-23 03:35:06,467 [INFO] [Rank 0] Starting Batch 160
2026-01-23 03:35:06,484 [INFO] [Rank 1] Starting Batch 160
2026-01-23 03:35:06,521 [INFO] [Rank 0] Batch 160: Training Step Start
2026-01-23 03:35:06,534 [INFO] [Rank 1] Batch 160: Training Step Start
2026-01-23 03:35:06,595 [INFO] [Rank 0] Batch 160: Forward Start
2026-01-23 03:35:06,652 [INFO] [Rank 1] Batch 160: Forward Start
2026-01-23 03:35:06,765 [INFO] [Rank 0] Batch 160: Forward End (0.102s)
2026-01-23 03:35:06,782 [INFO] [Rank 1] Batch 160: Forward End (0.102s)
2026-01-23 03:35:06,836 [INFO] [Rank 0] Batch 160: Returning Loss
2026-01-23 03:35:06,856 [INFO] [Rank 1] Batch 160: Returning Loss
2026-01-23 03:35:06,862 [INFO] [Rank 0] Optimizer Step (Zero Grad) - Start
2026-01-23 03:35:06,905 [INFO] [Worker 0] Yielded sample 3300 from /storage/slurm/hunecke/fakesync/data/voxceleb2/preprocessed/shards_train/shard_0034.pt
2026-01-23 03:35:06,910 [INFO] [Worker 0] Yielded sample 3300 from /storage/slurm/hunecke/fakesync/data/voxceleb2/preprocessed/shards_train/shard_0161.pt
2026-01-23 03:35:06,930 [INFO] [Rank 1] Optimizer Step (Zero Grad) - Start
2026-01-23 03:35:06,949 [INFO] [Rank 0] Backward Pass - Start (DDP Sync happens here)
2026-01-23 03:35:07,064 [INFO] [Rank 1] Backward Pass - Start (DDP Sync happens here)
2026-01-23 03:35:07,492 [INFO] [Rank 0] Backward Pass - End
2026-01-23 03:35:07,512 [INFO] [Rank 1] Backward Pass - End
2026-01-23 03:35:07,617 [INFO] [Rank 0] Finished Batch 160
2026-01-23 03:35:07,617 [INFO] [Rank 1] Finished Batch 160
2026-01-23 03:35:07,640 [INFO] [Rank 0] Starting Batch 161
2026-01-23 03:35:07,664 [INFO] [Rank 1] Starting Batch 161
2026-01-23 03:35:07,679 [INFO] [Rank 0] Batch 161: Training Step Start
2026-01-23 03:35:07,754 [INFO] [Rank 1] Batch 161: Training Step Start
2026-01-23 03:35:07,776 [INFO] [Rank 0] Batch 161: Forward Start
2026-01-23 03:35:07,796 [INFO] [Rank 1] Batch 161: Forward Start
2026-01-23 03:35:07,911 [INFO] [Rank 0] Batch 161: Forward End (0.102s)
2026-01-23 03:35:07,941 [INFO] [Rank 0] Batch 161: Returning Loss
2026-01-23 03:35:07,985 [INFO] [Rank 1] Batch 161: Forward End (0.103s)
2026-01-23 03:35:08,006 [INFO] [Rank 0] Backward Pass - Start (DDP Sync happens here)
2026-01-23 03:35:08,034 [INFO] [Rank 1] Batch 161: Returning Loss
2026-01-23 03:35:08,063 [INFO] [Rank 1] Backward Pass - Start (DDP Sync happens here)
2026-01-23 03:35:08,488 [INFO] [Rank 0] Backward Pass - End
2026-01-23 03:35:08,562 [INFO] [Rank 1] Backward Pass - End
2026-01-23 03:35:08,710 [INFO] [Rank 0] Finished Batch 161
2026-01-23 03:35:08,710 [INFO] [Rank 1] Finished Batch 161
2026-01-23 03:35:08,728 [INFO] [Rank 0] Starting Batch 162
2026-01-23 03:35:08,742 [INFO] [Rank 1] Starting Batch 162
2026-01-23 03:35:08,813 [INFO] [Rank 0] Batch 162: Training Step Start
2026-01-23 03:35:08,842 [INFO] [Rank 1] Batch 162: Training Step Start
2026-01-23 03:35:08,860 [INFO] [Rank 0] Batch 162: Forward Start
2026-01-23 03:35:08,876 [INFO] [Rank 1] Batch 162: Forward Start
2026-01-23 03:35:09,000 [INFO] [Rank 0] Batch 162: Forward End (0.102s)
2026-01-23 03:35:09,013 [INFO] [Rank 1] Batch 162: Forward End (0.102s)
2026-01-23 03:35:09,021 [INFO] [Rank 0] Batch 162: Returning Loss
2026-01-23 03:35:09,036 [INFO] [Rank 1] Batch 162: Returning Loss
2026-01-23 03:35:09,054 [INFO] [Rank 0] Backward Pass - Start (DDP Sync happens here)
2026-01-23 03:35:09,066 [INFO] [Rank 1] Backward Pass - Start (DDP Sync happens here)
2026-01-23 03:35:09,577 [INFO] [Rank 0] Backward Pass - End
2026-01-23 03:35:09,591 [INFO] [Rank 1] Backward Pass - End
2026-01-23 03:35:09,941 [INFO] [Rank 0] Finished Batch 162
2026-01-23 03:35:09,942 [INFO] [Rank 1] Finished Batch 162
2026-01-23 03:35:10,015 [INFO] [Rank 0] Starting Batch 163
2026-01-23 03:35:10,033 [INFO] [Rank 1] Starting Batch 163
2026-01-23 03:35:10,096 [INFO] [Rank 0] Batch 163: Training Step Start
2026-01-23 03:35:10,122 [INFO] [Rank 1] Batch 163: Training Step Start
2026-01-23 03:35:10,137 [INFO] [Rank 0] Batch 163: Forward Start
2026-01-23 03:35:10,200 [INFO] [Rank 1] Batch 163: Forward Start
2026-01-23 03:35:10,321 [INFO] [Rank 0] Batch 163: Forward End (0.102s)
2026-01-23 03:35:10,340 [INFO] [Rank 1] Batch 163: Forward End (0.102s)
2026-01-23 03:35:10,489 [DEBUG] [Profile] batch_gap: 97.7ms, forward: 102.1ms, GPU_mem: 32.8GB (avg over 4 steps)
2026-01-23 03:35:10,504 [INFO] [Rank 0] Batch 163: Returning Loss
2026-01-23 03:35:10,508 [DEBUG] [Profile] batch_gap: 133.2ms, forward: 102.3ms, GPU_mem: 32.8GB (avg over 4 steps)
2026-01-23 03:35:10,535 [INFO] [Rank 0] Backward Pass - Start (DDP Sync happens here)
2026-01-23 03:35:10,551 [INFO] [Rank 1] Batch 163: Returning Loss
2026-01-23 03:35:10,633 [INFO] [Rank 1] Backward Pass - Start (DDP Sync happens here)
2026-01-23 03:35:10,978 [INFO] [Rank 0] Backward Pass - End
2026-01-23 03:35:11,074 [INFO] [Rank 1] Backward Pass - End
2026-01-23 03:35:11,334 [INFO] [Rank 0] Finished Batch 163
2026-01-23 03:35:11,334 [INFO] [Rank 1] Finished Batch 163
2026-01-23 03:35:11,351 [INFO] [Rank 0] Starting Batch 164
2026-01-23 03:35:11,364 [INFO] [Rank 1] Starting Batch 164
2026-01-23 03:35:11,376 [INFO] [Rank 0] Batch 164: Training Step Start
2026-01-23 03:35:11,456 [INFO] [Rank 1] Batch 164: Training Step Start
2026-01-23 03:35:11,475 [INFO] [Rank 0] Batch 164: Forward Start
2026-01-23 03:35:11,489 [INFO] [Rank 1] Batch 164: Forward Start
2026-01-23 03:35:11,624 [INFO] [Rank 0] Batch 164: Forward End (0.102s)
2026-01-23 03:35:11,644 [INFO] [Rank 1] Batch 164: Forward End (0.102s)
2026-01-23 03:35:11,673 [INFO] [Rank 0] Batch 164: Returning Loss
2026-01-23 03:35:11,688 [INFO] [Rank 1] Batch 164: Returning Loss
2026-01-23 03:35:11,721 [INFO] [Rank 0] Backward Pass - Start (DDP Sync happens here)
2026-01-23 03:35:11,737 [INFO] [Rank 1] Backward Pass - Start (DDP Sync happens here)
2026-01-23 03:35:12,202 [INFO] [Rank 0] Backward Pass - End
2026-01-23 03:35:12,221 [INFO] [Rank 1] Backward Pass - End
2026-01-23 03:35:12,657 [INFO] [Rank 0] Finished Batch 164
2026-01-23 03:35:12,657 [INFO] [Rank 1] Finished Batch 164
2026-01-23 03:35:12,671 [INFO] [Rank 0] Starting Batch 165
2026-01-23 03:35:12,686 [INFO] [Rank 1] Starting Batch 165
2026-01-23 03:35:12,700 [INFO] [Rank 0] Batch 165: Training Step Start
2026-01-23 03:35:12,712 [INFO] [Rank 1] Batch 165: Training Step Start
2026-01-23 03:35:12,740 [INFO] [Rank 0] Batch 165: Forward Start
2026-01-23 03:35:12,770 [INFO] [Rank 1] Batch 165: Forward Start
2026-01-23 03:35:12,885 [INFO] [Rank 0] Batch 165: Forward End (0.102s)
2026-01-23 03:35:12,903 [INFO] [Rank 1] Batch 165: Forward End (0.102s)
2026-01-23 03:35:12,911 [INFO] [Rank 0] Batch 165: Returning Loss
2026-01-23 03:35:12,983 [INFO] [Rank 1] Batch 165: Returning Loss
2026-01-23 03:35:12,995 [INFO] [Rank 0] Backward Pass - Start (DDP Sync happens here)
2026-01-23 03:35:13,011 [INFO] [Rank 1] Backward Pass - Start (DDP Sync happens here)
2026-01-23 03:35:13,187 [INFO] [Worker 0] Yielded sample 3400 from /storage/slurm/hunecke/fakesync/data/voxceleb2/preprocessed/shards_train/shard_0161.pt
2026-01-23 03:35:13,194 [INFO] [Worker 0] Yielded sample 3400 from /storage/slurm/hunecke/fakesync/data/voxceleb2/preprocessed/shards_train/shard_0034.pt
2026-01-23 03:35:13,462 [INFO] [Rank 0] Backward Pass - End
2026-01-23 03:35:13,481 [INFO] [Rank 1] Backward Pass - End
2026-01-23 03:35:13,781 [INFO] [Rank 0] Finished Batch 165
2026-01-23 03:35:13,781 [INFO] [Rank 1] Finished Batch 165
2026-01-23 03:35:13,806 [INFO] [Rank 0] Starting Batch 166
2026-01-23 03:35:13,824 [INFO] [Rank 1] Starting Batch 166
2026-01-23 03:35:13,838 [INFO] [Rank 0] Batch 166: Training Step Start
2026-01-23 03:35:13,852 [INFO] [Rank 1] Batch 166: Training Step Start
2026-01-23 03:35:13,902 [INFO] [Rank 0] Batch 166: Forward Start
2026-01-23 03:35:13,923 [INFO] [Rank 1] Batch 166: Forward Start
2026-01-23 03:35:14,042 [INFO] [Rank 0] Batch 166: Forward End (0.102s)
2026-01-23 03:35:14,066 [INFO] [Rank 1] Batch 166: Forward End (0.102s)
2026-01-23 03:35:14,087 [INFO] [Rank 0] Batch 166: Returning Loss
2026-01-23 03:35:14,103 [INFO] [Rank 1] Batch 166: Returning Loss
2026-01-23 03:35:14,118 [INFO] [Rank 0] Backward Pass - Start (DDP Sync happens here)
2026-01-23 03:35:14,139 [INFO] [Rank 1] Backward Pass - Start (DDP Sync happens here)
2026-01-23 03:35:14,619 [INFO] [Rank 0] Backward Pass - End
2026-01-23 03:35:14,644 [INFO] [Rank 1] Backward Pass - End
2026-01-23 03:35:14,743 [INFO] [Rank 0] Finished Batch 166
2026-01-23 03:35:14,751 [INFO] [Rank 1] Finished Batch 166
2026-01-23 03:35:14,974 [INFO] [Rank 0] Starting Batch 167
2026-01-23 03:35:14,996 [INFO] [Rank 1] Starting Batch 167
2026-01-23 03:35:15,056 [INFO] [Rank 0] Batch 167: Training Step Start
2026-01-23 03:35:15,077 [INFO] [Rank 1] Batch 167: Training Step Start
2026-01-23 03:35:15,091 [INFO] [Rank 0] Batch 167: Forward Start
2026-01-23 03:35:15,152 [INFO] [Rank 1] Batch 167: Forward Start
2026-01-23 03:35:15,274 [INFO] [Rank 0] Batch 167: Forward End (0.102s)
2026-01-23 03:35:15,346 [INFO] [Rank 1] Batch 167: Forward End (0.104s)
2026-01-23 03:35:15,442 [DEBUG] [Profile] batch_gap: 113.3ms, forward: 102.2ms, GPU_mem: 32.8GB (avg over 4 steps)
2026-01-23 03:35:15,512 [DEBUG] [Profile] batch_gap: 142.7ms, forward: 102.7ms, GPU_mem: 32.8GB (avg over 4 steps)
2026-01-23 03:35:15,524 [INFO] [Rank 0] Batch 167: Returning Loss
2026-01-23 03:35:15,552 [INFO] [Rank 1] Batch 167: Returning Loss
2026-01-23 03:35:15,575 [INFO] [Rank 0] Backward Pass - Start (DDP Sync happens here)
2026-01-23 03:35:15,593 [INFO] [Rank 1] Backward Pass - Start (DDP Sync happens here)
2026-01-23 03:35:16,259 [INFO] [Rank 0] Backward Pass - End
2026-01-23 03:35:16,259 [INFO] [Rank 1] Backward Pass - End
2026-01-23 03:35:16,285 [INFO] [Rank 0] Optimizer Step - Start
2026-01-23 03:35:16,297 [INFO] [Rank 1] Optimizer Step - Start
2026-01-23 03:35:16,507 [INFO] [Rank 0] Finished Batch 167
2026-01-23 03:35:16,508 [INFO] [Rank 1] Finished Batch 167
2026-01-23 03:35:16,529 [INFO] [Rank 0] Starting Batch 168
2026-01-23 03:35:16,558 [INFO] [Rank 1] Starting Batch 168
2026-01-23 03:35:16,572 [INFO] [Rank 0] Batch 168: Training Step Start
2026-01-23 03:35:16,594 [INFO] [Rank 1] Batch 168: Training Step Start
2026-01-23 03:35:16,607 [INFO] [Rank 0] Batch 168: Forward Start
2026-01-23 03:35:16,634 [INFO] [Rank 1] Batch 168: Forward Start
2026-01-23 03:35:16,800 [INFO] [Rank 0] Batch 168: Forward End (0.102s)
2026-01-23 03:35:16,820 [INFO] [Rank 1] Batch 168: Forward End (0.102s)
2026-01-23 03:35:16,868 [INFO] [Rank 0] Batch 168: Returning Loss
2026-01-23 03:35:16,886 [INFO] [Rank 1] Batch 168: Returning Loss
2026-01-23 03:35:16,903 [INFO] [Rank 0] Optimizer Step (Zero Grad) - Start
2026-01-23 03:35:16,930 [INFO] [Rank 1] Optimizer Step (Zero Grad) - Start
2026-01-23 03:35:16,958 [INFO] [Rank 0] Backward Pass - Start (DDP Sync happens here)
2026-01-23 03:35:16,972 [INFO] [Rank 1] Backward Pass - Start (DDP Sync happens here)
2026-01-23 03:35:17,404 [INFO] [Rank 0] Backward Pass - End
2026-01-23 03:35:17,422 [INFO] [Rank 1] Backward Pass - End
2026-01-23 03:35:17,697 [INFO] [Rank 0] Finished Batch 168
2026-01-23 03:35:17,698 [INFO] [Rank 1] Finished Batch 168
2026-01-23 03:35:17,720 [INFO] [Rank 0] Starting Batch 169
2026-01-23 03:35:17,739 [INFO] [Rank 1] Starting Batch 169
2026-01-23 03:35:17,761 [INFO] [Rank 0] Batch 169: Training Step Start
2026-01-23 03:35:17,822 [INFO] [Rank 1] Batch 169: Training Step Start
2026-01-23 03:35:17,836 [INFO] [Rank 0] Batch 169: Forward Start
2026-01-23 03:35:17,894 [INFO] [Rank 1] Batch 169: Forward Start
2026-01-23 03:35:18,019 [INFO] [Rank 0] Batch 169: Forward End (0.104s)
2026-01-23 03:35:18,032 [INFO] [Rank 1] Batch 169: Forward End (0.103s)
2026-01-23 03:35:18,042 [INFO] [Rank 0] Batch 169: Returning Loss
2026-01-23 03:35:18,058 [INFO] [Rank 1] Batch 169: Returning Loss
2026-01-23 03:35:18,093 [INFO] [Rank 0] Backward Pass - Start (DDP Sync happens here)
2026-01-23 03:35:18,107 [INFO] [Rank 1] Backward Pass - Start (DDP Sync happens here)
2026-01-23 03:35:18,594 [INFO] [Rank 0] Backward Pass - End
2026-01-23 03:35:18,609 [INFO] [Rank 1] Backward Pass - End
2026-01-23 03:35:18,821 [INFO] [Rank 0] Finished Batch 169
2026-01-23 03:35:18,822 [INFO] [Rank 1] Finished Batch 169
2026-01-23 03:35:18,840 [INFO] [Rank 0] Starting Batch 170
2026-01-23 03:35:18,854 [INFO] [Rank 1] Starting Batch 170
2026-01-23 03:35:18,873 [INFO] [Rank 0] Batch 170: Training Step Start
2026-01-23 03:35:18,890 [INFO] [Rank 1] Batch 170: Training Step Start
2026-01-23 03:35:18,924 [INFO] [Rank 0] Batch 170: Forward Start
2026-01-23 03:35:18,942 [INFO] [Rank 1] Batch 170: Forward Start
2026-01-23 03:35:19,113 [INFO] [Rank 0] Batch 170: Forward End (0.102s)
2026-01-23 03:35:19,135 [INFO] [Rank 0] Batch 170: Returning Loss
2026-01-23 03:35:19,142 [INFO] [Rank 1] Batch 170: Forward End (0.102s)
2026-01-23 03:35:19,154 [INFO] [Rank 0] Backward Pass - Start (DDP Sync happens here)
2026-01-23 03:35:19,189 [INFO] [Rank 1] Batch 170: Returning Loss
2026-01-23 03:35:19,226 [INFO] [Rank 1] Backward Pass - Start (DDP Sync happens here)
2026-01-23 03:35:19,419 [INFO] [Worker 0] Yielded sample 3500 from /storage/slurm/hunecke/fakesync/data/voxceleb2/preprocessed/shards_train/shard_0161.pt
2026-01-23 03:35:19,423 [INFO] [Worker 0] Yielded sample 3500 from /storage/slurm/hunecke/fakesync/data/voxceleb2/preprocessed/shards_train/shard_0034.pt
2026-01-23 03:35:19,691 [INFO] [Rank 0] Backward Pass - End
2026-01-23 03:35:19,720 [INFO] [Rank 1] Backward Pass - End
2026-01-23 03:35:20,054 [INFO] [Rank 0] Finished Batch 170
2026-01-23 03:35:20,056 [INFO] [Rank 1] Finished Batch 170
2026-01-23 03:35:20,070 [INFO] [Rank 0] Starting Batch 171
2026-01-23 03:35:20,085 [INFO] [Rank 1] Starting Batch 171
2026-01-23 03:35:20,096 [INFO] [Rank 0] Batch 171: Training Step Start
2026-01-23 03:35:20,118 [INFO] [Rank 1] Batch 171: Training Step Start
2026-01-23 03:35:20,142 [INFO] [Rank 0] Batch 171: Forward Start
2026-01-23 03:35:20,159 [INFO] [Rank 1] Batch 171: Forward Start
2026-01-23 03:35:20,287 [INFO] [Rank 0] Batch 171: Forward End (0.102s)
2026-01-23 03:35:20,303 [INFO] [Rank 1] Batch 171: Forward End (0.102s)
2026-01-23 03:35:20,455 [DEBUG] [Profile] batch_gap: 54.8ms, forward: 102.7ms, GPU_mem: 32.8GB (avg over 4 steps)
2026-01-23 03:35:20,470 [INFO] [Rank 0] Batch 171: Returning Loss
2026-01-23 03:35:20,471 [DEBUG] [Profile] batch_gap: 84.5ms, forward: 102.5ms, GPU_mem: 32.8GB (avg over 4 steps)
2026-01-23 03:35:20,532 [INFO] [Rank 0] Backward Pass - Start (DDP Sync happens here)
2026-01-23 03:35:20,552 [INFO] [Rank 1] Batch 171: Returning Loss
2026-01-23 03:35:20,594 [INFO] [Rank 1] Backward Pass - Start (DDP Sync happens here)
2026-01-23 03:35:20,984 [INFO] [Rank 0] Backward Pass - End
2026-01-23 03:35:21,029 [INFO] [Rank 1] Backward Pass - End
2026-01-23 03:35:21,244 [INFO] [Rank 0] Finished Batch 171
2026-01-23 03:35:21,244 [INFO] [Rank 1] Finished Batch 171
2026-01-23 03:35:21,260 [INFO] [Rank 0] Starting Batch 172
2026-01-23 03:35:21,327 [INFO] [Rank 1] Starting Batch 172
2026-01-23 03:35:21,356 [INFO] [Rank 0] Batch 172: Training Step Start
2026-01-23 03:35:21,374 [INFO] [Rank 1] Batch 172: Training Step Start
2026-01-23 03:35:21,384 [INFO] [Rank 0] Batch 172: Forward Start
2026-01-23 03:35:21,400 [INFO] [Rank 1] Batch 172: Forward Start
2026-01-23 03:35:21,574 [INFO] [Rank 0] Batch 172: Forward End (0.102s)
2026-01-23 03:35:21,595 [INFO] [Rank 1] Batch 172: Forward End (0.102s)
2026-01-23 03:35:21,601 [INFO] [Rank 0] Batch 172: Returning Loss
2026-01-23 03:35:21,623 [INFO] [Rank 1] Batch 172: Returning Loss
2026-01-23 03:35:21,644 [INFO] [Rank 0] Backward Pass - Start (DDP Sync happens here)
2026-01-23 03:35:21,666 [INFO] [Rank 1] Backward Pass - Start (DDP Sync happens here)
2026-01-23 03:35:22,152 [INFO] [Rank 0] Backward Pass - End
2026-01-23 03:35:22,173 [INFO] [Rank 1] Backward Pass - End
2026-01-23 03:35:22,563 [INFO] [Rank 0] Finished Batch 172
2026-01-23 03:35:22,563 [INFO] [Rank 1] Finished Batch 172
2026-01-23 03:35:22,622 [INFO] [Rank 0] Starting Batch 173
2026-01-23 03:35:22,635 [INFO] [Rank 1] Starting Batch 173
2026-01-23 03:35:22,655 [INFO] [Rank 0] Batch 173: Training Step Start
2026-01-23 03:35:22,677 [INFO] [Rank 1] Batch 173: Training Step Start
2026-01-23 03:35:22,701 [INFO] [Rank 0] Batch 173: Forward Start
2026-01-23 03:35:22,722 [INFO] [Rank 1] Batch 173: Forward Start
2026-01-23 03:35:22,935 [INFO] [Rank 0] Batch 173: Forward End (0.102s)
2026-01-23 03:35:22,953 [INFO] [Rank 1] Batch 173: Forward End (0.102s)
2026-01-23 03:35:22,958 [INFO] [Rank 0] Batch 173: Returning Loss
2026-01-23 03:35:22,978 [INFO] [Rank 1] Batch 173: Returning Loss
2026-01-23 03:35:22,993 [INFO] [Rank 0] Backward Pass - Start (DDP Sync happens here)
2026-01-23 03:35:23,060 [INFO] [Rank 1] Backward Pass - Start (DDP Sync happens here)
2026-01-23 03:35:23,512 [INFO] [Rank 0] Backward Pass - End
2026-01-23 03:35:23,531 [INFO] [Rank 1] Backward Pass - End
2026-01-23 03:35:23,746 [INFO] [Rank 0] Finished Batch 173
2026-01-23 03:35:23,746 [INFO] [Rank 1] Finished Batch 173
2026-01-23 03:35:23,821 [INFO] [Rank 0] Starting Batch 174
2026-01-23 03:35:23,864 [INFO] [Rank 1] Starting Batch 174
2026-01-23 03:35:23,879 [INFO] [Rank 0] Batch 174: Training Step Start
2026-01-23 03:35:23,896 [INFO] [Rank 1] Batch 174: Training Step Start
2026-01-23 03:35:23,912 [INFO] [Rank 0] Batch 174: Forward Start
2026-01-23 03:35:23,925 [INFO] [Rank 1] Batch 174: Forward Start
2026-01-23 03:35:24,075 [INFO] [Rank 0] Batch 174: Forward End (0.102s)
2026-01-23 03:35:24,098 [INFO] [Rank 1] Batch 174: Forward End (0.102s)
2026-01-23 03:35:24,101 [INFO] [Rank 0] Batch 174: Returning Loss
2026-01-23 03:35:24,120 [INFO] [Rank 1] Batch 174: Returning Loss
2026-01-23 03:35:24,135 [INFO] [Rank 0] Backward Pass - Start (DDP Sync happens here)
2026-01-23 03:35:24,201 [INFO] [Rank 1] Backward Pass - Start (DDP Sync happens here)
2026-01-23 03:35:24,652 [INFO] [Rank 0] Backward Pass - End
2026-01-23 03:35:24,675 [INFO] [Rank 1] Backward Pass - End
2026-01-23 03:35:25,011 [INFO] [Rank 0] Finished Batch 174
2026-01-23 03:35:25,011 [INFO] [Rank 1] Finished Batch 174
2026-01-23 03:35:25,029 [INFO] [Rank 0] Starting Batch 175
2026-01-23 03:35:25,047 [INFO] [Rank 1] Starting Batch 175
2026-01-23 03:35:25,070 [INFO] [Rank 0] Batch 175: Training Step Start
2026-01-23 03:35:25,092 [INFO] [Rank 1] Batch 175: Training Step Start
2026-01-23 03:35:25,114 [INFO] [Rank 0] Batch 175: Forward Start
2026-01-23 03:35:25,128 [INFO] [Rank 1] Batch 175: Forward Start
2026-01-23 03:35:25,245 [INFO] [Rank 0] Batch 175: Forward End (0.102s)
2026-01-23 03:35:25,268 [INFO] [Rank 1] Batch 175: Forward End (0.102s)
2026-01-23 03:35:25,413 [DEBUG] [Profile] batch_gap: 98.6ms, forward: 102.1ms, GPU_mem: 32.8GB (avg over 4 steps)
2026-01-23 03:35:25,435 [DEBUG] [Profile] batch_gap: 118.1ms, forward: 102.2ms, GPU_mem: 32.8GB (avg over 4 steps)
2026-01-23 03:35:25,487 [INFO] [Rank 0] Batch 175: Returning Loss
2026-01-23 03:35:25,512 [INFO] [Rank 1] Batch 175: Returning Loss
2026-01-23 03:35:25,529 [INFO] [Rank 0] Backward Pass - Start (DDP Sync happens here)
2026-01-23 03:35:25,546 [INFO] [Rank 1] Backward Pass - Start (DDP Sync happens here)
2026-01-23 03:35:26,155 [INFO] [Rank 0] Backward Pass - End
2026-01-23 03:35:26,155 [INFO] [Rank 1] Backward Pass - End
2026-01-23 03:35:26,294 [INFO] [Rank 0] Optimizer Step - Start
2026-01-23 03:35:26,367 [INFO] [Rank 1] Optimizer Step - Start
2026-01-23 03:35:26,502 [INFO] [Rank 0] Finished Batch 175
2026-01-23 03:35:26,502 [INFO] [Rank 1] Finished Batch 175
2026-01-23 03:35:26,517 [INFO] [Rank 0] Starting Batch 176
2026-01-23 03:35:26,536 [INFO] [Rank 1] Starting Batch 176
2026-01-23 03:35:26,557 [INFO] [Rank 0] Batch 176: Training Step Start
2026-01-23 03:35:26,574 [INFO] [Rank 1] Batch 176: Training Step Start
2026-01-23 03:35:26,589 [INFO] [Rank 0] Batch 176: Forward Start
2026-01-23 03:35:26,659 [INFO] [Rank 1] Batch 176: Forward Start
2026-01-23 03:35:26,779 [INFO] [Rank 0] Batch 176: Forward End (0.102s)
2026-01-23 03:35:26,794 [INFO] [Rank 1] Batch 176: Forward End (0.102s)
2026-01-23 03:35:26,878 [INFO] [Rank 0] Batch 176: Returning Loss
2026-01-23 03:35:26,895 [INFO] [Rank 1] Batch 176: Returning Loss
2026-01-23 03:35:26,901 [INFO] [Rank 0] Optimizer Step (Zero Grad) - Start
2026-01-23 03:35:26,988 [INFO] [Rank 1] Optimizer Step (Zero Grad) - Start
2026-01-23 03:35:27,048 [INFO] [Rank 0] Backward Pass - Start (DDP Sync happens here)
2026-01-23 03:35:27,068 [INFO] [Rank 1] Backward Pass - Start (DDP Sync happens here)
2026-01-23 03:35:27,494 [INFO] [Rank 0] Backward Pass - End
2026-01-23 03:35:27,545 [INFO] [Rank 1] Backward Pass - End
2026-01-23 03:35:27,640 [INFO] [Rank 0] Finished Batch 176
2026-01-23 03:35:27,650 [INFO] [Rank 1] Finished Batch 176
2026-01-23 03:35:27,656 [INFO] [Rank 0] Starting Batch 177
2026-01-23 03:35:27,675 [INFO] [Rank 1] Starting Batch 177
2026-01-23 03:35:27,694 [INFO] [Rank 0] Batch 177: Training Step Start
2026-01-23 03:35:27,709 [INFO] [Rank 1] Batch 177: Training Step Start
2026-01-23 03:35:27,725 [INFO] [Rank 0] Batch 177: Forward Start
2026-01-23 03:35:27,743 [INFO] [Rank 1] Batch 177: Forward Start
2026-01-23 03:35:27,868 [INFO] [Rank 0] Batch 177: Forward End (0.102s)
2026-01-23 03:35:27,883 [INFO] [Rank 1] Batch 177: Forward End (0.102s)
2026-01-23 03:35:27,949 [INFO] [Rank 0] Batch 177: Returning Loss
2026-01-23 03:35:27,961 [INFO] [Rank 1] Batch 177: Returning Loss
2026-01-23 03:35:27,981 [INFO] [Rank 0] Backward Pass - Start (DDP Sync happens here)
2026-01-23 03:35:28,005 [INFO] [Rank 1] Backward Pass - Start (DDP Sync happens here)
2026-01-23 03:35:28,446 [INFO] [Rank 0] Backward Pass - End
2026-01-23 03:35:28,461 [INFO] [Rank 1] Backward Pass - End
2026-01-23 03:35:28,835 [INFO] [Rank 0] Finished Batch 177
2026-01-23 03:35:28,836 [INFO] [Rank 1] Finished Batch 177
2026-01-23 03:35:28,852 [INFO] [Rank 0] Starting Batch 178
2026-01-23 03:35:28,923 [INFO] [Rank 1] Starting Batch 178
2026-01-23 03:35:28,943 [INFO] [Rank 0] Batch 178: Training Step Start
2026-01-23 03:35:28,956 [INFO] [Rank 1] Batch 178: Training Step Start
2026-01-23 03:35:28,976 [INFO] [Rank 0] Batch 178: Forward Start
2026-01-23 03:35:28,997 [INFO] [Rank 1] Batch 178: Forward Start
2026-01-23 03:35:29,115 [INFO] [Rank 0] Batch 178: Forward End (0.102s)
2026-01-23 03:35:29,181 [INFO] [Rank 0] Batch 178: Returning Loss
2026-01-23 03:35:29,189 [INFO] [Rank 1] Batch 178: Forward End (0.102s)
2026-01-23 03:35:29,208 [INFO] [Rank 0] Backward Pass - Start (DDP Sync happens here)
2026-01-23 03:35:29,265 [INFO] [Rank 1] Batch 178: Returning Loss
2026-01-23 03:35:29,292 [INFO] [Rank 1] Backward Pass - Start (DDP Sync happens here)
2026-01-23 03:35:29,692 [INFO] [Rank 0] Backward Pass - End
2026-01-23 03:35:29,767 [INFO] [Rank 1] Backward Pass - End
2026-01-23 03:35:30,016 [INFO] [Rank 0] Finished Batch 178
2026-01-23 03:35:30,016 [INFO] [Rank 1] Finished Batch 178
2026-01-23 03:35:30,035 [INFO] [Rank 0] Starting Batch 179
2026-01-23 03:35:30,052 [INFO] [Rank 1] Starting Batch 179
2026-01-23 03:35:30,071 [INFO] [Rank 0] Batch 179: Training Step Start
2026-01-23 03:35:30,120 [INFO] [Rank 1] Batch 179: Training Step Start
2026-01-23 03:35:30,139 [INFO] [Rank 0] Batch 179: Forward Start
2026-01-23 03:35:30,153 [INFO] [Rank 1] Batch 179: Forward Start
2026-01-23 03:35:30,282 [INFO] [Rank 0] Batch 179: Forward End (0.102s)
2026-01-23 03:35:30,301 [INFO] [Rank 1] Batch 179: Forward End (0.102s)
2026-01-23 03:35:30,450 [DEBUG] [Profile] batch_gap: 67.1ms, forward: 102.2ms, GPU_mem: 32.8GB (avg over 4 steps)
2026-01-23 03:35:30,468 [INFO] [Rank 0] Batch 179: Returning Loss
2026-01-23 03:35:30,468 [DEBUG] [Profile] batch_gap: 88.2ms, forward: 102.2ms, GPU_mem: 32.8GB (avg over 4 steps)
2026-01-23 03:35:30,496 [INFO] [Rank 0] Backward Pass - Start (DDP Sync happens here)
2026-01-23 03:35:30,525 [INFO] [Rank 1] Batch 179: Returning Loss
2026-01-23 03:35:30,576 [INFO] [Rank 1] Backward Pass - Start (DDP Sync happens here)
2026-01-23 03:35:30,962 [INFO] [Rank 0] Backward Pass - End
2026-01-23 03:35:31,016 [INFO] [Rank 1] Backward Pass - End
2026-01-23 03:35:31,278 [INFO] [Rank 0] Finished Batch 179
2026-01-23 03:35:31,278 [INFO] [Rank 1] Finished Batch 179
2026-01-23 03:35:31,297 [INFO] [Rank 0] Starting Batch 180
2026-01-23 03:35:31,307 [INFO] [Rank 1] Starting Batch 180
2026-01-23 03:35:31,331 [INFO] [Worker 0] Yielded sample 3600 from /storage/slurm/hunecke/fakesync/data/voxceleb2/preprocessed/shards_train/shard_0034.pt
2026-01-23 03:35:31,343 [INFO] [Worker 0] Yielded sample 3600 from /storage/slurm/hunecke/fakesync/data/voxceleb2/preprocessed/shards_train/shard_0161.pt
2026-01-23 03:35:31,379 [INFO] [Rank 0] Batch 180: Training Step Start
2026-01-23 03:35:31,396 [INFO] [Rank 1] Batch 180: Training Step Start
2026-01-23 03:35:31,445 [INFO] [Rank 0] Batch 180: Forward Start
2026-01-23 03:35:31,465 [INFO] [Rank 1] Batch 180: Forward Start
2026-01-23 03:35:31,637 [INFO] [Rank 0] Batch 180: Forward End (0.102s)
2026-01-23 03:35:31,653 [INFO] [Rank 1] Batch 180: Forward End (0.102s)
2026-01-23 03:35:31,714 [INFO] [Rank 0] Batch 180: Returning Loss
2026-01-23 03:35:31,744 [INFO] [Rank 1] Batch 180: Returning Loss
2026-01-23 03:35:31,761 [INFO] [Rank 0] Backward Pass - Start (DDP Sync happens here)
2026-01-23 03:35:31,778 [INFO] [Rank 1] Backward Pass - Start (DDP Sync happens here)
2026-01-23 03:35:32,215 [INFO] [Rank 0] Backward Pass - End
2026-01-23 03:35:32,231 [INFO] [Rank 1] Backward Pass - End
2026-01-23 03:35:32,598 [INFO] [Rank 0] Finished Batch 180
2026-01-23 03:35:32,599 [INFO] [Rank 1] Finished Batch 180
2026-01-23 03:35:32,665 [INFO] [Rank 0] Starting Batch 181
2026-01-23 03:35:32,731 [INFO] [Rank 1] Starting Batch 181
2026-01-23 03:35:32,758 [INFO] [Rank 0] Batch 181: Training Step Start
2026-01-23 03:35:32,776 [INFO] [Rank 1] Batch 181: Training Step Start
2026-01-23 03:35:32,790 [INFO] [Rank 0] Batch 181: Forward Start
2026-01-23 03:35:32,804 [INFO] [Rank 1] Batch 181: Forward Start
2026-01-23 03:35:32,959 [INFO] [Rank 0] Batch 181: Forward End (0.102s)
2026-01-23 03:35:32,976 [INFO] [Rank 1] Batch 181: Forward End (0.102s)
2026-01-23 03:35:32,984 [INFO] [Rank 0] Batch 181: Returning Loss
2026-01-23 03:35:33,001 [INFO] [Rank 1] Batch 181: Returning Loss
2026-01-23 03:35:33,010 [INFO] [Rank 0] Backward Pass - Start (DDP Sync happens here)
2026-01-23 03:35:33,076 [INFO] [Rank 1] Backward Pass - Start (DDP Sync happens here)
2026-01-23 03:35:33,562 [INFO] [Rank 0] Backward Pass - End
2026-01-23 03:35:33,577 [INFO] [Rank 1] Backward Pass - End
2026-01-23 03:35:33,900 [INFO] [Rank 0] Finished Batch 181
2026-01-23 03:35:33,901 [INFO] [Rank 1] Finished Batch 181
2026-01-23 03:35:33,916 [INFO] [Rank 0] Starting Batch 182
2026-01-23 03:35:33,927 [INFO] [Rank 1] Starting Batch 182
2026-01-23 03:35:33,940 [INFO] [Rank 0] Batch 182: Training Step Start
2026-01-23 03:35:33,958 [INFO] [Rank 1] Batch 182: Training Step Start
2026-01-23 03:35:33,972 [INFO] [Rank 0] Batch 182: Forward Start
2026-01-23 03:35:33,987 [INFO] [Rank 1] Batch 182: Forward Start
2026-01-23 03:35:34,111 [INFO] [Rank 0] Batch 182: Forward End (0.102s)
2026-01-23 03:35:34,125 [INFO] [Rank 1] Batch 182: Forward End (0.102s)
2026-01-23 03:35:34,189 [INFO] [Rank 0] Batch 182: Returning Loss
2026-01-23 03:35:34,206 [INFO] [Rank 1] Batch 182: Returning Loss
2026-01-23 03:35:34,277 [INFO] [Rank 0] Backward Pass - Start (DDP Sync happens here)
2026-01-23 03:35:34,298 [INFO] [Rank 1] Backward Pass - Start (DDP Sync happens here)
2026-01-23 03:35:34,784 [INFO] [Rank 0] Backward Pass - End
2026-01-23 03:35:34,807 [INFO] [Rank 1] Backward Pass - End
2026-01-23 03:35:35,059 [INFO] [Rank 0] Finished Batch 182
2026-01-23 03:35:35,059 [INFO] [Rank 1] Finished Batch 182
2026-01-23 03:35:35,077 [INFO] [Rank 0] Starting Batch 183
2026-01-23 03:35:35,093 [INFO] [Rank 1] Starting Batch 183
2026-01-23 03:35:35,155 [INFO] [Rank 0] Batch 183: Training Step Start
2026-01-23 03:35:35,188 [INFO] [Rank 1] Batch 183: Training Step Start
2026-01-23 03:35:35,204 [INFO] [Rank 0] Batch 183: Forward Start
2026-01-23 03:35:35,221 [INFO] [Rank 1] Batch 183: Forward Start
2026-01-23 03:35:35,341 [INFO] [Rank 0] Batch 183: Forward End (0.102s)
2026-01-23 03:35:35,361 [INFO] [Rank 1] Batch 183: Forward End (0.102s)
2026-01-23 03:35:35,509 [DEBUG] [Profile] batch_gap: 98.8ms, forward: 102.2ms, GPU_mem: 32.8GB (avg over 4 steps)
2026-01-23 03:35:35,529 [DEBUG] [Profile] batch_gap: 119.6ms, forward: 102.2ms, GPU_mem: 32.8GB (avg over 4 steps)
2026-01-23 03:35:35,566 [INFO] [Rank 0] Batch 183: Returning Loss
2026-01-23 03:35:35,579 [INFO] [Rank 1] Batch 183: Returning Loss
2026-01-23 03:35:35,604 [INFO] [Rank 0] Backward Pass - Start (DDP Sync happens here)
2026-01-23 03:35:35,619 [INFO] [Rank 1] Backward Pass - Start (DDP Sync happens here)
2026-01-23 03:35:36,276 [INFO] [Rank 1] Backward Pass - End
2026-01-23 03:35:36,276 [INFO] [Rank 0] Backward Pass - End
2026-01-23 03:35:36,393 [INFO] [Rank 1] Optimizer Step - Start
2026-01-23 03:35:36,407 [INFO] [Rank 0] Optimizer Step - Start
2026-01-23 03:35:36,559 [INFO] [Rank 0] Finished Batch 183
2026-01-23 03:35:36,560 [INFO] [Rank 1] Finished Batch 183
2026-01-23 03:35:36,596 [INFO] [Rank 0] Starting Batch 184
2026-01-23 03:35:36,612 [INFO] [Rank 1] Starting Batch 184
2026-01-23 03:35:36,616 [INFO] [Rank 0] Batch 184: Training Step Start
2026-01-23 03:35:36,634 [INFO] [Rank 1] Batch 184: Training Step Start
2026-01-23 03:35:36,697 [INFO] [Rank 0] Batch 184: Forward Start
2026-01-23 03:35:36,717 [INFO] [Rank 1] Batch 184: Forward Start
2026-01-23 03:35:36,835 [INFO] [Rank 0] Batch 184: Forward End (0.104s)
2026-01-23 03:35:36,853 [INFO] [Rank 1] Batch 184: Forward End (0.104s)
2026-01-23 03:35:36,872 [INFO] [Rank 0] Batch 184: Returning Loss
2026-01-23 03:35:36,897 [INFO] [Rank 1] Batch 184: Returning Loss
2026-01-23 03:35:36,954 [INFO] [Rank 0] Optimizer Step (Zero Grad) - Start
2026-01-23 03:35:36,974 [INFO] [Rank 1] Optimizer Step (Zero Grad) - Start
2026-01-23 03:35:36,999 [INFO] [Rank 0] Backward Pass - Start (DDP Sync happens here)
2026-01-23 03:35:37,013 [INFO] [Rank 1] Backward Pass - Start (DDP Sync happens here)
2026-01-23 03:35:37,522 [INFO] [Rank 0] Backward Pass - End
2026-01-23 03:35:37,538 [INFO] [Rank 1] Backward Pass - End
2026-01-23 03:35:37,705 [INFO] [Rank 0] Finished Batch 184
2026-01-23 03:35:37,705 [INFO] [Rank 1] Finished Batch 184
2026-01-23 03:35:37,736 [INFO] [Rank 0] Starting Batch 185
2026-01-23 03:35:37,750 [INFO] [Rank 1] Starting Batch 185
2026-01-23 03:35:37,792 [INFO] [Rank 0] Batch 185: Training Step Start
2026-01-23 03:35:37,809 [INFO] [Rank 1] Batch 185: Training Step Start
2026-01-23 03:35:37,821 [INFO] [Worker 0] Yielded sample 3700 from /storage/slurm/hunecke/fakesync/data/voxceleb2/preprocessed/shards_train/shard_0034.pt
2026-01-23 03:35:37,836 [INFO] [Worker 0] Yielded sample 3700 from /storage/slurm/hunecke/fakesync/data/voxceleb2/preprocessed/shards_train/shard_0161.pt
2026-01-23 03:35:37,851 [INFO] [Rank 0] Batch 185: Forward Start
2026-01-23 03:35:37,871 [INFO] [Rank 1] Batch 185: Forward Start
2026-01-23 03:35:38,021 [INFO] [Rank 0] Batch 185: Forward End (0.102s)
2026-01-23 03:35:38,033 [INFO] [Rank 1] Batch 185: Forward End (0.102s)
2026-01-23 03:35:38,051 [INFO] [Rank 0] Batch 185: Returning Loss
2026-01-23 03:35:38,122 [INFO] [Rank 1] Batch 185: Returning Loss
2026-01-23 03:35:38,136 [INFO] [Rank 0] Backward Pass - Start (DDP Sync happens here)
2026-01-23 03:35:38,149 [INFO] [Rank 1] Backward Pass - Start (DDP Sync happens here)
2026-01-23 03:35:38,619 [INFO] [Rank 0] Backward Pass - End
2026-01-23 03:35:38,632 [INFO] [Rank 1] Backward Pass - End
2026-01-23 03:35:38,935 [INFO] [Rank 0] Finished Batch 185
2026-01-23 03:35:38,935 [INFO] [Rank 1] Finished Batch 185
2026-01-23 03:35:38,969 [INFO] [Rank 0] Starting Batch 186
2026-01-23 03:35:39,039 [INFO] [Rank 1] Starting Batch 186
2026-01-23 03:35:39,044 [INFO] [Rank 0] Batch 186: Training Step Start
2026-01-23 03:35:39,101 [INFO] [Rank 1] Batch 186: Training Step Start
2026-01-23 03:35:39,120 [INFO] [Rank 0] Batch 186: Forward Start
2026-01-23 03:35:39,140 [INFO] [Rank 1] Batch 186: Forward Start
2026-01-23 03:35:39,253 [INFO] [Rank 0] Batch 186: Forward End (0.102s)
2026-01-23 03:35:39,317 [INFO] [Rank 1] Batch 186: Forward End (0.102s)
2026-01-23 03:35:39,338 [INFO] [Rank 0] Batch 186: Returning Loss
2026-01-23 03:35:39,396 [INFO] [Rank 1] Batch 186: Returning Loss
2026-01-23 03:35:39,411 [INFO] [Rank 0] Backward Pass - Start (DDP Sync happens here)
2026-01-23 03:35:39,430 [INFO] [Rank 1] Backward Pass - Start (DDP Sync happens here)
2026-01-23 03:35:39,859 [INFO] [Rank 0] Backward Pass - End
2026-01-23 03:35:39,894 [INFO] [Rank 1] Backward Pass - End
2026-01-23 03:35:40,334 [INFO] [Rank 0] Finished Batch 186
2026-01-23 03:35:40,334 [INFO] [Rank 1] Finished Batch 186
2026-01-23 03:35:40,365 [INFO] [Rank 0] Starting Batch 187
2026-01-23 03:35:40,384 [INFO] [Rank 1] Starting Batch 187
2026-01-23 03:35:40,468 [INFO] [Rank 0] Batch 187: Training Step Start
2026-01-23 03:35:40,492 [INFO] [Rank 1] Batch 187: Training Step Start
2026-01-23 03:35:40,505 [INFO] [Rank 0] Batch 187: Forward Start
2026-01-23 03:35:40,567 [INFO] [Rank 1] Batch 187: Forward Start
2026-01-23 03:35:40,690 [INFO] [Rank 0] Batch 187: Forward End (0.102s)
2026-01-23 03:35:40,708 [INFO] [Rank 1] Batch 187: Forward End (0.102s)
2026-01-23 03:35:40,858 [DEBUG] [Profile] batch_gap: 96.4ms, forward: 102.7ms, GPU_mem: 32.8GB (avg over 4 steps)
2026-01-23 03:35:40,873 [INFO] [Rank 0] Batch 187: Returning Loss
2026-01-23 03:35:40,876 [DEBUG] [Profile] batch_gap: 124.9ms, forward: 102.7ms, GPU_mem: 32.8GB (avg over 4 steps)
2026-01-23 03:35:40,941 [INFO] [Rank 0] Backward Pass - Start (DDP Sync happens here)
2026-01-23 03:35:40,986 [INFO] [Rank 1] Batch 187: Returning Loss
2026-01-23 03:35:41,079 [INFO] [Rank 1] Backward Pass - Start (DDP Sync happens here)
2026-01-23 03:35:41,446 [INFO] [Rank 0] Backward Pass - End
2026-01-23 03:35:41,521 [INFO] [Rank 1] Backward Pass - End
2026-01-23 03:35:41,569 [INFO] [Rank 0] Finished Batch 187
2026-01-23 03:35:41,604 [INFO] [Rank 0] Starting Batch 188
2026-01-23 03:35:41,620 [INFO] [Rank 0] Batch 188: Training Step Start
2026-01-23 03:35:41,628 [INFO] [Rank 1] Finished Batch 187
2026-01-23 03:35:41,637 [INFO] [Rank 0] Batch 188: Forward Start
2026-01-23 03:35:41,669 [INFO] [Rank 1] Starting Batch 188
2026-01-23 03:35:41,744 [INFO] [Rank 1] Batch 188: Training Step Start
2026-01-23 03:35:41,773 [INFO] [Rank 1] Batch 188: Forward Start
2026-01-23 03:35:41,816 [INFO] [Rank 0] Batch 188: Forward End (0.104s)
2026-01-23 03:35:41,894 [INFO] [Rank 0] Batch 188: Returning Loss
2026-01-23 03:35:41,900 [INFO] [Rank 1] Batch 188: Forward End (0.105s)
2026-01-23 03:35:41,909 [INFO] [Rank 0] Backward Pass - Start (DDP Sync happens here)
2026-01-23 03:35:41,942 [INFO] [Rank 1] Batch 188: Returning Loss
2026-01-23 03:35:41,961 [INFO] [Rank 1] Backward Pass - Start (DDP Sync happens here)
2026-01-23 03:35:42,391 [INFO] [Rank 0] Backward Pass - End
2026-01-23 03:35:42,476 [INFO] [Rank 1] Backward Pass - End
2026-01-23 03:35:42,606 [INFO] [Rank 0] Finished Batch 188
2026-01-23 03:35:42,612 [INFO] [Rank 1] Finished Batch 188
2026-01-23 03:35:42,647 [INFO] [Rank 0] Starting Batch 189
2026-01-23 03:35:42,671 [INFO] [Rank 1] Starting Batch 189
2026-01-23 03:35:42,682 [INFO] [Rank 0] Batch 189: Training Step Start
2026-01-23 03:35:42,704 [INFO] [Rank 1] Batch 189: Training Step Start
2026-01-23 03:35:42,722 [INFO] [Rank 0] Batch 189: Forward Start
2026-01-23 03:35:42,741 [INFO] [Rank 1] Batch 189: Forward Start
2026-01-23 03:35:42,865 [INFO] [Rank 0] Batch 189: Forward End (0.102s)
2026-01-23 03:35:42,894 [INFO] [Rank 0] Batch 189: Returning Loss
2026-01-23 03:35:42,912 [INFO] [Rank 0] Backward Pass - Start (DDP Sync happens here)
2026-01-23 03:35:42,937 [INFO] [Rank 1] Batch 189: Forward End (0.102s)
2026-01-23 03:35:43,002 [INFO] [Rank 1] Batch 189: Returning Loss
2026-01-23 03:35:43,015 [INFO] [Rank 1] Backward Pass - Start (DDP Sync happens here)
2026-01-23 03:35:43,442 [INFO] [Rank 0] Backward Pass - End
2026-01-23 03:35:43,514 [INFO] [Rank 1] Backward Pass - End
2026-01-23 03:35:43,573 [INFO] [Rank 0] Finished Batch 189
2026-01-23 03:35:43,621 [INFO] [Rank 1] Finished Batch 189
2026-01-23 03:35:43,874 [INFO] [Rank 0] Starting Batch 190
2026-01-23 03:35:43,941 [INFO] [Rank 1] Starting Batch 190
2026-01-23 03:35:43,983 [INFO] [Rank 0] Batch 190: Training Step Start
2026-01-23 03:35:44,025 [INFO] [Worker 0] Yielded sample 3800 from /storage/slurm/hunecke/fakesync/data/voxceleb2/preprocessed/shards_train/shard_0034.pt
2026-01-23 03:35:44,033 [INFO] [Rank 1] Batch 190: Training Step Start
2026-01-23 03:35:44,094 [INFO] [Worker 0] Yielded sample 3800 from /storage/slurm/hunecke/fakesync/data/voxceleb2/preprocessed/shards_train/shard_0161.pt
2026-01-23 03:35:44,103 [INFO] [Rank 0] Batch 190: Forward Start
2026-01-23 03:35:44,140 [INFO] [Rank 1] Batch 190: Forward Start
2026-01-23 03:35:44,279 [INFO] [Rank 0] Batch 190: Forward End (0.102s)
2026-01-23 03:35:44,302 [INFO] [Rank 1] Batch 190: Forward End (0.102s)
2026-01-23 03:35:44,330 [INFO] [Rank 0] Batch 190: Returning Loss
2026-01-23 03:35:44,345 [INFO] [Rank 1] Batch 190: Returning Loss
2026-01-23 03:35:44,355 [INFO] [Rank 0] Backward Pass - Start (DDP Sync happens here)
2026-01-23 03:35:44,376 [INFO] [Rank 1] Backward Pass - Start (DDP Sync happens here)
2026-01-23 03:35:44,857 [INFO] [Rank 0] Backward Pass - End
2026-01-23 03:35:44,880 [INFO] [Rank 1] Backward Pass - End
2026-01-23 03:35:45,268 [INFO] [Rank 0] Finished Batch 190
2026-01-23 03:35:45,269 [INFO] [Rank 1] Finished Batch 190
2026-01-23 03:35:45,299 [INFO] [Rank 0] Starting Batch 191
2026-01-23 03:35:45,314 [INFO] [Rank 1] Starting Batch 191
2026-01-23 03:35:45,320 [INFO] [Rank 0] Batch 191: Training Step Start
2026-01-23 03:35:45,335 [INFO] [Rank 1] Batch 191: Training Step Start
2026-01-23 03:35:45,410 [INFO] [Rank 0] Batch 191: Forward Start
2026-01-23 03:35:45,430 [INFO] [Rank 1] Batch 191: Forward Start
2026-01-23 03:35:45,457 [INFO] [Worker 1] Starting load: /storage/slurm/hunecke/fakesync/data/voxceleb2/preprocessed/shards_train/shard_0110.pt (mmap=False)
2026-01-23 03:35:45,549 [INFO] [Rank 0] Batch 191: Forward End (0.102s)
2026-01-23 03:35:45,563 [INFO] [Rank 1] Batch 191: Forward End (0.102s)
2026-01-23 03:35:45,717 [DEBUG] [Profile] batch_gap: 146.4ms, forward: 102.7ms, GPU_mem: 32.8GB (avg over 4 steps)
2026-01-23 03:35:45,730 [DEBUG] [Profile] batch_gap: 170.6ms, forward: 103.0ms, GPU_mem: 32.8GB (avg over 4 steps)
2026-01-23 03:35:45,735 [INFO] [Rank 0] Batch 191: Returning Loss
2026-01-23 03:35:45,755 [INFO] [Rank 1] Batch 191: Returning Loss
2026-01-23 03:35:45,794 [INFO] [Rank 0] Backward Pass - Start (DDP Sync happens here)
2026-01-23 03:35:45,824 [INFO] [Rank 1] Backward Pass - Start (DDP Sync happens here)
2026-01-23 03:35:46,435 [INFO] [Rank 1] Backward Pass - End
2026-01-23 03:35:46,436 [INFO] [Rank 0] Backward Pass - End
2026-01-23 03:35:46,464 [INFO] [Rank 1] Optimizer Step - Start
2026-01-23 03:35:46,492 [INFO] [Rank 0] Optimizer Step - Start
2026-01-23 03:35:46,649 [INFO] [Rank 0] Finished Batch 191
2026-01-23 03:35:46,649 [INFO] [Rank 1] Finished Batch 191
2026-01-23 03:35:46,676 [INFO] [Rank 0] Starting Batch 192
2026-01-23 03:35:46,702 [INFO] [Rank 1] Starting Batch 192
2026-01-23 03:35:46,726 [INFO] [Rank 0] Batch 192: Training Step Start
2026-01-23 03:35:46,793 [INFO] [Rank 1] Batch 192: Training Step Start
2026-01-23 03:35:46,829 [INFO] [Rank 0] Batch 192: Forward Start
2026-01-23 03:35:46,851 [INFO] [Rank 1] Batch 192: Forward Start
2026-01-23 03:35:47,022 [INFO] [Rank 0] Batch 192: Forward End (0.102s)
2026-01-23 03:35:47,047 [INFO] [Rank 1] Batch 192: Forward End (0.102s)
2026-01-23 03:35:47,053 [INFO] [Rank 0] Batch 192: Returning Loss
2026-01-23 03:35:47,069 [INFO] [Rank 1] Batch 192: Returning Loss
2026-01-23 03:35:47,135 [INFO] [Rank 0] Optimizer Step (Zero Grad) - Start
2026-01-23 03:35:47,152 [INFO] [Rank 1] Optimizer Step (Zero Grad) - Start
2026-01-23 03:35:47,176 [INFO] [Rank 0] Backward Pass - Start (DDP Sync happens here)
2026-01-23 03:35:47,193 [INFO] [Rank 1] Backward Pass - Start (DDP Sync happens here)
2026-01-23 03:35:47,623 [INFO] [Rank 0] Backward Pass - End
2026-01-23 03:35:47,639 [INFO] [Rank 1] Backward Pass - End
2026-01-23 03:35:47,748 [INFO] [Rank 0] Finished Batch 192
2026-01-23 03:35:47,749 [INFO] [Rank 1] Finished Batch 192
2026-01-23 03:35:47,754 [INFO] [Rank 0] Starting Batch 193
2026-01-23 03:35:47,775 [INFO] [Rank 1] Starting Batch 193
2026-01-23 03:35:47,845 [INFO] [Rank 0] Batch 193: Training Step Start
2026-01-23 03:35:47,866 [INFO] [Rank 1] Batch 193: Training Step Start
2026-01-23 03:35:47,885 [INFO] [Rank 0] Batch 193: Forward Start
2026-01-23 03:35:47,902 [INFO] [Rank 1] Batch 193: Forward Start
2026-01-23 03:35:48,028 [INFO] [Rank 0] Batch 193: Forward End (0.102s)
2026-01-23 03:35:48,042 [INFO] [Rank 1] Batch 193: Forward End (0.103s)
2026-01-23 03:35:48,057 [INFO] [Rank 0] Batch 193: Returning Loss
2026-01-23 03:35:48,072 [INFO] [Rank 1] Batch 193: Returning Loss
2026-01-23 03:35:48,084 [INFO] [Rank 0] Backward Pass - Start (DDP Sync happens here)
2026-01-23 03:35:48,106 [INFO] [Rank 1] Backward Pass - Start (DDP Sync happens here)
2026-01-23 03:35:48,605 [INFO] [Rank 0] Backward Pass - End
2026-01-23 03:35:48,620 [INFO] [Rank 1] Backward Pass - End
2026-01-23 03:35:48,804 [INFO] [Rank 0] Finished Batch 193
2026-01-23 03:35:48,804 [INFO] [Rank 1] Finished Batch 193
2026-01-23 03:35:48,819 [INFO] [Rank 0] Starting Batch 194
2026-01-23 03:35:48,886 [INFO] [Rank 1] Starting Batch 194
2026-01-23 03:35:48,904 [INFO] [Rank 0] Batch 194: Training Step Start
2026-01-23 03:35:48,986 [INFO] [Rank 1] Batch 194: Training Step Start
2026-01-23 03:35:49,032 [INFO] [Rank 0] Batch 194: Forward Start
2026-01-23 03:35:49,053 [INFO] [Rank 1] Batch 194: Forward Start
2026-01-23 03:35:49,174 [INFO] [Rank 0] Batch 194: Forward End (0.102s)
2026-01-23 03:35:49,192 [INFO] [Rank 1] Batch 194: Forward End (0.102s)
2026-01-23 03:35:49,194 [INFO] [Rank 0] Batch 194: Returning Loss
2026-01-23 03:35:49,214 [INFO] [Rank 1] Batch 194: Returning Loss
2026-01-23 03:35:49,222 [INFO] [Rank 0] Backward Pass - Start (DDP Sync happens here)
2026-01-23 03:35:49,232 [INFO] [Rank 1] Backward Pass - Start (DDP Sync happens here)
2026-01-23 03:35:49,897 [INFO] [Rank 0] Backward Pass - End
2026-01-23 03:35:49,920 [INFO] [Rank 1] Backward Pass - End
2026-01-23 03:35:50,075 [INFO] [Rank 0] Finished Batch 194
2026-01-23 03:35:50,076 [INFO] [Rank 1] Finished Batch 194
2026-01-23 03:35:50,102 [INFO] [Rank 0] Starting Batch 195
2026-01-23 03:35:50,126 [INFO] [Rank 1] Starting Batch 195
2026-01-23 03:35:50,141 [INFO] [Rank 0] Batch 195: Training Step Start
2026-01-23 03:35:50,189 [INFO] [Rank 1] Batch 195: Training Step Start
2026-01-23 03:35:50,214 [INFO] [Rank 0] Batch 195: Forward Start
2026-01-23 03:35:50,233 [INFO] [Rank 1] Batch 195: Forward Start
2026-01-23 03:35:50,341 [INFO] [Worker 0] Yielded sample 3900 from /storage/slurm/hunecke/fakesync/data/voxceleb2/preprocessed/shards_train/shard_0034.pt
2026-01-23 03:35:50,349 [INFO] [Worker 0] Yielded sample 3900 from /storage/slurm/hunecke/fakesync/data/voxceleb2/preprocessed/shards_train/shard_0161.pt
2026-01-23 03:35:50,352 [INFO] [Rank 0] Batch 195: Forward End (0.102s)
2026-01-23 03:35:50,398 [INFO] [Rank 1] Batch 195: Forward End (0.102s)
2026-01-23 03:35:50,519 [DEBUG] [Profile] batch_gap: 84.2ms, forward: 102.1ms, GPU_mem: 32.8GB (avg over 4 steps)
2026-01-23 03:35:50,533 [INFO] [Rank 0] Batch 195: Returning Loss
2026-01-23 03:35:50,547 [INFO] [Rank 0] Backward Pass - Start (DDP Sync happens here)
2026-01-23 03:35:50,566 [DEBUG] [Profile] batch_gap: 138.6ms, forward: 102.4ms, GPU_mem: 32.8GB (avg over 4 steps)
2026-01-23 03:35:50,586 [INFO] [Rank 1] Batch 195: Returning Loss
2026-01-23 03:35:50,604 [INFO] [Rank 1] Backward Pass - Start (DDP Sync happens here)
2026-01-23 03:35:50,984 [INFO] [Rank 0] Backward Pass - End
2026-01-23 03:35:51,039 [INFO] [Rank 1] Backward Pass - End
2026-01-23 03:35:51,412 [INFO] [Rank 0] Finished Batch 195
2026-01-23 03:35:51,413 [INFO] [Rank 1] Finished Batch 195
2026-01-23 03:35:51,433 [INFO] [Rank 0] Starting Batch 196
2026-01-23 03:35:51,447 [INFO] [Rank 1] Starting Batch 196
2026-01-23 03:35:51,459 [INFO] [Rank 0] Batch 196: Training Step Start
2026-01-23 03:35:51,511 [INFO] [Rank 1] Batch 196: Training Step Start
2026-01-23 03:35:51,523 [INFO] [Rank 0] Batch 196: Forward Start
2026-01-23 03:35:51,540 [INFO] [Rank 1] Batch 196: Forward Start
2026-01-23 03:35:51,657 [INFO] [Rank 0] Batch 196: Forward End (0.102s)
2026-01-23 03:35:51,709 [INFO] [Rank 1] Batch 196: Forward End (0.102s)
2026-01-23 03:35:51,724 [INFO] [Rank 0] Batch 196: Returning Loss
2026-01-23 03:35:51,746 [INFO] [Rank 1] Batch 196: Returning Loss
2026-01-23 03:35:51,750 [INFO] [Rank 0] Backward Pass - Start (DDP Sync happens here)
2026-01-23 03:35:51,768 [INFO] [Rank 1] Backward Pass - Start (DDP Sync happens here)
2026-01-23 03:35:52,235 [INFO] [Rank 0] Backward Pass - End
2026-01-23 03:35:52,293 [INFO] [Rank 1] Backward Pass - End
2026-01-23 03:35:52,642 [INFO] [Rank 0] Finished Batch 196
2026-01-23 03:35:52,642 [INFO] [Rank 1] Finished Batch 196
2026-01-23 03:35:52,664 [INFO] [Rank 0] Starting Batch 197
2026-01-23 03:35:52,679 [INFO] [Rank 1] Starting Batch 197
2026-01-23 03:35:52,696 [INFO] [Rank 0] Batch 197: Training Step Start
2026-01-23 03:35:52,713 [INFO] [Rank 1] Batch 197: Training Step Start
2026-01-23 03:35:52,729 [INFO] [Rank 0] Batch 197: Forward Start
2026-01-23 03:35:52,748 [INFO] [Rank 1] Batch 197: Forward Start
2026-01-23 03:35:52,867 [INFO] [Rank 0] Batch 197: Forward End (0.102s)
2026-01-23 03:35:52,888 [INFO] [Rank 0] Batch 197: Returning Loss
2026-01-23 03:35:52,928 [INFO] [Rank 1] Batch 197: Forward End (0.102s)
2026-01-23 03:35:52,951 [INFO] [Rank 0] Backward Pass - Start (DDP Sync happens here)
2026-01-23 03:35:52,974 [INFO] [Rank 1] Batch 197: Returning Loss
2026-01-23 03:35:53,053 [INFO] [Rank 1] Backward Pass - Start (DDP Sync happens here)
2026-01-23 03:35:53,445 [INFO] [Rank 0] Backward Pass - End
2026-01-23 03:35:53,506 [INFO] [Rank 1] Backward Pass - End
2026-01-23 03:35:53,960 [INFO] [Rank 0] Finished Batch 197
2026-01-23 03:35:53,961 [INFO] [Rank 1] Finished Batch 197
2026-01-23 03:35:54,005 [INFO] [Rank 0] Starting Batch 198
2026-01-23 03:35:54,085 [INFO] [Rank 1] Starting Batch 198
2026-01-23 03:35:54,102 [INFO] [Rank 0] Batch 198: Training Step Start
2026-01-23 03:35:54,115 [INFO] [Rank 1] Batch 198: Training Step Start
2026-01-23 03:35:54,140 [INFO] [Rank 0] Batch 198: Forward Start
2026-01-23 03:35:54,156 [INFO] [Rank 1] Batch 198: Forward Start
2026-01-23 03:35:54,273 [INFO] [Rank 0] Batch 198: Forward End (0.102s)
2026-01-23 03:35:54,293 [INFO] [Rank 1] Batch 198: Forward End (0.102s)
2026-01-23 03:35:54,299 [INFO] [Rank 0] Batch 198: Returning Loss
2026-01-23 03:35:54,313 [INFO] [Rank 1] Batch 198: Returning Loss
2026-01-23 03:35:54,325 [INFO] [Rank 0] Backward Pass - Start (DDP Sync happens here)
2026-01-23 03:35:54,340 [INFO] [Rank 1] Backward Pass - Start (DDP Sync happens here)
2026-01-23 03:35:54,851 [INFO] [Rank 0] Backward Pass - End
2026-01-23 03:35:54,870 [INFO] [Rank 1] Backward Pass - End
2026-01-23 03:35:55,189 [INFO] [Rank 0] Finished Batch 198
2026-01-23 03:35:55,190 [INFO] [Rank 1] Finished Batch 198
2026-01-23 03:35:55,218 [INFO] [Rank 0] Starting Batch 199
2026-01-23 03:35:55,235 [INFO] [Rank 1] Starting Batch 199
2026-01-23 03:35:55,257 [INFO] [Rank 0] Batch 199: Training Step Start
2026-01-23 03:35:55,274 [INFO] [Rank 1] Batch 199: Training Step Start
2026-01-23 03:35:55,329 [INFO] [Rank 0] Batch 199: Forward Start
2026-01-23 03:35:55,344 [INFO] [Rank 1] Batch 199: Forward Start
2026-01-23 03:35:55,463 [INFO] [Rank 0] Batch 199: Forward End (0.102s)
2026-01-23 03:35:55,475 [INFO] [Rank 1] Batch 199: Forward End (0.102s)
2026-01-23 03:35:55,630 [DEBUG] [Profile] batch_gap: 77.2ms, forward: 102.3ms, GPU_mem: 32.8GB (avg over 4 steps)
2026-01-23 03:35:55,643 [DEBUG] [Profile] batch_gap: 101.2ms, forward: 102.2ms, GPU_mem: 32.8GB (avg over 4 steps)
2026-01-23 03:35:55,724 [INFO] [Rank 0] Batch 199: Returning Loss
2026-01-23 03:35:55,737 [INFO] [Rank 1] Batch 199: Returning Loss
2026-01-23 03:35:55,756 [INFO] [Rank 0] Backward Pass - Start (DDP Sync happens here)
2026-01-23 03:35:55,772 [INFO] [Rank 1] Backward Pass - Start (DDP Sync happens here)
2026-01-23 03:35:56,378 [INFO] [Rank 1] Backward Pass - End
2026-01-23 03:35:56,378 [INFO] [Rank 0] Backward Pass - End
2026-01-23 03:35:56,404 [INFO] [Worker 1]  Loaded /storage/slurm/hunecke/fakesync/data/voxceleb2/preprocessed/shards_train/shard_0110.pt in 10.95s. Items: 3971
2026-01-23 03:35:56,477 [INFO] [Rank 1] Optimizer Step - Start
2026-01-23 03:35:56,491 [INFO] [Rank 0] Optimizer Step - Start
2026-01-23 03:35:56,625 [INFO] [Rank 0] Finished Batch 199
2026-01-23 03:35:56,626 [INFO] [Rank 1] Finished Batch 199
2026-01-23 03:35:56,646 [INFO] [Rank 0] Starting Batch 200
2026-01-23 03:35:56,663 [INFO] [Rank 1] Starting Batch 200
2026-01-23 03:35:56,680 [INFO] [Rank 0] Batch 200: Training Step Start
2026-01-23 03:35:56,729 [INFO] [Worker 0] Starting load: /storage/slurm/hunecke/fakesync/data/voxceleb2/preprocessed/shards_train/shard_0149.pt (mmap=False)
2026-01-23 03:35:56,742 [INFO] [Rank 1] Batch 200: Training Step Start
2026-01-23 03:35:56,750 [INFO] [Worker 0] Starting load: /storage/slurm/hunecke/fakesync/data/voxceleb2/preprocessed/shards_train/shard_0052.pt (mmap=False)
2026-01-23 03:35:56,762 [INFO] [Rank 0] Batch 200: Forward Start
2026-01-23 03:35:56,795 [INFO] [Rank 1] Batch 200: Forward Start
2026-01-23 03:35:56,992 [INFO] [Rank 0] Batch 200: Forward End (0.102s)
2026-01-23 03:35:57,013 [INFO] [Rank 1] Batch 200: Forward End (0.102s)
2026-01-23 03:35:57,034 [INFO] [Rank 0] Batch 200: Returning Loss
2026-01-23 03:35:57,045 [INFO] [Rank 1] Batch 200: Returning Loss
2026-01-23 03:35:57,058 [INFO] [Rank 0] Optimizer Step (Zero Grad) - Start
2026-01-23 03:35:57,075 [INFO] [Rank 1] Optimizer Step (Zero Grad) - Start
2026-01-23 03:35:57,086 [INFO] [Rank 0] Backward Pass - Start (DDP Sync happens here)
2026-01-23 03:35:57,101 [INFO] [Rank 1] Backward Pass - Start (DDP Sync happens here)
2026-01-23 03:35:57,605 [INFO] [Rank 0] Backward Pass - End
2026-01-23 03:35:57,621 [INFO] [Rank 1] Backward Pass - End
2026-01-23 03:35:57,713 [INFO] [Rank 0] Finished Batch 200
2026-01-23 03:35:57,726 [INFO] [Rank 1] Finished Batch 200
2026-01-23 03:35:57,741 [INFO] [Rank 0] Starting Batch 201
2026-01-23 03:35:57,751 [INFO] [Rank 1] Starting Batch 201
2026-01-23 03:35:57,774 [INFO] [Rank 0] Batch 201: Training Step Start
2026-01-23 03:35:57,795 [INFO] [Rank 1] Batch 201: Training Step Start
2026-01-23 03:35:57,806 [INFO] [Worker 1] Starting load: /storage/slurm/hunecke/fakesync/data/voxceleb2/preprocessed/shards_train/shard_0094.pt (mmap=False)
2026-01-23 03:35:57,822 [INFO] [Rank 0] Batch 201: Forward Start
2026-01-23 03:35:57,838 [INFO] [Rank 1] Batch 201: Forward Start
2026-01-23 03:35:58,024 [INFO] [Rank 0] Batch 201: Forward End (0.102s)
2026-01-23 03:35:58,047 [INFO] [Rank 1] Batch 201: Forward End (0.102s)
2026-01-23 03:35:58,080 [INFO] [Rank 0] Batch 201: Returning Loss
2026-01-23 03:35:58,100 [INFO] [Rank 1] Batch 201: Returning Loss
2026-01-23 03:35:58,111 [INFO] [Rank 0] Backward Pass - Start (DDP Sync happens here)
2026-01-23 03:35:58,127 [INFO] [Rank 1] Backward Pass - Start (DDP Sync happens here)
2026-01-23 03:35:58,601 [INFO] [Rank 0] Backward Pass - End
2026-01-23 03:35:58,624 [INFO] [Rank 1] Backward Pass - End
2026-01-23 03:35:58,911 [INFO] [Rank 0] Finished Batch 201
2026-01-23 03:35:58,933 [INFO] [Rank 1] Finished Batch 201
2026-01-23 03:35:59,069 [INFO] [Rank 0] Starting Batch 202
2026-01-23 03:35:59,086 [INFO] [Rank 1] Starting Batch 202
2026-01-23 03:35:59,102 [INFO] [Rank 0] Batch 202: Training Step Start
2026-01-23 03:35:59,118 [INFO] [Rank 1] Batch 202: Training Step Start
2026-01-23 03:35:59,133 [INFO] [Rank 0] Batch 202: Forward Start
2026-01-23 03:35:59,135 [INFO] [Worker 2] Starting load: /storage/slurm/hunecke/fakesync/data/voxceleb2/preprocessed/shards_train/shard_0016.pt (mmap=False)
2026-01-23 03:35:59,152 [INFO] [Worker 2] Starting load: /storage/slurm/hunecke/fakesync/data/voxceleb2/preprocessed/shards_train/shard_0192.pt (mmap=False)
2026-01-23 03:35:59,223 [INFO] [Rank 1] Batch 202: Forward Start
2026-01-23 03:35:59,345 [INFO] [Rank 0] Batch 202: Forward End (0.103s)
2026-01-23 03:35:59,375 [INFO] [Rank 0] Batch 202: Returning Loss
2026-01-23 03:35:59,398 [INFO] [Rank 1] Batch 202: Forward End (0.102s)
2026-01-23 03:35:59,403 [INFO] [Rank 0] Backward Pass - Start (DDP Sync happens here)
2026-01-23 03:35:59,480 [INFO] [Rank 1] Batch 202: Returning Loss
2026-01-23 03:35:59,504 [INFO] [Rank 1] Backward Pass - Start (DDP Sync happens here)
2026-01-23 03:35:59,923 [INFO] [Rank 0] Backward Pass - End
2026-01-23 03:35:59,976 [INFO] [Rank 1] Backward Pass - End
2026-01-23 03:36:00,221 [INFO] [Rank 0] Finished Batch 202
2026-01-23 03:36:00,306 [INFO] [Rank 1] Finished Batch 202
2026-01-23 03:36:00,327 [INFO] [Rank 0] Starting Batch 203
2026-01-23 03:36:00,346 [INFO] [Rank 1] Starting Batch 203
2026-01-23 03:36:00,375 [INFO] [Rank 0] Batch 203: Training Step Start
2026-01-23 03:36:00,392 [INFO] [Rank 1] Batch 203: Training Step Start
2026-01-23 03:36:00,394 [INFO] [Worker 3] Starting load: /storage/slurm/hunecke/fakesync/data/voxceleb2/preprocessed/shards_train/shard_0002.pt (mmap=False)
2026-01-23 03:36:00,412 [INFO] [Worker 3] Starting load: /storage/slurm/hunecke/fakesync/data/voxceleb2/preprocessed/shards_train/shard_0127.pt (mmap=False)
2026-01-23 03:36:00,413 [INFO] [Rank 0] Batch 203: Forward Start
2026-01-23 03:36:00,429 [INFO] [Rank 1] Batch 203: Forward Start
2026-01-23 03:36:00,642 [INFO] [Rank 0] Batch 203: Forward End (0.102s)
2026-01-23 03:36:00,666 [INFO] [Rank 1] Batch 203: Forward End (0.103s)
2026-01-23 03:36:00,810 [DEBUG] [Profile] batch_gap: 114.7ms, forward: 102.4ms, GPU_mem: 32.8GB (avg over 4 steps)
2026-01-23 03:36:00,834 [DEBUG] [Profile] batch_gap: 113.7ms, forward: 102.4ms, GPU_mem: 32.8GB (avg over 4 steps)
2026-01-23 03:36:00,907 [INFO] [Rank 0] Batch 203: Returning Loss
2026-01-23 03:36:00,930 [INFO] [Rank 1] Batch 203: Returning Loss
2026-01-23 03:36:00,949 [INFO] [Rank 0] Backward Pass - Start (DDP Sync happens here)
2026-01-23 03:36:01,018 [INFO] [Rank 1] Backward Pass - Start (DDP Sync happens here)
2026-01-23 03:36:01,447 [INFO] [Rank 0] Backward Pass - End
2026-01-23 03:36:01,461 [INFO] [Rank 1] Backward Pass - End
2026-01-23 03:36:01,556 [INFO] [Rank 0] Finished Batch 203
2026-01-23 03:36:01,605 [INFO] [Rank 1] Finished Batch 203
2026-01-23 03:36:01,634 [INFO] [Rank 0] Starting Batch 204
2026-01-23 03:36:01,654 [INFO] [Rank 1] Starting Batch 204
2026-01-23 03:36:01,668 [INFO] [Rank 0] Batch 204: Training Step Start
2026-01-23 03:36:01,688 [INFO] [Worker 4] Starting load: /storage/slurm/hunecke/fakesync/data/voxceleb2/preprocessed/shards_train/shard_0151.pt (mmap=False)
2026-01-23 03:36:01,701 [INFO] [Worker 4] Starting load: /storage/slurm/hunecke/fakesync/data/voxceleb2/preprocessed/shards_train/shard_0000.pt (mmap=False)
2026-01-23 03:36:01,739 [INFO] [Rank 1] Batch 204: Training Step Start
2026-01-23 03:36:01,757 [INFO] [Rank 0] Batch 204: Forward Start
2026-01-23 03:36:01,810 [INFO] [Rank 1] Batch 204: Forward Start
2026-01-23 03:36:01,977 [INFO] [Rank 0] Batch 204: Forward End (0.102s)
2026-01-23 03:36:02,003 [INFO] [Rank 1] Batch 204: Forward End (0.103s)
2026-01-23 03:36:02,011 [INFO] [Rank 0] Batch 204: Returning Loss
2026-01-23 03:36:02,039 [INFO] [Rank 1] Batch 204: Returning Loss
2026-01-23 03:36:02,137 [INFO] [Rank 0] Backward Pass - Start (DDP Sync happens here)
2026-01-23 03:36:02,156 [INFO] [Rank 1] Backward Pass - Start (DDP Sync happens here)
2026-01-23 03:36:02,583 [INFO] [Rank 0] Backward Pass - End
2026-01-23 03:36:02,601 [INFO] [Rank 1] Backward Pass - End
2026-01-23 03:36:02,691 [INFO] [Rank 0] Finished Batch 204
2026-01-23 03:36:02,737 [INFO] [Rank 1] Finished Batch 204
2026-01-23 03:36:02,761 [INFO] [Rank 0] Starting Batch 205
2026-01-23 03:36:02,779 [INFO] [Rank 1] Starting Batch 205
2026-01-23 03:36:02,794 [INFO] [Rank 0] Batch 205: Training Step Start
2026-01-23 03:36:02,814 [INFO] [Rank 1] Batch 205: Training Step Start
2026-01-23 03:36:02,835 [INFO] [Rank 0] Batch 205: Forward Start
2026-01-23 03:36:02,905 [INFO] [Rank 1] Batch 205: Forward Start
2026-01-23 03:36:03,030 [INFO] [Rank 0] Batch 205: Forward End (0.102s)
2026-01-23 03:36:03,045 [INFO] [Rank 1] Batch 205: Forward End (0.103s)
2026-01-23 03:36:03,055 [INFO] [Rank 0] Batch 205: Returning Loss
2026-01-23 03:36:03,074 [INFO] [Rank 1] Batch 205: Returning Loss
2026-01-23 03:36:03,081 [INFO] [Rank 0] Backward Pass - Start (DDP Sync happens here)
2026-01-23 03:36:03,117 [INFO] [Rank 1] Backward Pass - Start (DDP Sync happens here)
2026-01-23 03:36:03,607 [INFO] [Rank 0] Backward Pass - End
2026-01-23 03:36:03,623 [INFO] [Rank 1] Backward Pass - End
2026-01-23 03:36:03,833 [INFO] [Rank 0] Finished Batch 205
2026-01-23 03:36:03,850 [INFO] [Rank 1] Finished Batch 205
2026-01-23 03:36:03,863 [INFO] [Rank 0] Starting Batch 206
2026-01-23 03:36:03,877 [INFO] [Rank 1] Starting Batch 206
2026-01-23 03:36:03,895 [INFO] [Rank 0] Batch 206: Training Step Start
2026-01-23 03:36:03,963 [INFO] [Rank 1] Batch 206: Training Step Start
2026-01-23 03:36:04,039 [INFO] [Rank 0] Batch 206: Forward Start
2026-01-23 03:36:04,068 [INFO] [Rank 1] Batch 206: Forward Start
2026-01-23 03:36:04,194 [INFO] [Rank 0] Batch 206: Forward End (0.102s)
2026-01-23 03:36:04,209 [INFO] [Rank 1] Batch 206: Forward End (0.102s)
2026-01-23 03:36:04,259 [INFO] [Rank 0] Batch 206: Returning Loss
2026-01-23 03:36:04,275 [INFO] [Rank 1] Batch 206: Returning Loss
2026-01-23 03:36:04,284 [INFO] [Rank 0] Backward Pass - Start (DDP Sync happens here)
2026-01-23 03:36:04,301 [INFO] [Rank 1] Backward Pass - Start (DDP Sync happens here)
2026-01-23 03:36:04,771 [INFO] [Rank 0] Backward Pass - End
2026-01-23 03:36:04,787 [INFO] [Rank 1] Backward Pass - End
2026-01-23 03:36:05,107 [INFO] [Rank 0] Finished Batch 206
2026-01-23 03:36:05,185 [INFO] [Rank 1] Finished Batch 206
2026-01-23 03:36:05,201 [INFO] [Rank 0] Starting Batch 207
2026-01-23 03:36:05,257 [INFO] [Rank 1] Starting Batch 207
2026-01-23 03:36:05,278 [INFO] [Rank 0] Batch 207: Training Step Start
2026-01-23 03:36:05,304 [INFO] [Rank 1] Batch 207: Training Step Start
2026-01-23 03:36:05,322 [INFO] [Rank 0] Batch 207: Forward Start
2026-01-23 03:36:05,342 [INFO] [Rank 1] Batch 207: Forward Start
2026-01-23 03:36:05,467 [INFO] [Rank 0] Batch 207: Forward End (0.103s)
2026-01-23 03:36:05,529 [INFO] [Rank 1] Batch 207: Forward End (0.102s)
2026-01-23 03:36:05,635 [DEBUG] [Profile] batch_gap: 111.4ms, forward: 102.3ms, GPU_mem: 32.8GB (avg over 4 steps)
2026-01-23 03:36:05,697 [INFO] [Rank 0] Batch 207: Returning Loss
2026-01-23 03:36:05,697 [DEBUG] [Profile] batch_gap: 110.3ms, forward: 102.5ms, GPU_mem: 32.8GB (avg over 4 steps)
2026-01-23 03:36:05,731 [INFO] [Rank 0] Backward Pass - Start (DDP Sync happens here)
2026-01-23 03:36:05,745 [INFO] [Rank 1] Batch 207: Returning Loss
2026-01-23 03:36:05,789 [INFO] [Rank 1] Backward Pass - Start (DDP Sync happens here)
2026-01-23 03:36:06,429 [INFO] [Rank 0] Backward Pass - End
2026-01-23 03:36:06,429 [INFO] [Rank 1] Backward Pass - End
2026-01-23 03:36:06,509 [INFO] [Rank 0] Optimizer Step - Start
2026-01-23 03:36:06,526 [INFO] [Rank 1] Optimizer Step - Start
2026-01-23 03:36:06,581 [INFO] [Rank 0] Finished Batch 207
2026-01-23 03:36:06,593 [INFO] [Rank 1] Finished Batch 207
2026-01-23 03:36:06,601 [INFO] [Rank 0] Starting Batch 208
2026-01-23 03:36:06,621 [INFO] [Rank 1] Starting Batch 208
2026-01-23 03:36:06,641 [INFO] [Rank 0] Batch 208: Training Step Start
2026-01-23 03:36:06,683 [INFO] [Rank 1] Batch 208: Training Step Start
2026-01-23 03:36:06,783 [INFO] [Rank 0] Batch 208: Forward Start
2026-01-23 03:36:06,810 [INFO] [Rank 1] Batch 208: Forward Start
2026-01-23 03:36:06,953 [INFO] [Rank 0] Batch 208: Forward End (0.103s)
2026-01-23 03:36:06,976 [INFO] [Rank 1] Batch 208: Forward End (0.102s)
2026-01-23 03:36:07,036 [INFO] [Rank 0] Batch 208: Returning Loss
2026-01-23 03:36:07,049 [INFO] [Rank 1] Batch 208: Returning Loss
2026-01-23 03:36:07,054 [INFO] [Rank 0] Optimizer Step (Zero Grad) - Start
2026-01-23 03:36:07,123 [INFO] [Rank 1] Optimizer Step (Zero Grad) - Start
2026-01-23 03:36:07,145 [INFO] [Rank 0] Backward Pass - Start (DDP Sync happens here)
2026-01-23 03:36:07,158 [INFO] [Rank 1] Backward Pass - Start (DDP Sync happens here)
2026-01-23 03:36:07,619 [INFO] [Rank 0] Backward Pass - End
2026-01-23 03:36:07,639 [INFO] [Rank 1] Backward Pass - End
2026-01-23 03:36:07,724 [INFO] [Rank 0] Finished Batch 208
2026-01-23 03:36:07,743 [INFO] [Rank 1] Finished Batch 208
2026-01-23 03:36:07,770 [INFO] [Rank 0] Starting Batch 209
2026-01-23 03:36:07,783 [INFO] [Rank 1] Starting Batch 209
2026-01-23 03:36:07,841 [INFO] [Rank 0] Batch 209: Training Step Start
2026-01-23 03:36:07,875 [INFO] [Rank 0] Batch 209: Forward Start
2026-01-23 03:36:07,859 [INFO] [Rank 1] Batch 209: Training Step Start
2026-01-23 03:36:07,958 [INFO] [Rank 1] Batch 209: Forward Start
2026-01-23 03:36:07,993 [INFO] [Rank 0] Batch 209: Forward End (0.102s)
2026-01-23 03:36:08,018 [INFO] [Rank 0] Batch 209: Returning Loss
2026-01-23 03:36:08,038 [INFO] [Rank 0] Backward Pass - Start (DDP Sync happens here)
2026-01-23 03:36:08,081 [INFO] [Rank 1] Batch 209: Forward End (0.102s)
2026-01-23 03:36:08,156 [INFO] [Rank 1] Batch 209: Returning Loss
2026-01-23 03:36:08,169 [INFO] [Rank 1] Backward Pass - Start (DDP Sync happens here)
2026-01-23 03:36:08,570 [INFO] [Rank 0] Backward Pass - End
2026-01-23 03:36:08,658 [INFO] [Rank 1] Backward Pass - End
2026-01-23 03:36:08,874 [INFO] [Rank 0] Finished Batch 209
2026-01-23 03:36:08,920 [INFO] [Rank 0] Starting Batch 210
2026-01-23 03:36:08,900 [INFO] [Rank 1] Finished Batch 209
2026-01-23 03:36:08,941 [INFO] [Rank 0] Batch 210: Training Step Start
2026-01-23 03:36:08,973 [INFO] [Rank 0] Batch 210: Forward Start
2026-01-23 03:36:08,960 [INFO] [Rank 1] Starting Batch 210
2026-01-23 03:36:09,020 [INFO] [Rank 1] Batch 210: Training Step Start
2026-01-23 03:36:09,037 [INFO] [Rank 1] Batch 210: Forward Start
2026-01-23 03:36:09,098 [INFO] [Rank 0] Batch 210: Forward End (0.102s)
2026-01-23 03:36:09,155 [INFO] [Rank 0] Batch 210: Returning Loss
2026-01-23 03:36:09,222 [INFO] [Rank 0] Backward Pass - Start (DDP Sync happens here)
2026-01-23 03:36:09,163 [INFO] [Rank 1] Batch 210: Forward End (0.103s)
2026-01-23 03:36:09,264 [INFO] [Rank 1] Batch 210: Returning Loss
2026-01-23 03:36:09,286 [INFO] [Rank 1] Backward Pass - Start (DDP Sync happens here)
2026-01-23 03:36:09,676 [INFO] [Rank 0] Backward Pass - End
2026-01-23 03:36:09,740 [INFO] [Rank 1] Backward Pass - End
2026-01-23 03:36:09,784 [INFO] [Rank 0] Finished Batch 210
2026-01-23 03:36:09,812 [INFO] [Rank 0] Starting Batch 211
2026-01-23 03:36:09,834 [INFO] [Rank 0] Batch 211: Training Step Start
2026-01-23 03:36:10,126 [INFO] [Rank 0] Batch 211: Forward Start
2026-01-23 03:36:09,848 [INFO] [Rank 1] Finished Batch 210
2026-01-23 03:36:10,264 [INFO] [Rank 1] Starting Batch 211
2026-01-23 03:36:10,283 [INFO] [Rank 1] Batch 211: Training Step Start
2026-01-23 03:36:10,302 [INFO] [Rank 1] Batch 211: Forward Start
2026-01-23 03:36:10,305 [INFO] [Rank 0] Batch 211: Forward End (0.102s)
2026-01-23 03:36:10,438 [INFO] [Rank 1] Batch 211: Forward End (0.115s)
2026-01-23 03:36:10,473 [DEBUG] [Profile] batch_gap: 73.0ms, forward: 102.2ms, GPU_mem: 32.8GB (avg over 4 steps)
2026-01-23 03:36:10,582 [INFO] [Rank 0] Batch 211: Returning Loss
2026-01-23 03:36:10,603 [INFO] [Rank 0] Backward Pass - Start (DDP Sync happens here)
2026-01-23 03:36:10,594 [DEBUG] [Profile] batch_gap: 189.7ms, forward: 105.6ms, GPU_mem: 32.8GB (avg over 4 steps)
2026-01-23 03:36:10,635 [INFO] [Rank 1] Batch 211: Returning Loss
2026-01-23 03:36:10,654 [INFO] [Rank 1] Backward Pass - Start (DDP Sync happens here)
2026-01-23 03:36:11,033 [INFO] [Rank 0] Backward Pass - End
2026-01-23 03:36:11,085 [INFO] [Rank 1] Backward Pass - End
2026-01-23 03:36:11,137 [INFO] [Rank 0] Finished Batch 211
2026-01-23 03:36:11,192 [INFO] [Rank 1] Finished Batch 211
2026-01-23 03:36:11,570 [INFO] [Rank 0] Starting Batch 212
2026-01-23 03:36:11,612 [INFO] [Rank 0] Batch 212: Training Step Start
2026-01-23 03:36:11,590 [INFO] [Rank 1] Starting Batch 212
2026-01-23 03:36:11,698 [INFO] [Rank 1] Batch 212: Training Step Start
2026-01-23 03:36:11,684 [INFO] [Rank 0] Batch 212: Forward Start
2026-01-23 03:36:11,719 [INFO] [Rank 1] Batch 212: Forward Start
2026-01-23 03:36:11,844 [INFO] [Rank 0] Batch 212: Forward End (0.107s)
2026-01-23 03:36:11,866 [INFO] [Rank 1] Batch 212: Forward End (0.102s)
2026-01-23 03:36:11,882 [INFO] [Rank 0] Batch 212: Returning Loss
2026-01-23 03:36:11,970 [INFO] [Rank 0] Backward Pass - Start (DDP Sync happens here)
2026-01-23 03:36:11,959 [INFO] [Rank 1] Batch 212: Returning Loss
2026-01-23 03:36:12,036 [INFO] [Worker 0]  Loaded /storage/slurm/hunecke/fakesync/data/voxceleb2/preprocessed/shards_train/shard_0149.pt in 15.31s. Items: 3971
2026-01-23 03:36:12,054 [INFO] [Worker 1]  Loaded /storage/slurm/hunecke/fakesync/data/voxceleb2/preprocessed/shards_train/shard_0094.pt in 14.25s. Items: 3970
2026-01-23 03:36:12,064 [INFO] [Rank 1] Backward Pass - Start (DDP Sync happens here)
2026-01-23 03:36:12,387 [INFO] [Worker 0]  Loaded /storage/slurm/hunecke/fakesync/data/voxceleb2/preprocessed/shards_train/shard_0052.pt in 15.64s. Items: 3970
2026-01-23 03:36:12,435 [INFO] [Rank 0] Backward Pass - End
2026-01-23 03:36:12,498 [INFO] [Worker 4]  Loaded /storage/slurm/hunecke/fakesync/data/voxceleb2/preprocessed/shards_train/shard_0000.pt in 10.80s. Items: 3969
2026-01-23 03:36:12,510 [INFO] [Worker 0] Yielded sample 4000 from /storage/slurm/hunecke/fakesync/data/voxceleb2/preprocessed/shards_train/shard_0149.pt
2026-01-23 03:36:12,543 [INFO] [Rank 0] Finished Batch 212
2026-01-23 03:36:12,624 [INFO] [Rank 1] Backward Pass - End
2026-01-23 03:36:12,776 [INFO] [Worker 0] Yielded sample 4000 from /storage/slurm/hunecke/fakesync/data/voxceleb2/preprocessed/shards_train/shard_0052.pt
2026-01-23 03:36:12,936 [INFO] [Rank 0] Starting Batch 213
2026-01-23 03:36:13,069 [INFO] [Rank 0] Batch 213: Training Step Start
2026-01-23 03:36:12,950 [INFO] [Rank 1] Finished Batch 212
2026-01-23 03:36:13,152 [INFO] [Rank 1] Starting Batch 213
2026-01-23 03:36:13,133 [INFO] [Rank 0] Batch 213: Forward Start
2026-01-23 03:36:13,166 [INFO] [Rank 1] Batch 213: Training Step Start
2026-01-23 03:36:13,212 [INFO] [Rank 1] Batch 213: Forward Start
2026-01-23 03:36:13,329 [INFO] [Rank 0] Batch 213: Forward End (0.141s)
2026-01-23 03:36:13,342 [INFO] [Rank 1] Batch 213: Forward End (0.114s)
2026-01-23 03:36:13,350 [INFO] [Rank 0] Batch 213: Returning Loss
2026-01-23 03:36:13,384 [INFO] [Rank 0] Backward Pass - Start (DDP Sync happens here)
2026-01-23 03:36:13,372 [INFO] [Rank 1] Batch 213: Returning Loss
2026-01-23 03:36:13,467 [INFO] [Rank 1] Backward Pass - Start (DDP Sync happens here)
2026-01-23 03:36:13,458 [INFO] [Worker 2]  Loaded /storage/slurm/hunecke/fakesync/data/voxceleb2/preprocessed/shards_train/shard_0192.pt in 14.31s. Items: 3970
2026-01-23 03:36:13,889 [INFO] [Rank 0] Backward Pass - End
2026-01-23 03:36:13,908 [INFO] [Rank 1] Backward Pass - End
2026-01-23 03:36:14,021 [INFO] [Worker 0] Yielded sample 4100 from /storage/slurm/hunecke/fakesync/data/voxceleb2/preprocessed/shards_train/shard_0149.pt
2026-01-23 03:36:14,079 [INFO] [Worker 3]  Loaded /storage/slurm/hunecke/fakesync/data/voxceleb2/preprocessed/shards_train/shard_0127.pt in 13.67s. Items: 3970
2026-01-23 03:36:14,145 [INFO] [Rank 0] Finished Batch 213
2026-01-23 03:36:14,156 [INFO] [Rank 1] Finished Batch 213
2026-01-23 03:36:14,271 [INFO] [Rank 0] Starting Batch 214
2026-01-23 03:36:14,352 [INFO] [Rank 0] Batch 214: Training Step Start
2026-01-23 03:36:14,301 [INFO] [Rank 1] Starting Batch 214
2026-01-23 03:36:14,482 [INFO] [Rank 1] Batch 214: Training Step Start
2026-01-23 03:36:14,358 [INFO] [Worker 0] Yielded sample 4100 from /storage/slurm/hunecke/fakesync/data/voxceleb2/preprocessed/shards_train/shard_0052.pt
2026-01-23 03:36:14,435 [INFO] [Rank 0] Batch 214: Forward Start
2026-01-23 03:36:14,511 [INFO] [Rank 1] Batch 214: Forward Start
2026-01-23 03:36:14,566 [INFO] [Worker 2]  Loaded /storage/slurm/hunecke/fakesync/data/voxceleb2/preprocessed/shards_train/shard_0016.pt in 15.43s. Items: 3970
2026-01-23 03:36:14,657 [INFO] [Rank 0] Batch 214: Forward End (0.103s)
2026-01-23 03:36:14,705 [INFO] [Rank 1] Batch 214: Forward End (0.117s)
2026-01-23 03:36:14,716 [INFO] [Rank 0] Batch 214: Returning Loss
2026-01-23 03:36:14,745 [INFO] [Rank 0] Backward Pass - Start (DDP Sync happens here)
2026-01-23 03:36:14,734 [INFO] [Rank 1] Batch 214: Returning Loss
2026-01-23 03:36:14,850 [INFO] [Rank 1] Backward Pass - Start (DDP Sync happens here)
2026-01-23 03:36:14,947 [INFO] [Worker 3]  Loaded /storage/slurm/hunecke/fakesync/data/voxceleb2/preprocessed/shards_train/shard_0002.pt in 14.55s. Items: 3971
2026-01-23 03:36:15,136 [INFO] [Worker 0] Yielded sample 4200 from /storage/slurm/hunecke/fakesync/data/voxceleb2/preprocessed/shards_train/shard_0149.pt
2026-01-23 03:36:15,236 [INFO] [Rank 0] Backward Pass - End
2026-01-23 03:36:15,295 [INFO] [Rank 1] Backward Pass - End
2026-01-23 03:36:15,574 [INFO] [Rank 0] Finished Batch 214
2026-01-23 03:36:15,597 [INFO] [Rank 1] Finished Batch 214
2026-01-23 03:36:15,606 [INFO] [Rank 0] Starting Batch 215
2026-01-23 03:36:15,673 [INFO] [Rank 1] Starting Batch 215
2026-01-23 03:36:15,673 [INFO] [Worker 4]  Loaded /storage/slurm/hunecke/fakesync/data/voxceleb2/preprocessed/shards_train/shard_0151.pt in 13.99s. Items: 3969
2026-01-23 03:36:15,682 [INFO] [Worker 0] Yielded sample 4200 from /storage/slurm/hunecke/fakesync/data/voxceleb2/preprocessed/shards_train/shard_0052.pt
2026-01-23 03:36:15,692 [INFO] [Rank 0] Batch 215: Training Step Start
2026-01-23 03:36:15,716 [INFO] [Rank 1] Batch 215: Training Step Start
2026-01-23 03:36:15,819 [INFO] [Rank 0] Batch 215: Forward Start
2026-01-23 03:36:15,900 [INFO] [Rank 1] Batch 215: Forward Start
2026-01-23 03:36:16,066 [INFO] [Rank 0] Batch 215: Forward End (0.112s)
2026-01-23 03:36:16,084 [INFO] [Rank 1] Batch 215: Forward End (0.102s)
2026-01-23 03:36:16,226 [DEBUG] [Profile] batch_gap: 330.5ms, forward: 115.5ms, GPU_mem: 32.8GB (avg over 4 steps)
2026-01-23 03:36:16,252 [DEBUG] [Profile] batch_gap: 291.1ms, forward: 108.9ms, GPU_mem: 32.8GB (avg over 4 steps)
2026-01-23 03:36:16,303 [INFO] [Rank 0] Batch 215: Returning Loss
2026-01-23 03:36:16,323 [INFO] [Rank 1] Batch 215: Returning Loss
2026-01-23 03:36:16,338 [INFO] [Rank 0] Backward Pass - Start (DDP Sync happens here)
2026-01-23 03:36:16,357 [INFO] [Rank 1] Backward Pass - Start (DDP Sync happens here)
2026-01-23 03:36:16,442 [INFO] [Worker 0] Yielded sample 4300 from /storage/slurm/hunecke/fakesync/data/voxceleb2/preprocessed/shards_train/shard_0149.pt
2026-01-23 03:36:16,870 [INFO] [Worker 0] Yielded sample 4300 from /storage/slurm/hunecke/fakesync/data/voxceleb2/preprocessed/shards_train/shard_0052.pt
2026-01-23 03:36:17,326 [INFO] [Rank 1] Backward Pass - End
2026-01-23 03:36:17,326 [INFO] [Rank 0] Backward Pass - End
2026-01-23 03:36:17,387 [INFO] [Rank 1] Optimizer Step - Start
2026-01-23 03:36:17,411 [INFO] [Rank 0] Optimizer Step - Start
2026-01-23 03:36:17,532 [INFO] [Rank 0] Finished Batch 215
2026-01-23 03:36:17,532 [INFO] [Rank 1] Finished Batch 215
2026-01-23 03:36:17,577 [INFO] [Rank 0] Starting Batch 216
2026-01-23 03:36:17,589 [INFO] [Rank 1] Starting Batch 216
2026-01-23 03:36:17,637 [INFO] [Rank 0] Batch 216: Training Step Start
2026-01-23 03:36:17,658 [INFO] [Rank 1] Batch 216: Training Step Start
2026-01-23 03:36:18,175 [INFO] [Rank 0] Batch 216: Forward Start
2026-01-23 03:36:18,255 [INFO] [Rank 1] Batch 216: Forward Start
2026-01-23 03:36:18,420 [INFO] [Rank 0] Batch 216: Forward End (0.102s)
2026-01-23 03:36:18,449 [INFO] [Rank 0] Batch 216: Returning Loss
2026-01-23 03:36:18,474 [INFO] [Rank 1] Batch 216: Forward End (0.103s)
2026-01-23 03:36:18,508 [INFO] [Rank 0] Optimizer Step (Zero Grad) - Start
2026-01-23 03:36:18,557 [INFO] [Rank 1] Batch 216: Returning Loss
2026-01-23 03:36:18,560 [INFO] [Rank 0] Backward Pass - Start (DDP Sync happens here)
2026-01-23 03:36:18,621 [INFO] [Rank 1] Optimizer Step (Zero Grad) - Start
2026-01-23 03:36:18,724 [INFO] [Rank 1] Backward Pass - Start (DDP Sync happens here)
2026-01-23 03:36:19,047 [INFO] [Rank 0] Backward Pass - End
2026-01-23 03:36:19,153 [INFO] [Rank 0] Finished Batch 216
2026-01-23 03:36:19,163 [INFO] [Rank 1] Backward Pass - End
2026-01-23 03:36:19,646 [INFO] [Rank 0] Starting Batch 217
2026-01-23 03:36:19,740 [INFO] [Rank 1] Finished Batch 216
2026-01-23 03:36:19,793 [INFO] [Rank 0] Batch 217: Training Step Start
2026-01-23 03:36:19,829 [INFO] [Rank 1] Starting Batch 217
2026-01-23 03:36:19,875 [INFO] [Rank 0] Batch 217: Forward Start
2026-01-23 03:36:19,899 [INFO] [Rank 1] Batch 217: Training Step Start
2026-01-23 03:36:19,994 [INFO] [Rank 1] Batch 217: Forward Start
2026-01-23 03:36:20,022 [INFO] [Rank 0] Batch 217: Forward End (0.102s)
2026-01-23 03:36:20,071 [INFO] [Rank 0] Batch 217: Returning Loss
2026-01-23 03:36:20,089 [INFO] [Rank 0] Backward Pass - Start (DDP Sync happens here)
2026-01-23 03:36:20,146 [INFO] [Rank 1] Batch 217: Forward End (0.102s)
2026-01-23 03:36:20,211 [INFO] [Rank 1] Batch 217: Returning Loss
2026-01-23 03:36:20,224 [INFO] [Rank 1] Backward Pass - Start (DDP Sync happens here)
2026-01-23 03:36:20,600 [INFO] [Rank 0] Backward Pass - End
2026-01-23 03:36:20,751 [INFO] [Rank 1] Backward Pass - End
2026-01-23 03:36:20,911 [INFO] [Rank 0] Finished Batch 217
2026-01-23 03:36:21,068 [INFO] [Rank 1] Finished Batch 217
2026-01-23 03:36:21,163 [INFO] [Rank 0] Starting Batch 218
2026-01-23 03:36:21,191 [INFO] [Rank 1] Starting Batch 218
2026-01-23 03:36:21,208 [INFO] [Rank 0] Batch 218: Training Step Start
2026-01-23 03:36:21,269 [INFO] [Rank 1] Batch 218: Training Step Start
2026-01-23 03:36:21,352 [INFO] [Rank 0] Batch 218: Forward Start
2026-01-23 03:36:21,382 [INFO] [Rank 1] Batch 218: Forward Start
2026-01-23 03:36:21,564 [INFO] [Rank 0] Batch 218: Forward End (0.102s)
2026-01-23 03:36:21,594 [INFO] [Rank 1] Batch 218: Forward End (0.103s)
2026-01-23 03:36:21,645 [INFO] [Rank 0] Batch 218: Returning Loss
2026-01-23 03:36:21,741 [INFO] [Rank 1] Batch 218: Returning Loss
2026-01-23 03:36:21,761 [INFO] [Rank 0] Backward Pass - Start (DDP Sync happens here)
2026-01-23 03:36:21,834 [INFO] [Rank 1] Backward Pass - Start (DDP Sync happens here)
2026-01-23 03:36:22,276 [INFO] [Rank 0] Backward Pass - End
2026-01-23 03:36:22,425 [INFO] [Rank 0] Finished Batch 218
2026-01-23 03:36:22,465 [INFO] [Rank 0] Starting Batch 219
2026-01-23 03:36:22,547 [INFO] [Rank 0] Batch 219: Training Step Start
2026-01-23 03:36:22,568 [INFO] [Rank 0] Batch 219: Forward Start
2026-01-23 03:36:22,701 [INFO] [Rank 1] Backward Pass - End
2026-01-23 03:36:22,773 [INFO] [Rank 0] Batch 219: Forward End (0.105s)
2026-01-23 03:36:22,808 [INFO] [Rank 1] Finished Batch 218
2026-01-23 03:36:22,873 [INFO] [Rank 1] Starting Batch 219
2026-01-23 03:36:22,913 [INFO] [Rank 1] Batch 219: Training Step Start
2026-01-23 03:36:22,938 [DEBUG] [Profile] batch_gap: 290.2ms, forward: 102.8ms, GPU_mem: 32.8GB (avg over 4 steps)
2026-01-23 03:36:23,053 [INFO] [Rank 1] Batch 219: Forward Start
2026-01-23 03:36:23,125 [INFO] [Rank 0] Batch 219: Returning Loss
2026-01-23 03:36:23,233 [INFO] [Rank 0] Backward Pass - Start (DDP Sync happens here)
2026-01-23 03:36:23,266 [INFO] [Rank 1] Batch 219: Forward End (0.103s)
2026-01-23 03:36:23,781 [DEBUG] [Profile] batch_gap: 147.0ms, forward: 102.5ms, GPU_mem: 32.8GB (avg over 4 steps)
2026-01-23 03:36:23,813 [INFO] [Rank 1] Batch 219: Returning Loss
2026-01-23 03:36:23,876 [INFO] [Rank 1] Backward Pass - Start (DDP Sync happens here)
2026-01-23 03:36:24,089 [INFO] [Rank 0] Backward Pass - End
2026-01-23 03:36:24,198 [INFO] [Rank 0] Finished Batch 219
2026-01-23 03:36:24,290 [INFO] [Rank 0] Starting Batch 220
2026-01-23 03:36:24,311 [INFO] [Rank 1] Backward Pass - End
2026-01-23 03:36:24,342 [INFO] [Rank 0] Batch 220: Training Step Start
2026-01-23 03:36:24,421 [INFO] [Rank 1] Finished Batch 219
2026-01-23 03:36:24,450 [INFO] [Rank 0] Batch 220: Forward Start
2026-01-23 03:36:24,545 [INFO] [Rank 1] Starting Batch 220
2026-01-23 03:36:24,622 [INFO] [Rank 1] Batch 220: Training Step Start
2026-01-23 03:36:24,702 [INFO] [Rank 0] Batch 220: Forward End (0.102s)
2026-01-23 03:36:24,956 [INFO] [Worker 0] Yielded sample 4400 from /storage/slurm/hunecke/fakesync/data/voxceleb2/preprocessed/shards_train/shard_0052.pt
2026-01-23 03:36:25,068 [INFO] [Rank 1] Batch 220: Forward Start
2026-01-23 03:36:25,147 [INFO] [Rank 0] Batch 220: Returning Loss
2026-01-23 03:36:25,152 [INFO] [Worker 0] Yielded sample 4400 from /storage/slurm/hunecke/fakesync/data/voxceleb2/preprocessed/shards_train/shard_0149.pt
2026-01-23 03:36:25,301 [INFO] [Rank 0] Backward Pass - Start (DDP Sync happens here)
2026-01-23 03:36:25,375 [INFO] [Rank 1] Batch 220: Forward End (0.102s)
2026-01-23 03:36:25,533 [INFO] [Rank 1] Batch 220: Returning Loss
2026-01-23 03:36:25,585 [INFO] [Rank 1] Backward Pass - Start (DDP Sync happens here)
2026-01-23 03:36:25,872 [INFO] [Rank 0] Backward Pass - End
2026-01-23 03:36:25,980 [INFO] [Rank 0] Finished Batch 220
2026-01-23 03:36:26,062 [INFO] [Rank 1] Backward Pass - End
2026-01-23 03:36:26,427 [INFO] [Rank 0] Starting Batch 221
2026-01-23 03:36:26,499 [INFO] [Rank 1] Finished Batch 220
2026-01-23 03:36:26,575 [INFO] [Rank 0] Batch 221: Training Step Start
2026-01-23 03:36:26,613 [INFO] [Rank 1] Starting Batch 221
2026-01-23 03:36:26,654 [INFO] [Rank 0] Batch 221: Forward Start
2026-01-23 03:36:26,686 [INFO] [Rank 1] Batch 221: Training Step Start
2026-01-23 03:36:26,748 [INFO] [Rank 1] Batch 221: Forward Start
2026-01-23 03:36:26,817 [INFO] [Rank 0] Batch 221: Forward End (0.102s)
2026-01-23 03:36:26,911 [INFO] [Rank 0] Batch 221: Returning Loss
2026-01-23 03:36:26,954 [INFO] [Rank 1] Batch 221: Forward End (0.103s)
2026-01-23 03:36:26,999 [INFO] [Rank 0] Backward Pass - Start (DDP Sync happens here)
2026-01-23 03:36:27,047 [INFO] [Rank 1] Batch 221: Returning Loss
2026-01-23 03:36:27,155 [INFO] [Rank 1] Backward Pass - Start (DDP Sync happens here)
2026-01-23 03:36:27,539 [INFO] [Rank 0] Backward Pass - End
2026-01-23 03:36:27,624 [INFO] [Rank 1] Backward Pass - End
2026-01-23 03:36:27,816 [INFO] [Rank 0] Finished Batch 221
2026-01-23 03:36:27,877 [INFO] [Rank 1] Finished Batch 221
2026-01-23 03:36:27,943 [INFO] [Rank 0] Starting Batch 222
2026-01-23 03:36:28,026 [INFO] [Rank 1] Starting Batch 222
2026-01-23 03:36:28,104 [INFO] [Rank 0] Batch 222: Training Step Start
2026-01-23 03:36:28,123 [INFO] [Rank 1] Batch 222: Training Step Start
2026-01-23 03:36:28,151 [INFO] [Rank 0] Batch 222: Forward Start
2026-01-23 03:36:28,213 [INFO] [Rank 1] Batch 222: Forward Start
2026-01-23 03:36:28,333 [INFO] [Rank 0] Batch 222: Forward End (0.102s)
2026-01-23 03:36:28,376 [INFO] [Rank 1] Batch 222: Forward End (0.102s)
2026-01-23 03:36:28,432 [INFO] [Rank 0] Batch 222: Returning Loss
2026-01-23 03:36:28,490 [INFO] [Rank 1] Batch 222: Returning Loss
2026-01-23 03:36:28,505 [INFO] [Rank 0] Backward Pass - Start (DDP Sync happens here)
2026-01-23 03:36:28,541 [INFO] [Rank 1] Backward Pass - Start (DDP Sync happens here)
2026-01-23 03:36:29,032 [INFO] [Rank 0] Backward Pass - End
2026-01-23 03:36:29,048 [INFO] [Rank 1] Backward Pass - End
2026-01-23 03:36:29,369 [INFO] [Rank 0] Finished Batch 222
2026-01-23 03:36:29,391 [INFO] [Rank 1] Finished Batch 222
2026-01-23 03:36:29,428 [INFO] [Rank 0] Starting Batch 223
2026-01-23 03:36:29,451 [INFO] [Rank 0] Batch 223: Training Step Start
2026-01-23 03:36:29,451 [INFO] [Rank 1] Starting Batch 223
2026-01-23 03:36:29,471 [INFO] [Rank 0] Batch 223: Forward Start
2026-01-23 03:36:29,486 [INFO] [Rank 1] Batch 223: Training Step Start
2026-01-23 03:36:29,525 [INFO] [Rank 1] Batch 223: Forward Start
2026-01-23 03:36:29,608 [INFO] [Rank 0] Batch 223: Forward End (0.102s)
2026-01-23 03:36:29,644 [INFO] [Rank 1] Batch 223: Forward End (0.102s)
2026-01-23 03:36:29,776 [DEBUG] [Profile] batch_gap: 276.3ms, forward: 102.2ms, GPU_mem: 32.8GB (avg over 4 steps)
2026-01-23 03:36:29,812 [DEBUG] [Profile] batch_gap: 181.5ms, forward: 102.3ms, GPU_mem: 32.8GB (avg over 4 steps)
2026-01-23 03:36:29,869 [INFO] [Rank 0] Batch 223: Returning Loss
2026-01-23 03:36:29,936 [INFO] [Rank 1] Batch 223: Returning Loss
2026-01-23 03:36:29,958 [INFO] [Rank 0] Backward Pass - Start (DDP Sync happens here)
2026-01-23 03:36:30,005 [INFO] [Rank 1] Backward Pass - Start (DDP Sync happens here)
2026-01-23 03:36:30,647 [INFO] [Rank 1] Backward Pass - End
2026-01-23 03:36:30,648 [INFO] [Rank 0] Backward Pass - End
2026-01-23 03:36:30,733 [INFO] [Rank 1] Optimizer Step - Start
2026-01-23 03:36:30,756 [INFO] [Rank 0] Optimizer Step - Start
2026-01-23 03:36:30,925 [INFO] [Rank 0] Finished Batch 223
2026-01-23 03:36:30,926 [INFO] [Rank 1] Finished Batch 223
2026-01-23 03:36:30,996 [INFO] [Rank 0] Starting Batch 224
2026-01-23 03:36:31,018 [INFO] [Rank 1] Starting Batch 224
2026-01-23 03:36:31,084 [INFO] [Rank 0] Batch 224: Training Step Start
2026-01-23 03:36:31,101 [INFO] [Rank 1] Batch 224: Training Step Start
2026-01-23 03:36:31,118 [INFO] [Rank 0] Batch 224: Forward Start
2026-01-23 03:36:31,181 [INFO] [Rank 1] Batch 224: Forward Start
2026-01-23 03:36:31,299 [INFO] [Rank 0] Batch 224: Forward End (0.102s)
2026-01-23 03:36:31,353 [INFO] [Rank 1] Batch 224: Forward End (0.102s)
2026-01-23 03:36:31,418 [INFO] [Rank 0] Batch 224: Returning Loss
2026-01-23 03:36:31,441 [INFO] [Rank 1] Batch 224: Returning Loss
2026-01-23 03:36:31,490 [INFO] [Rank 0] Optimizer Step (Zero Grad) - Start
2026-01-23 03:36:31,946 [INFO] [Rank 1] Optimizer Step (Zero Grad) - Start
2026-01-23 03:36:32,020 [INFO] [Rank 0] Backward Pass - Start (DDP Sync happens here)
2026-01-23 03:36:32,135 [INFO] [Rank 1] Backward Pass - Start (DDP Sync happens here)
2026-01-23 03:36:32,598 [INFO] [Rank 0] Backward Pass - End
2026-01-23 03:36:32,652 [INFO] [Rank 1] Backward Pass - End
2026-01-23 03:36:32,704 [INFO] [Rank 0] Finished Batch 224
2026-01-23 03:36:32,739 [INFO] [Rank 0] Starting Batch 225
2026-01-23 03:36:32,757 [INFO] [Rank 1] Finished Batch 224
2026-01-23 03:36:32,768 [INFO] [Rank 0] Batch 225: Training Step Start
2026-01-23 03:36:32,841 [INFO] [Rank 1] Starting Batch 225
2026-01-23 03:36:32,853 [INFO] [Rank 0] Batch 225: Forward Start
2026-01-23 03:36:32,865 [INFO] [Rank 1] Batch 225: Training Step Start
2026-01-23 03:36:33,361 [INFO] [Rank 1] Batch 225: Forward Start
2026-01-23 03:36:33,445 [INFO] [Rank 0] Batch 225: Forward End (0.102s)
2026-01-23 03:36:33,514 [INFO] [Rank 0] Batch 225: Returning Loss
2026-01-23 03:36:33,516 [INFO] [Rank 1] Batch 225: Forward End (0.102s)
2026-01-23 03:36:33,550 [INFO] [Rank 0] Backward Pass - Start (DDP Sync happens here)
2026-01-23 03:36:33,628 [INFO] [Rank 1] Batch 225: Returning Loss
2026-01-23 03:36:33,647 [INFO] [Rank 1] Backward Pass - Start (DDP Sync happens here)
2026-01-23 03:36:34,050 [INFO] [Rank 0] Backward Pass - End
2026-01-23 03:36:34,146 [INFO] [Rank 1] Backward Pass - End
2026-01-23 03:36:34,158 [INFO] [Rank 0] Finished Batch 225
2026-01-23 03:36:34,253 [INFO] [Rank 1] Finished Batch 225
2026-01-23 03:36:34,269 [INFO] [Rank 0] Starting Batch 226
2026-01-23 03:36:34,286 [INFO] [Rank 1] Starting Batch 226
2026-01-23 03:36:34,878 [INFO] [Rank 0] Batch 226: Training Step Start
2026-01-23 03:36:34,909 [INFO] [Rank 1] Batch 226: Training Step Start
2026-01-23 03:36:34,973 [INFO] [Rank 0] Batch 226: Forward Start
2026-01-23 03:36:34,984 [INFO] [Rank 1] Batch 226: Forward Start
2026-01-23 03:36:35,148 [INFO] [Rank 0] Batch 226: Forward End (0.102s)
2026-01-23 03:36:35,170 [INFO] [Rank 0] Batch 226: Returning Loss
2026-01-23 03:36:35,173 [INFO] [Rank 1] Batch 226: Forward End (0.102s)
2026-01-23 03:36:35,218 [INFO] [Rank 0] Backward Pass - Start (DDP Sync happens here)
2026-01-23 03:36:35,277 [INFO] [Rank 1] Batch 226: Returning Loss
2026-01-23 03:36:35,307 [INFO] [Rank 1] Backward Pass - Start (DDP Sync happens here)
2026-01-23 03:36:35,726 [INFO] [Rank 0] Backward Pass - End
2026-01-23 03:36:35,777 [INFO] [Rank 1] Backward Pass - End
2026-01-23 03:36:35,834 [INFO] [Rank 0] Finished Batch 226
2026-01-23 03:36:35,884 [INFO] [Rank 1] Finished Batch 226
2026-01-23 03:36:36,337 [INFO] [Rank 0] Starting Batch 227
2026-01-23 03:36:36,388 [INFO] [Rank 1] Starting Batch 227
2026-01-23 03:36:36,451 [INFO] [Rank 0] Batch 227: Training Step Start
2026-01-23 03:36:36,473 [INFO] [Rank 1] Batch 227: Training Step Start
2026-01-23 03:36:36,488 [INFO] [Rank 0] Batch 227: Forward Start
2026-01-23 03:36:36,504 [INFO] [Rank 1] Batch 227: Forward Start
2026-01-23 03:36:36,722 [INFO] [Rank 0] Batch 227: Forward End (0.102s)
2026-01-23 03:36:36,749 [INFO] [Rank 1] Batch 227: Forward End (0.102s)
2026-01-23 03:36:36,890 [DEBUG] [Profile] batch_gap: 389.1ms, forward: 102.2ms, GPU_mem: 32.8GB (avg over 4 steps)
2026-01-23 03:36:36,916 [DEBUG] [Profile] batch_gap: 381.5ms, forward: 102.3ms, GPU_mem: 32.8GB (avg over 4 steps)
2026-01-23 03:36:36,987 [INFO] [Rank 0] Batch 227: Returning Loss
2026-01-23 03:36:37,010 [INFO] [Rank 1] Batch 227: Returning Loss
2026-01-23 03:36:37,077 [INFO] [Rank 0] Backward Pass - Start (DDP Sync happens here)
2026-01-23 03:36:37,107 [INFO] [Rank 1] Backward Pass - Start (DDP Sync happens here)
2026-01-23 03:36:37,568 [INFO] [Rank 0] Backward Pass - End
2026-01-23 03:36:37,631 [INFO] [Rank 1] Backward Pass - End
2026-01-23 03:36:37,725 [INFO] [Rank 0] Finished Batch 227
2026-01-23 03:36:37,742 [INFO] [Rank 1] Finished Batch 227
2026-01-23 03:36:37,758 [INFO] [Rank 0] Starting Batch 228
2026-01-23 03:36:37,789 [INFO] [Rank 1] Starting Batch 228
2026-01-23 03:36:37,804 [INFO] [Rank 0] Batch 228: Training Step Start
2026-01-23 03:36:37,818 [INFO] [Rank 1] Batch 228: Training Step Start
2026-01-23 03:36:37,834 [INFO] [Rank 0] Batch 228: Forward Start
2026-01-23 03:36:37,847 [INFO] [Rank 1] Batch 228: Forward Start
2026-01-23 03:36:37,969 [INFO] [Rank 0] Batch 228: Forward End (0.104s)
2026-01-23 03:36:37,987 [INFO] [Rank 1] Batch 228: Forward End (0.103s)
2026-01-23 03:36:38,070 [INFO] [Rank 0] Batch 228: Returning Loss
2026-01-23 03:36:38,082 [INFO] [Rank 1] Batch 228: Returning Loss
2026-01-23 03:36:38,171 [INFO] [Rank 0] Backward Pass - Start (DDP Sync happens here)
2026-01-23 03:36:38,194 [INFO] [Rank 1] Backward Pass - Start (DDP Sync happens here)
2026-01-23 03:36:38,618 [INFO] [Rank 0] Backward Pass - End
2026-01-23 03:36:38,707 [INFO] [Rank 1] Backward Pass - End
2026-01-23 03:36:39,132 [INFO] [Rank 0] Finished Batch 228
2026-01-23 03:36:39,236 [INFO] [Rank 1] Finished Batch 228
2026-01-23 03:36:39,290 [INFO] [Rank 0] Starting Batch 229
2026-01-23 03:36:39,324 [INFO] [Rank 1] Starting Batch 229
2026-01-23 03:36:39,397 [INFO] [Rank 0] Batch 229: Training Step Start
2026-01-23 03:36:39,414 [INFO] [Rank 1] Batch 229: Training Step Start
2026-01-23 03:36:39,444 [INFO] [Rank 0] Batch 229: Forward Start
2026-01-23 03:36:39,520 [INFO] [Rank 1] Batch 229: Forward Start
2026-01-23 03:36:39,647 [INFO] [Rank 0] Batch 229: Forward End (0.103s)
2026-01-23 03:36:39,668 [INFO] [Rank 0] Batch 229: Returning Loss
2026-01-23 03:36:39,672 [INFO] [Rank 1] Batch 229: Forward End (0.104s)
2026-01-23 03:36:39,724 [INFO] [Rank 0] Backward Pass - Start (DDP Sync happens here)
2026-01-23 03:36:39,748 [INFO] [Rank 1] Batch 229: Returning Loss
2026-01-23 03:36:39,819 [INFO] [Rank 1] Backward Pass - Start (DDP Sync happens here)
2026-01-23 03:36:40,224 [INFO] [Rank 0] Backward Pass - End
2026-01-23 03:36:40,294 [INFO] [Rank 1] Backward Pass - End
2026-01-23 03:36:40,479 [INFO] [Rank 0] Finished Batch 229
2026-01-23 03:36:40,633 [INFO] [Rank 1] Finished Batch 229
2026-01-23 03:36:40,661 [INFO] [Rank 0] Starting Batch 230
2026-01-23 03:36:40,699 [INFO] [Worker 0] Yielded sample 4500 from /storage/slurm/hunecke/fakesync/data/voxceleb2/preprocessed/shards_train/shard_0052.pt
2026-01-23 03:36:40,736 [INFO] [Rank 1] Starting Batch 230
2026-01-23 03:36:40,748 [INFO] [Rank 0] Batch 230: Training Step Start
2026-01-23 03:36:40,775 [INFO] [Worker 0] Yielded sample 4500 from /storage/slurm/hunecke/fakesync/data/voxceleb2/preprocessed/shards_train/shard_0149.pt
2026-01-23 03:36:40,822 [INFO] [Rank 1] Batch 230: Training Step Start
2026-01-23 03:36:40,871 [INFO] [Rank 0] Batch 230: Forward Start
2026-01-23 03:36:40,943 [INFO] [Rank 1] Batch 230: Forward Start
2026-01-23 03:36:41,104 [INFO] [Rank 0] Batch 230: Forward End (0.103s)
2026-01-23 03:36:41,140 [INFO] [Rank 1] Batch 230: Forward End (0.103s)
2026-01-23 03:36:41,152 [INFO] [Rank 0] Batch 230: Returning Loss
2026-01-23 03:36:41,177 [INFO] [Rank 1] Batch 230: Returning Loss
2026-01-23 03:36:41,248 [INFO] [Rank 0] Backward Pass - Start (DDP Sync happens here)
2026-01-23 03:36:41,284 [INFO] [Rank 1] Backward Pass - Start (DDP Sync happens here)
2026-01-23 03:36:41,773 [INFO] [Rank 0] Backward Pass - End
2026-01-23 03:36:41,837 [INFO] [Rank 1] Backward Pass - End
2026-01-23 03:36:41,912 [INFO] [Rank 0] Finished Batch 230
2026-01-23 03:36:41,956 [INFO] [Rank 1] Finished Batch 230
2026-01-23 03:36:41,976 [INFO] [Rank 0] Starting Batch 231
2026-01-23 03:36:41,995 [INFO] [Rank 1] Starting Batch 231
2026-01-23 03:36:42,060 [INFO] [Rank 0] Batch 231: Training Step Start
2026-01-23 03:36:42,073 [INFO] [Rank 1] Batch 231: Training Step Start
2026-01-23 03:36:42,090 [INFO] [Rank 0] Batch 231: Forward Start
2026-01-23 03:36:42,242 [INFO] [Rank 1] Batch 231: Forward Start
2026-01-23 03:36:42,428 [INFO] [Rank 0] Batch 231: Forward End (0.103s)
2026-01-23 03:36:42,441 [INFO] [Rank 1] Batch 231: Forward End (0.102s)
2026-01-23 03:36:42,596 [DEBUG] [Profile] batch_gap: 189.3ms, forward: 103.3ms, GPU_mem: 32.8GB (avg over 4 steps)
2026-01-23 03:36:42,608 [DEBUG] [Profile] batch_gap: 139.3ms, forward: 103.2ms, GPU_mem: 32.8GB (avg over 4 steps)
2026-01-23 03:36:42,630 [INFO] [Rank 0] Batch 231: Returning Loss
2026-01-23 03:36:42,714 [INFO] [Rank 1] Batch 231: Returning Loss
2026-01-23 03:36:42,735 [INFO] [Rank 0] Backward Pass - Start (DDP Sync happens here)
2026-01-23 03:36:42,754 [INFO] [Rank 1] Backward Pass - Start (DDP Sync happens here)
2026-01-23 03:36:43,903 [INFO] [Rank 0] Backward Pass - End
2026-01-23 03:36:43,904 [INFO] [Rank 1] Backward Pass - End
2026-01-23 03:36:43,928 [INFO] [Rank 0] Optimizer Step - Start
2026-01-23 03:36:43,983 [INFO] [Rank 1] Optimizer Step - Start
2026-01-23 03:36:44,045 [INFO] [Rank 0] Finished Batch 231
2026-01-23 03:36:44,068 [INFO] [Rank 0] Starting Batch 232
2026-01-23 03:36:44,088 [INFO] [Rank 1] Finished Batch 231
2026-01-23 03:36:44,127 [INFO] [Rank 0] Batch 232: Training Step Start
2026-01-23 03:36:44,142 [INFO] [Rank 1] Starting Batch 232
2026-01-23 03:36:44,277 [INFO] [Rank 0] Batch 232: Forward Start
2026-01-23 03:36:44,707 [INFO] [Rank 1] Batch 232: Training Step Start
2026-01-23 03:36:44,730 [INFO] [Rank 1] Batch 232: Forward Start
2026-01-23 03:36:44,822 [INFO] [Rank 0] Batch 232: Forward End (0.102s)
2026-01-23 03:36:44,849 [INFO] [Rank 0] Batch 232: Returning Loss
2026-01-23 03:36:44,849 [INFO] [Rank 1] Batch 232: Forward End (0.102s)
2026-01-23 03:36:44,863 [INFO] [Rank 0] Optimizer Step (Zero Grad) - Start
2026-01-23 03:36:44,886 [INFO] [Rank 1] Batch 232: Returning Loss
2026-01-23 03:36:44,891 [INFO] [Rank 0] Backward Pass - Start (DDP Sync happens here)
2026-01-23 03:36:44,905 [INFO] [Rank 1] Optimizer Step (Zero Grad) - Start
2026-01-23 03:36:44,932 [INFO] [Rank 1] Backward Pass - Start (DDP Sync happens here)
2026-01-23 03:36:45,398 [INFO] [Rank 0] Backward Pass - End
2026-01-23 03:36:45,426 [INFO] [Rank 1] Backward Pass - End
2026-01-23 03:36:45,504 [INFO] [Rank 0] Finished Batch 232
2026-01-23 03:36:45,531 [INFO] [Rank 1] Finished Batch 232
2026-01-23 03:36:45,535 [INFO] [Rank 0] Starting Batch 233
2026-01-23 03:36:45,557 [INFO] [Rank 1] Starting Batch 233
2026-01-23 03:36:45,573 [INFO] [Rank 0] Batch 233: Training Step Start
2026-01-23 03:36:45,971 [INFO] [Rank 1] Batch 233: Training Step Start
2026-01-23 03:36:46,064 [INFO] [Rank 0] Batch 233: Forward Start
2026-01-23 03:36:46,085 [INFO] [Rank 1] Batch 233: Forward Start
2026-01-23 03:36:46,203 [INFO] [Rank 0] Batch 233: Forward End (0.102s)
2026-01-23 03:36:46,254 [INFO] [Rank 1] Batch 233: Forward End (0.102s)
2026-01-23 03:36:46,266 [INFO] [Rank 0] Batch 233: Returning Loss
2026-01-23 03:36:46,325 [INFO] [Rank 1] Batch 233: Returning Loss
2026-01-23 03:36:46,335 [INFO] [Rank 0] Backward Pass - Start (DDP Sync happens here)
2026-01-23 03:36:46,429 [INFO] [Rank 1] Backward Pass - Start (DDP Sync happens here)
2026-01-23 03:36:46,864 [INFO] [Rank 0] Backward Pass - End
2026-01-23 03:36:46,879 [INFO] [Rank 1] Backward Pass - End
2026-01-23 03:36:46,973 [INFO] [Rank 0] Finished Batch 233
2026-01-23 03:36:47,427 [INFO] [Rank 1] Finished Batch 233
2026-01-23 03:36:47,460 [INFO] [Rank 0] Starting Batch 234
2026-01-23 03:36:47,529 [INFO] [Rank 1] Starting Batch 234
2026-01-23 03:36:47,546 [INFO] [Rank 0] Batch 234: Training Step Start
2026-01-23 03:36:47,635 [INFO] [Rank 1] Batch 234: Training Step Start
2026-01-23 03:36:47,659 [INFO] [Rank 0] Batch 234: Forward Start
2026-01-23 03:36:47,681 [INFO] [Rank 1] Batch 234: Forward Start
2026-01-23 03:36:47,881 [INFO] [Rank 0] Batch 234: Forward End (0.102s)
2026-01-23 03:36:47,909 [INFO] [Rank 1] Batch 234: Forward End (0.102s)
2026-01-23 03:36:47,935 [INFO] [Rank 0] Batch 234: Returning Loss
2026-01-23 03:36:48,003 [INFO] [Rank 1] Batch 234: Returning Loss
2026-01-23 03:36:48,015 [INFO] [Rank 0] Backward Pass - Start (DDP Sync happens here)
2026-01-23 03:36:48,039 [INFO] [Rank 1] Backward Pass - Start (DDP Sync happens here)
2026-01-23 03:36:48,471 [INFO] [Rank 0] Backward Pass - End
2026-01-23 03:36:48,487 [INFO] [Rank 1] Backward Pass - End
2026-01-23 03:36:48,789 [INFO] [Rank 0] Finished Batch 234
2026-01-23 03:36:48,832 [INFO] [Rank 1] Finished Batch 234
2026-01-23 03:36:48,877 [INFO] [Rank 0] Starting Batch 235
2026-01-23 03:36:48,914 [INFO] [Rank 1] Starting Batch 235
2026-01-23 03:36:48,982 [INFO] [Rank 0] Batch 235: Training Step Start
2026-01-23 03:36:48,991 [INFO] [Worker 0] Yielded sample 4600 from /storage/slurm/hunecke/fakesync/data/voxceleb2/preprocessed/shards_train/shard_0052.pt
2026-01-23 03:36:49,000 [INFO] [Rank 1] Batch 235: Training Step Start
2026-01-23 03:36:49,020 [INFO] [Rank 0] Batch 235: Forward Start
2026-01-23 03:36:49,027 [INFO] [Worker 0] Yielded sample 4600 from /storage/slurm/hunecke/fakesync/data/voxceleb2/preprocessed/shards_train/shard_0149.pt
2026-01-23 03:36:49,098 [INFO] [Rank 1] Batch 235: Forward Start
2026-01-23 03:36:49,267 [INFO] [Rank 0] Batch 235: Forward End (0.102s)
2026-01-23 03:36:49,388 [INFO] [Rank 1] Batch 235: Forward End (0.102s)
2026-01-23 03:36:49,435 [DEBUG] [Profile] batch_gap: 228.8ms, forward: 102.2ms, GPU_mem: 32.8GB (avg over 4 steps)
2026-01-23 03:36:49,556 [DEBUG] [Profile] batch_gap: 358.4ms, forward: 102.4ms, GPU_mem: 32.8GB (avg over 4 steps)
2026-01-23 03:36:49,558 [INFO] [Rank 0] Batch 235: Returning Loss
2026-01-23 03:36:49,582 [INFO] [Rank 1] Batch 235: Returning Loss
2026-01-23 03:36:49,646 [INFO] [Rank 0] Backward Pass - Start (DDP Sync happens here)
2026-01-23 03:36:49,693 [INFO] [Rank 1] Backward Pass - Start (DDP Sync happens here)
2026-01-23 03:36:50,126 [INFO] [Rank 0] Backward Pass - End
2026-01-23 03:36:50,198 [INFO] [Rank 1] Backward Pass - End
2026-01-23 03:36:50,350 [INFO] [Rank 0] Finished Batch 235
2026-01-23 03:36:50,372 [INFO] [Rank 1] Finished Batch 235
2026-01-23 03:36:50,443 [INFO] [Rank 0] Starting Batch 236
2026-01-23 03:36:50,455 [INFO] [Rank 1] Starting Batch 236
2026-01-23 03:36:50,522 [INFO] [Rank 0] Batch 236: Training Step Start
2026-01-23 03:36:50,580 [INFO] [Rank 1] Batch 236: Training Step Start
2026-01-23 03:36:50,599 [INFO] [Rank 0] Batch 236: Forward Start
2026-01-23 03:36:50,672 [INFO] [Rank 1] Batch 236: Forward Start
2026-01-23 03:36:50,794 [INFO] [Rank 0] Batch 236: Forward End (0.102s)
2026-01-23 03:36:50,817 [INFO] [Rank 1] Batch 236: Forward End (0.102s)
2026-01-23 03:36:50,892 [INFO] [Rank 0] Batch 236: Returning Loss
2026-01-23 03:36:50,913 [INFO] [Rank 1] Batch 236: Returning Loss
2026-01-23 03:36:50,919 [INFO] [Rank 0] Backward Pass - Start (DDP Sync happens here)
2026-01-23 03:36:50,985 [INFO] [Rank 1] Backward Pass - Start (DDP Sync happens here)
2026-01-23 03:36:51,422 [INFO] [Rank 0] Backward Pass - End
2026-01-23 03:36:51,473 [INFO] [Rank 1] Backward Pass - End
2026-01-23 03:36:51,799 [INFO] [Rank 0] Finished Batch 236
2026-01-23 03:36:51,814 [INFO] [Rank 1] Finished Batch 236
2026-01-23 03:36:51,826 [INFO] [Rank 0] Starting Batch 237
2026-01-23 03:36:51,855 [INFO] [Rank 1] Starting Batch 237
2026-01-23 03:36:51,871 [INFO] [Rank 0] Batch 237: Training Step Start
2026-01-23 03:36:51,886 [INFO] [Rank 1] Batch 237: Training Step Start
2026-01-23 03:36:51,906 [INFO] [Rank 0] Batch 237: Forward Start
2026-01-23 03:36:51,919 [INFO] [Rank 1] Batch 237: Forward Start
2026-01-23 03:36:52,039 [INFO] [Rank 0] Batch 237: Forward End (0.104s)
2026-01-23 03:36:52,052 [INFO] [Rank 1] Batch 237: Forward End (0.104s)
2026-01-23 03:36:52,181 [INFO] [Rank 0] Batch 237: Returning Loss
2026-01-23 03:36:52,196 [INFO] [Rank 1] Batch 237: Returning Loss
2026-01-23 03:36:52,267 [INFO] [Rank 0] Backward Pass - Start (DDP Sync happens here)
2026-01-23 03:36:52,295 [INFO] [Rank 1] Backward Pass - Start (DDP Sync happens here)
2026-01-23 03:36:52,776 [INFO] [Rank 0] Backward Pass - End
2026-01-23 03:36:52,792 [INFO] [Rank 1] Backward Pass - End
2026-01-23 03:36:53,098 [INFO] [Rank 0] Finished Batch 237
2026-01-23 03:36:53,194 [INFO] [Rank 1] Finished Batch 237
2026-01-23 03:36:53,260 [INFO] [Rank 0] Starting Batch 238
2026-01-23 03:36:53,274 [INFO] [Rank 1] Starting Batch 238
2026-01-23 03:36:53,289 [INFO] [Rank 0] Batch 238: Training Step Start
2026-01-23 03:36:53,344 [INFO] [Rank 1] Batch 238: Training Step Start
2026-01-23 03:36:53,369 [INFO] [Rank 0] Batch 238: Forward Start
2026-01-23 03:36:53,395 [INFO] [Rank 1] Batch 238: Forward Start
2026-01-23 03:36:53,575 [INFO] [Rank 0] Batch 238: Forward End (0.102s)
2026-01-23 03:36:53,597 [INFO] [Rank 1] Batch 238: Forward End (0.102s)
2026-01-23 03:36:53,612 [INFO] [Rank 0] Batch 238: Returning Loss
2026-01-23 03:36:53,635 [INFO] [Rank 1] Batch 238: Returning Loss
2026-01-23 03:36:53,655 [INFO] [Rank 0] Backward Pass - Start (DDP Sync happens here)
2026-01-23 03:36:53,669 [INFO] [Rank 1] Backward Pass - Start (DDP Sync happens here)
2026-01-23 03:36:54,153 [INFO] [Rank 0] Backward Pass - End
2026-01-23 03:36:54,197 [INFO] [Rank 1] Backward Pass - End
2026-01-23 03:36:54,482 [INFO] [Rank 0] Finished Batch 238
2026-01-23 03:36:54,563 [INFO] [Rank 1] Finished Batch 238
2026-01-23 03:36:54,676 [INFO] [Rank 0] Starting Batch 239
2026-01-23 03:36:54,738 [INFO] [Rank 1] Starting Batch 239
2026-01-23 03:36:54,758 [INFO] [Rank 0] Batch 239: Training Step Start
2026-01-23 03:36:54,818 [INFO] [Rank 1] Batch 239: Training Step Start
2026-01-23 03:36:54,836 [INFO] [Rank 0] Batch 239: Forward Start
2026-01-23 03:36:54,862 [INFO] [Rank 1] Batch 239: Forward Start
2026-01-23 03:36:55,034 [INFO] [Rank 0] Batch 239: Forward End (0.102s)
2026-01-23 03:36:55,064 [INFO] [Rank 1] Batch 239: Forward End (0.102s)
2026-01-23 03:36:55,202 [DEBUG] [Profile] batch_gap: 177.0ms, forward: 102.7ms, GPU_mem: 32.8GB (avg over 4 steps)
2026-01-23 03:36:55,232 [DEBUG] [Profile] batch_gap: 170.5ms, forward: 102.7ms, GPU_mem: 32.8GB (avg over 4 steps)
2026-01-23 03:36:55,285 [INFO] [Rank 0] Batch 239: Returning Loss
2026-01-23 03:36:55,301 [INFO] [Rank 1] Batch 239: Returning Loss
2026-01-23 03:36:55,316 [INFO] [Rank 0] Backward Pass - Start (DDP Sync happens here)
2026-01-23 03:36:55,332 [INFO] [Rank 1] Backward Pass - Start (DDP Sync happens here)
2026-01-23 03:36:56,026 [INFO] [Rank 1] Backward Pass - End
2026-01-23 03:36:56,026 [INFO] [Rank 0] Backward Pass - End
2026-01-23 03:36:56,082 [INFO] [Rank 1] Optimizer Step - Start
2026-01-23 03:36:56,101 [INFO] [Rank 0] Optimizer Step - Start
2026-01-23 03:36:56,194 [INFO] [Rank 0] Finished Batch 239
2026-01-23 03:36:56,195 [INFO] [Rank 1] Finished Batch 239
2026-01-23 03:36:56,246 [INFO] [Rank 0] Starting Batch 240
2026-01-23 03:36:56,261 [INFO] [Rank 1] Starting Batch 240
2026-01-23 03:36:56,301 [INFO] [Rank 0] Batch 240: Training Step Start
2026-01-23 03:36:56,329 [INFO] [Rank 1] Batch 240: Training Step Start
2026-01-23 03:36:56,379 [INFO] [Rank 0] Batch 240: Forward Start
2026-01-23 03:36:56,440 [INFO] [Worker 0] Yielded sample 4700 from /storage/slurm/hunecke/fakesync/data/voxceleb2/preprocessed/shards_train/shard_0052.pt
2026-01-23 03:36:56,448 [INFO] [Worker 0] Yielded sample 4700 from /storage/slurm/hunecke/fakesync/data/voxceleb2/preprocessed/shards_train/shard_0149.pt
2026-01-23 03:36:56,461 [INFO] [Rank 1] Batch 240: Forward Start
2026-01-23 03:36:56,588 [INFO] [Rank 0] Batch 240: Forward End (0.102s)
2026-01-23 03:36:56,633 [INFO] [Rank 0] Batch 240: Returning Loss
2026-01-23 03:36:56,704 [INFO] [Rank 1] Batch 240: Forward End (0.102s)
2026-01-23 03:36:56,739 [INFO] [Rank 0] Optimizer Step (Zero Grad) - Start
2026-01-23 03:36:56,780 [INFO] [Rank 1] Batch 240: Returning Loss
2026-01-23 03:36:56,783 [INFO] [Rank 0] Backward Pass - Start (DDP Sync happens here)
2026-01-23 03:36:57,248 [INFO] [Rank 1] Optimizer Step (Zero Grad) - Start
2026-01-23 03:36:57,341 [INFO] [Rank 1] Backward Pass - Start (DDP Sync happens here)
2026-01-23 03:36:57,719 [INFO] [Rank 0] Backward Pass - End
2026-01-23 03:36:57,773 [INFO] [Rank 1] Backward Pass - End
2026-01-23 03:36:57,824 [INFO] [Rank 0] Finished Batch 240
2026-01-23 03:36:57,878 [INFO] [Rank 1] Finished Batch 240
2026-01-23 03:36:58,010 [INFO] [Rank 0] Starting Batch 241
2026-01-23 03:36:58,040 [INFO] [Rank 1] Starting Batch 241
2026-01-23 03:36:58,058 [INFO] [Rank 0] Batch 241: Training Step Start
2026-01-23 03:36:58,123 [INFO] [Rank 1] Batch 241: Training Step Start
2026-01-23 03:36:58,143 [INFO] [Rank 0] Batch 241: Forward Start
2026-01-23 03:36:58,157 [INFO] [Rank 1] Batch 241: Forward Start
2026-01-23 03:36:58,279 [INFO] [Rank 0] Batch 241: Forward End (0.104s)
2026-01-23 03:36:58,699 [INFO] [Rank 0] Batch 241: Returning Loss
2026-01-23 03:36:58,753 [INFO] [Rank 1] Batch 241: Forward End (0.103s)
2026-01-23 03:36:58,766 [INFO] [Rank 0] Backward Pass - Start (DDP Sync happens here)
2026-01-23 03:36:58,795 [INFO] [Rank 1] Batch 241: Returning Loss
2026-01-23 03:36:58,885 [INFO] [Rank 1] Backward Pass - Start (DDP Sync happens here)
2026-01-23 03:36:59,265 [INFO] [Rank 0] Backward Pass - End
2026-01-23 03:36:59,369 [INFO] [Rank 1] Backward Pass - End
2026-01-23 03:36:59,374 [INFO] [Rank 0] Finished Batch 241
2026-01-23 03:36:59,477 [INFO] [Rank 1] Finished Batch 241
2026-01-23 03:36:59,509 [INFO] [Rank 0] Starting Batch 242
2026-01-23 03:36:59,950 [INFO] [Rank 1] Starting Batch 242
2026-01-23 03:36:59,974 [INFO] [Rank 0] Batch 242: Training Step Start
2026-01-23 03:37:00,026 [INFO] [Rank 1] Batch 242: Training Step Start
2026-01-23 03:37:00,139 [INFO] [Rank 0] Batch 242: Forward Start
2026-01-23 03:37:00,157 [INFO] [Rank 1] Batch 242: Forward Start
2026-01-23 03:37:00,331 [INFO] [Rank 0] Batch 242: Forward End (0.102s)
2026-01-23 03:37:00,341 [INFO] [Rank 0] Batch 242: Returning Loss
2026-01-23 03:37:00,358 [INFO] [Rank 0] Backward Pass - Start (DDP Sync happens here)
2026-01-23 03:37:00,374 [INFO] [Rank 1] Batch 242: Forward End (0.102s)
2026-01-23 03:37:00,469 [INFO] [Rank 1] Batch 242: Returning Loss
2026-01-23 03:37:00,536 [INFO] [Rank 1] Backward Pass - Start (DDP Sync happens here)
2026-01-23 03:37:00,909 [INFO] [Rank 0] Backward Pass - End
2026-01-23 03:37:00,967 [INFO] [Rank 1] Backward Pass - End
2026-01-23 03:37:01,530 [INFO] [Rank 0] Finished Batch 242
2026-01-23 03:37:01,530 [INFO] [Rank 1] Finished Batch 242
2026-01-23 03:37:01,590 [INFO] [Rank 0] Starting Batch 243
2026-01-23 03:37:01,605 [INFO] [Rank 1] Starting Batch 243
2026-01-23 03:37:01,629 [INFO] [Rank 0] Batch 243: Training Step Start
2026-01-23 03:37:01,690 [INFO] [Rank 1] Batch 243: Training Step Start
2026-01-23 03:37:01,739 [INFO] [Rank 0] Batch 243: Forward Start
2026-01-23 03:37:01,795 [INFO] [Rank 1] Batch 243: Forward Start
2026-01-23 03:37:01,922 [INFO] [Rank 0] Batch 243: Forward End (0.102s)
2026-01-23 03:37:01,988 [INFO] [Rank 1] Batch 243: Forward End (0.102s)
2026-01-23 03:37:02,090 [DEBUG] [Profile] batch_gap: 259.1ms, forward: 102.5ms, GPU_mem: 32.8GB (avg over 4 steps)
2026-01-23 03:37:02,140 [INFO] [Rank 0] Batch 243: Returning Loss
2026-01-23 03:37:02,156 [DEBUG] [Profile] batch_gap: 271.8ms, forward: 102.5ms, GPU_mem: 32.8GB (avg over 4 steps)
2026-01-23 03:37:02,158 [INFO] [Rank 0] Backward Pass - Start (DDP Sync happens here)
2026-01-23 03:37:02,246 [INFO] [Rank 1] Batch 243: Returning Loss
2026-01-23 03:37:02,291 [INFO] [Rank 1] Backward Pass - Start (DDP Sync happens here)
2026-01-23 03:37:02,674 [INFO] [Rank 0] Backward Pass - End
2026-01-23 03:37:02,722 [INFO] [Rank 1] Backward Pass - End
2026-01-23 03:37:02,977 [INFO] [Rank 0] Finished Batch 243
2026-01-23 03:37:02,978 [INFO] [Rank 1] Finished Batch 243
2026-01-23 03:37:03,024 [INFO] [Rank 0] Starting Batch 244
2026-01-23 03:37:03,091 [INFO] [Rank 1] Starting Batch 244
2026-01-23 03:37:03,132 [INFO] [Rank 0] Batch 244: Training Step Start
2026-01-23 03:37:03,154 [INFO] [Rank 1] Batch 244: Training Step Start
2026-01-23 03:37:03,281 [INFO] [Rank 0] Batch 244: Forward Start
2026-01-23 03:37:03,346 [INFO] [Rank 1] Batch 244: Forward Start
2026-01-23 03:37:03,476 [INFO] [Rank 0] Batch 244: Forward End (0.102s)
2026-01-23 03:37:03,490 [INFO] [Rank 1] Batch 244: Forward End (0.102s)
2026-01-23 03:37:03,546 [INFO] [Rank 0] Batch 244: Returning Loss
2026-01-23 03:37:03,570 [INFO] [Rank 1] Batch 244: Returning Loss
2026-01-23 03:37:03,583 [INFO] [Rank 0] Backward Pass - Start (DDP Sync happens here)
2026-01-23 03:37:03,636 [INFO] [Rank 1] Backward Pass - Start (DDP Sync happens here)
2026-01-23 03:37:04,107 [INFO] [Rank 0] Backward Pass - End
2026-01-23 03:37:04,122 [INFO] [Rank 1] Backward Pass - End
2026-01-23 03:37:04,272 [INFO] [Rank 0] Finished Batch 244
2026-01-23 03:37:04,272 [INFO] [Rank 1] Finished Batch 244
2026-01-23 03:37:04,290 [INFO] [Rank 0] Starting Batch 245
2026-01-23 03:37:04,310 [INFO] [Rank 1] Starting Batch 245
2026-01-23 03:37:04,324 [INFO] [Rank 0] Batch 245: Training Step Start
2026-01-23 03:37:04,340 [INFO] [Rank 1] Batch 245: Training Step Start
2026-01-23 03:37:04,353 [INFO] [Rank 0] Batch 245: Forward Start
2026-01-23 03:37:04,372 [INFO] [Rank 1] Batch 245: Forward Start
2026-01-23 03:37:04,490 [INFO] [Rank 0] Batch 245: Forward End (0.102s)
2026-01-23 03:37:04,503 [INFO] [Rank 1] Batch 245: Forward End (0.102s)
2026-01-23 03:37:04,557 [INFO] [Rank 0] Batch 245: Returning Loss
2026-01-23 03:37:04,569 [INFO] [Worker 0] Yielded sample 4800 from /storage/slurm/hunecke/fakesync/data/voxceleb2/preprocessed/shards_train/shard_0052.pt
2026-01-23 03:37:04,573 [INFO] [Worker 0] Yielded sample 4800 from /storage/slurm/hunecke/fakesync/data/voxceleb2/preprocessed/shards_train/shard_0149.pt
2026-01-23 03:37:04,574 [INFO] [Rank 1] Batch 245: Returning Loss
2026-01-23 03:37:04,595 [INFO] [Rank 0] Backward Pass - Start (DDP Sync happens here)
2026-01-23 03:37:04,781 [INFO] [Rank 1] Backward Pass - Start (DDP Sync happens here)
2026-01-23 03:37:05,225 [INFO] [Rank 0] Backward Pass - End
2026-01-23 03:37:05,286 [INFO] [Rank 1] Backward Pass - End
2026-01-23 03:37:05,642 [INFO] [Rank 0] Finished Batch 245
2026-01-23 03:37:05,642 [INFO] [Rank 1] Finished Batch 245
2026-01-23 03:37:05,691 [INFO] [Rank 0] Starting Batch 246
2026-01-23 03:37:05,740 [INFO] [Rank 1] Starting Batch 246
2026-01-23 03:37:05,757 [INFO] [Rank 0] Batch 246: Training Step Start
2026-01-23 03:37:05,803 [INFO] [Rank 1] Batch 246: Training Step Start
2026-01-23 03:37:05,905 [INFO] [Rank 0] Batch 246: Forward Start
2026-01-23 03:37:05,940 [INFO] [Rank 1] Batch 246: Forward Start
2026-01-23 03:37:06,140 [INFO] [Rank 0] Batch 246: Forward End (0.102s)
2026-01-23 03:37:06,174 [INFO] [Rank 1] Batch 246: Forward End (0.102s)
2026-01-23 03:37:06,181 [INFO] [Rank 0] Batch 246: Returning Loss
2026-01-23 03:37:06,234 [INFO] [Rank 1] Batch 246: Returning Loss
2026-01-23 03:37:06,305 [INFO] [Rank 0] Backward Pass - Start (DDP Sync happens here)
2026-01-23 03:37:06,342 [INFO] [Rank 1] Backward Pass - Start (DDP Sync happens here)
2026-01-23 03:37:06,772 [INFO] [Rank 0] Backward Pass - End
2026-01-23 03:37:06,868 [INFO] [Rank 1] Backward Pass - End
2026-01-23 03:37:07,075 [INFO] [Rank 0] Finished Batch 246
2026-01-23 03:37:07,075 [INFO] [Rank 1] Finished Batch 246
2026-01-23 03:37:07,093 [INFO] [Rank 0] Starting Batch 247
2026-01-23 03:37:07,121 [INFO] [Rank 1] Starting Batch 247
2026-01-23 03:37:07,216 [INFO] [Rank 0] Batch 247: Training Step Start
2026-01-23 03:37:07,246 [INFO] [Rank 1] Batch 247: Training Step Start
2026-01-23 03:37:07,328 [INFO] [Rank 0] Batch 247: Forward Start
2026-01-23 03:37:07,345 [INFO] [Rank 1] Batch 247: Forward Start
2026-01-23 03:37:07,477 [INFO] [Rank 0] Batch 247: Forward End (0.102s)
2026-01-23 03:37:07,545 [INFO] [Rank 1] Batch 247: Forward End (0.103s)
2026-01-23 03:37:07,644 [DEBUG] [Profile] batch_gap: 115.3ms, forward: 102.1ms, GPU_mem: 32.8GB (avg over 4 steps)
2026-01-23 03:37:07,703 [INFO] [Rank 0] Batch 247: Returning Loss
2026-01-23 03:37:07,713 [DEBUG] [Profile] batch_gap: 143.4ms, forward: 102.3ms, GPU_mem: 32.8GB (avg over 4 steps)
2026-01-23 03:37:07,760 [INFO] [Rank 0] Backward Pass - Start (DDP Sync happens here)
2026-01-23 03:37:07,800 [INFO] [Rank 1] Batch 247: Returning Loss
2026-01-23 03:37:08,264 [INFO] [Rank 1] Backward Pass - Start (DDP Sync happens here)
2026-01-23 03:37:08,872 [INFO] [Rank 0] Backward Pass - End
2026-01-23 03:37:08,872 [INFO] [Rank 1] Backward Pass - End
2026-01-23 03:37:08,908 [INFO] [Rank 0] Optimizer Step - Start
2026-01-23 03:37:08,925 [INFO] [Rank 1] Optimizer Step - Start
2026-01-23 03:37:09,129 [INFO] [Rank 0] Finished Batch 247
2026-01-23 03:37:09,129 [INFO] [Rank 1] Finished Batch 247
2026-01-23 03:37:09,162 [INFO] [Rank 0] Starting Batch 248
2026-01-23 03:37:09,686 [INFO] [Rank 1] Starting Batch 248
2026-01-23 03:37:09,748 [INFO] [Rank 0] Batch 248: Training Step Start
2026-01-23 03:37:09,788 [INFO] [Rank 1] Batch 248: Training Step Start
2026-01-23 03:37:09,801 [INFO] [Rank 0] Batch 248: Forward Start
2026-01-23 03:37:09,855 [INFO] [Rank 1] Batch 248: Forward Start
2026-01-23 03:37:09,992 [INFO] [Rank 0] Batch 248: Forward End (0.102s)
2026-01-23 03:37:10,055 [INFO] [Rank 1] Batch 248: Forward End (0.102s)
2026-01-23 03:37:10,057 [INFO] [Rank 0] Batch 248: Returning Loss
2026-01-23 03:37:10,091 [INFO] [Rank 1] Batch 248: Returning Loss
2026-01-23 03:37:10,145 [INFO] [Rank 0] Optimizer Step (Zero Grad) - Start
2026-01-23 03:37:10,192 [INFO] [Rank 1] Optimizer Step (Zero Grad) - Start
2026-01-23 03:37:10,206 [INFO] [Rank 0] Backward Pass - Start (DDP Sync happens here)
2026-01-23 03:37:10,317 [INFO] [Rank 1] Backward Pass - Start (DDP Sync happens here)
2026-01-23 03:37:10,745 [INFO] [Rank 0] Backward Pass - End
2026-01-23 03:37:10,789 [INFO] [Rank 1] Backward Pass - End
2026-01-23 03:37:11,196 [INFO] [Rank 0] Finished Batch 248
2026-01-23 03:37:11,196 [INFO] [Rank 1] Finished Batch 248
2026-01-23 03:37:11,230 [INFO] [Rank 0] Starting Batch 249
2026-01-23 03:37:11,244 [INFO] [Rank 1] Starting Batch 249
2026-01-23 03:37:11,247 [INFO] [Rank 0] Batch 249: Training Step Start
2026-01-23 03:37:11,263 [INFO] [Rank 1] Batch 249: Training Step Start
2026-01-23 03:37:11,276 [INFO] [Rank 0] Batch 249: Forward Start
2026-01-23 03:37:11,291 [INFO] [Rank 1] Batch 249: Forward Start
2026-01-23 03:37:11,409 [INFO] [Rank 0] Batch 249: Forward End (0.104s)
2026-01-23 03:37:11,426 [INFO] [Rank 1] Batch 249: Forward End (0.105s)
2026-01-23 03:37:11,457 [INFO] [Rank 0] Batch 249: Returning Loss
2026-01-23 03:37:11,491 [INFO] [Rank 1] Batch 249: Returning Loss
2026-01-23 03:37:11,607 [INFO] [Rank 0] Backward Pass - Start (DDP Sync happens here)
2026-01-23 03:37:11,630 [INFO] [Rank 1] Backward Pass - Start (DDP Sync happens here)
2026-01-23 03:37:12,101 [INFO] [Rank 0] Backward Pass - End
2026-01-23 03:37:12,154 [INFO] [Rank 1] Backward Pass - End
2026-01-23 03:37:12,538 [INFO] [Rank 0] Finished Batch 249
2026-01-23 03:37:12,538 [INFO] [Rank 1] Finished Batch 249
2026-01-23 03:37:12,575 [INFO] [Rank 0] Starting Batch 250
2026-01-23 03:37:12,636 [INFO] [Rank 0] Batch 250: Training Step Start
2026-01-23 03:37:12,638 [INFO] [Rank 1] Starting Batch 250
2026-01-23 03:37:12,656 [INFO] [Rank 0] Batch 250: Forward Start
2026-01-23 03:37:12,713 [INFO] [Rank 1] Batch 250: Training Step Start
2026-01-23 03:37:12,819 [INFO] [Rank 1] Batch 250: Forward Start
2026-01-23 03:37:12,852 [INFO] [Rank 0] Batch 250: Forward End (0.102s)
2026-01-23 03:37:12,912 [INFO] [Rank 0] Batch 250: Returning Loss
2026-01-23 03:37:12,931 [INFO] [Worker 0] Yielded sample 4900 from /storage/slurm/hunecke/fakesync/data/voxceleb2/preprocessed/shards_train/shard_0052.pt
2026-01-23 03:37:12,960 [INFO] [Rank 1] Batch 250: Forward End (0.102s)
2026-01-23 03:37:12,963 [INFO] [Rank 0] Backward Pass - Start (DDP Sync happens here)
2026-01-23 03:37:12,971 [INFO] [Worker 0] Yielded sample 4900 from /storage/slurm/hunecke/fakesync/data/voxceleb2/preprocessed/shards_train/shard_0149.pt
2026-01-23 03:37:13,045 [INFO] [Rank 1] Batch 250: Returning Loss
2026-01-23 03:37:13,160 [INFO] [Rank 1] Backward Pass - Start (DDP Sync happens here)
2026-01-23 03:37:13,464 [INFO] [Rank 0] Backward Pass - End
2026-01-23 03:37:13,613 [INFO] [Rank 1] Backward Pass - End
2026-01-23 03:37:14,018 [INFO] [Rank 0] Finished Batch 250
2026-01-23 03:37:14,018 [INFO] [Rank 1] Finished Batch 250
2026-01-23 03:37:14,080 [INFO] [Rank 0] Starting Batch 251
2026-01-23 03:37:14,115 [INFO] [Rank 1] Starting Batch 251
2026-01-23 03:37:14,153 [INFO] [Rank 0] Batch 251: Training Step Start
2026-01-23 03:37:14,192 [INFO] [Rank 1] Batch 251: Training Step Start
2026-01-23 03:37:14,240 [INFO] [Rank 0] Batch 251: Forward Start
2026-01-23 03:37:14,282 [INFO] [Rank 1] Batch 251: Forward Start
2026-01-23 03:37:14,432 [INFO] [Rank 0] Batch 251: Forward End (0.102s)
2026-01-23 03:37:14,463 [INFO] [Rank 1] Batch 251: Forward End (0.102s)
2026-01-23 03:37:14,600 [DEBUG] [Profile] batch_gap: 225.4ms, forward: 102.6ms, GPU_mem: 32.8GB (avg over 4 steps)
2026-01-23 03:37:14,631 [DEBUG] [Profile] batch_gap: 268.0ms, forward: 103.0ms, GPU_mem: 32.8GB (avg over 4 steps)
2026-01-23 03:37:14,662 [INFO] [Rank 0] Batch 251: Returning Loss
2026-01-23 03:37:14,698 [INFO] [Rank 1] Batch 251: Returning Loss
2026-01-23 03:37:14,747 [INFO] [Rank 0] Backward Pass - Start (DDP Sync happens here)
2026-01-23 03:37:14,783 [INFO] [Rank 1] Backward Pass - Start (DDP Sync happens here)
2026-01-23 03:37:15,734 [INFO] [Rank 0] Backward Pass - End
2026-01-23 03:37:15,778 [INFO] [Rank 1] Backward Pass - End
2026-01-23 03:37:15,871 [INFO] [Rank 0] Finished Batch 251
2026-01-23 03:37:15,885 [INFO] [Rank 1] Finished Batch 251
2026-01-23 03:37:15,963 [INFO] [Rank 0] Starting Batch 252
2026-01-23 03:37:16,026 [INFO] [Rank 1] Starting Batch 252
2026-01-23 03:37:16,046 [INFO] [Rank 0] Batch 252: Training Step Start
2026-01-23 03:37:16,112 [INFO] [Rank 1] Batch 252: Training Step Start
2026-01-23 03:37:16,140 [INFO] [Rank 0] Batch 252: Forward Start
2026-01-23 03:37:16,262 [INFO] [Rank 1] Batch 252: Forward Start
2026-01-23 03:37:16,796 [INFO] [Rank 0] Batch 252: Forward End (0.103s)
2026-01-23 03:37:16,821 [INFO] [Rank 0] Batch 252: Returning Loss
2026-01-23 03:37:16,843 [INFO] [Rank 0] Backward Pass - Start (DDP Sync happens here)
2026-01-23 03:37:16,863 [INFO] [Rank 1] Batch 252: Forward End (0.102s)
2026-01-23 03:37:16,885 [INFO] [Rank 1] Batch 252: Returning Loss
2026-01-23 03:37:16,902 [INFO] [Rank 1] Backward Pass - Start (DDP Sync happens here)
2026-01-23 03:37:17,374 [INFO] [Rank 0] Backward Pass - End
2026-01-23 03:37:17,440 [INFO] [Rank 1] Backward Pass - End
2026-01-23 03:37:17,510 [INFO] [Rank 0] Finished Batch 252
2026-01-23 03:37:17,537 [INFO] [Rank 0] Starting Batch 253
2026-01-23 03:37:17,547 [INFO] [Rank 1] Finished Batch 252
2026-01-23 03:37:17,582 [INFO] [Rank 0] Batch 253: Training Step Start
2026-01-23 03:37:17,612 [INFO] [Rank 0] Batch 253: Forward Start
2026-01-23 03:37:17,617 [INFO] [Rank 1] Starting Batch 253
2026-01-23 03:37:17,998 [INFO] [Rank 1] Batch 253: Training Step Start
2026-01-23 03:37:18,068 [INFO] [Rank 0] Batch 253: Forward End (0.102s)
2026-01-23 03:37:18,081 [INFO] [Rank 1] Batch 253: Forward Start
2026-01-23 03:37:18,145 [INFO] [Rank 0] Batch 253: Returning Loss
2026-01-23 03:37:18,174 [INFO] [Rank 0] Backward Pass - Start (DDP Sync happens here)
2026-01-23 03:37:18,261 [INFO] [Rank 1] Batch 253: Forward End (0.102s)
2026-01-23 03:37:18,313 [INFO] [Rank 1] Batch 253: Returning Loss
2026-01-23 03:37:18,328 [INFO] [Rank 1] Backward Pass - Start (DDP Sync happens here)
2026-01-23 03:37:18,647 [INFO] [Rank 0] Backward Pass - End
2026-01-23 03:37:18,779 [INFO] [Rank 0] Finished Batch 253
2026-01-23 03:37:18,813 [INFO] [Rank 0] Starting Batch 254
2026-01-23 03:37:18,839 [INFO] [Rank 1] Backward Pass - End
2026-01-23 03:37:18,907 [INFO] [Rank 0] Batch 254: Training Step Start
2026-01-23 03:37:18,945 [INFO] [Rank 1] Finished Batch 253
2026-01-23 03:37:19,441 [INFO] [Rank 0] Batch 254: Forward Start
2026-01-23 03:37:19,532 [INFO] [Rank 1] Starting Batch 254
2026-01-23 03:37:19,590 [INFO] [Rank 1] Batch 254: Training Step Start
2026-01-23 03:37:19,633 [INFO] [Rank 0] Batch 254: Forward End (0.102s)
2026-01-23 03:37:19,657 [INFO] [Rank 1] Batch 254: Forward Start
2026-01-23 03:37:19,725 [INFO] [Rank 0] Batch 254: Returning Loss
2026-01-23 03:37:19,786 [INFO] [Rank 0] Backward Pass - Start (DDP Sync happens here)
2026-01-23 03:37:19,842 [INFO] [Rank 1] Batch 254: Forward End (0.104s)
2026-01-23 03:37:19,944 [INFO] [Rank 1] Batch 254: Returning Loss
2026-01-23 03:37:19,999 [INFO] [Rank 1] Backward Pass - Start (DDP Sync happens here)
2026-01-23 03:37:20,217 [INFO] [Rank 0] Backward Pass - End
2026-01-23 03:37:20,362 [INFO] [Rank 0] Finished Batch 254
2026-01-23 03:37:20,498 [INFO] [Rank 1] Backward Pass - End
2026-01-23 03:37:20,815 [INFO] [Rank 0] Starting Batch 255
2026-01-23 03:37:20,868 [INFO] [Rank 1] Finished Batch 254
2026-01-23 03:37:20,935 [INFO] [Rank 0] Batch 255: Training Step Start
2026-01-23 03:37:20,967 [INFO] [Rank 0] Batch 255: Forward Start
2026-01-23 03:37:20,970 [INFO] [Rank 1] Starting Batch 255
2026-01-23 03:37:21,092 [INFO] [Rank 1] Batch 255: Training Step Start
2026-01-23 03:37:21,119 [INFO] [Rank 1] Batch 255: Forward Start
2026-01-23 03:37:21,172 [INFO] [Rank 0] Batch 255: Forward End (0.104s)
2026-01-23 03:37:21,242 [INFO] [Worker 0] Yielded sample 5000 from /storage/slurm/hunecke/fakesync/data/voxceleb2/preprocessed/shards_train/shard_0052.pt
2026-01-23 03:37:21,279 [INFO] [Rank 1] Batch 255: Forward End (0.104s)
2026-01-23 03:37:21,338 [DEBUG] [Profile] batch_gap: 236.3ms, forward: 102.8ms, GPU_mem: 32.8GB (avg over 4 steps)
2026-01-23 03:37:21,363 [INFO] [Worker 0] Yielded sample 5000 from /storage/slurm/hunecke/fakesync/data/voxceleb2/preprocessed/shards_train/shard_0149.pt
2026-01-23 03:37:21,422 [INFO] [Rank 0] Batch 255: Returning Loss
2026-01-23 03:37:21,445 [DEBUG] [Profile] batch_gap: 386.0ms, forward: 103.2ms, GPU_mem: 32.8GB (avg over 4 steps)
2026-01-23 03:37:21,505 [INFO] [Rank 0] Backward Pass - Start (DDP Sync happens here)
2026-01-23 03:37:21,564 [INFO] [Rank 1] Batch 255: Returning Loss
2026-01-23 03:37:21,610 [INFO] [Rank 1] Backward Pass - Start (DDP Sync happens here)
2026-01-23 03:37:22,239 [INFO] [Rank 1] Backward Pass - End
2026-01-23 03:37:22,240 [INFO] [Rank 0] Backward Pass - End
2026-01-23 03:37:22,271 [INFO] [Rank 1] Optimizer Step - Start
2026-01-23 03:37:22,331 [INFO] [Rank 0] Optimizer Step - Start
2026-01-23 03:37:22,601 [INFO] [Rank 0] Finished Batch 255
2026-01-23 03:37:22,602 [INFO] [Rank 1] Finished Batch 255
2026-01-23 03:37:22,618 [INFO] [Rank 0] Starting Batch 256
2026-01-23 03:37:22,644 [INFO] [Rank 1] Starting Batch 256
2026-01-23 03:37:22,718 [INFO] [Rank 0] Batch 256: Training Step Start
2026-01-23 03:37:22,740 [INFO] [Rank 1] Batch 256: Training Step Start
2026-01-23 03:37:22,818 [INFO] [Rank 0] Batch 256: Forward Start
2026-01-23 03:37:22,848 [INFO] [Rank 1] Batch 256: Forward Start
2026-01-23 03:37:23,035 [INFO] [Rank 0] Batch 256: Forward End (0.102s)
2026-01-23 03:37:23,059 [INFO] [Rank 1] Batch 256: Forward End (0.102s)
2026-01-23 03:37:23,139 [INFO] [Rank 0] Batch 256: Returning Loss
2026-01-23 03:37:23,155 [INFO] [Rank 1] Batch 256: Returning Loss
2026-01-23 03:37:23,608 [INFO] [Rank 0] Optimizer Step (Zero Grad) - Start
2026-01-23 03:37:23,675 [INFO] [Rank 1] Optimizer Step (Zero Grad) - Start
2026-01-23 03:37:23,704 [INFO] [Rank 0] Backward Pass - Start (DDP Sync happens here)
2026-01-23 03:37:23,722 [INFO] [Rank 1] Backward Pass - Start (DDP Sync happens here)
2026-01-23 03:37:24,171 [INFO] [Rank 0] Backward Pass - End
2026-01-23 03:37:24,271 [INFO] [Rank 1] Backward Pass - End
2026-01-23 03:37:24,359 [INFO] [Rank 0] Finished Batch 256
2026-01-23 03:37:24,376 [INFO] [Rank 1] Finished Batch 256
2026-01-23 03:37:24,419 [INFO] [Rank 0] Starting Batch 257
2026-01-23 03:37:24,450 [INFO] [Rank 1] Starting Batch 257
2026-01-23 03:37:24,530 [INFO] [Rank 0] Batch 257: Training Step Start
2026-01-23 03:37:24,548 [INFO] [Rank 1] Batch 257: Training Step Start
2026-01-23 03:37:24,932 [INFO] [Rank 0] Batch 257: Forward Start
2026-01-23 03:37:25,027 [INFO] [Rank 1] Batch 257: Forward Start
2026-01-23 03:37:25,144 [INFO] [Rank 0] Batch 257: Forward End (0.102s)
2026-01-23 03:37:25,160 [INFO] [Rank 1] Batch 257: Forward End (0.102s)
2026-01-23 03:37:25,166 [INFO] [Rank 0] Batch 257: Returning Loss
2026-01-23 03:37:25,186 [INFO] [Rank 1] Batch 257: Returning Loss
2026-01-23 03:37:25,203 [INFO] [Rank 0] Backward Pass - Start (DDP Sync happens here)
2026-01-23 03:37:25,249 [INFO] [Rank 1] Backward Pass - Start (DDP Sync happens here)
2026-01-23 03:37:25,776 [INFO] [Rank 0] Backward Pass - End
2026-01-23 03:37:25,810 [INFO] [Rank 1] Backward Pass - End
2026-01-23 03:37:26,384 [INFO] [Rank 0] Finished Batch 257
2026-01-23 03:37:26,385 [INFO] [Rank 1] Finished Batch 257
2026-01-23 03:37:26,611 [INFO] [Rank 0] Starting Batch 258
2026-01-23 03:37:26,711 [INFO] [Rank 1] Starting Batch 258
2026-01-23 03:37:26,727 [INFO] [Rank 0] Batch 258: Training Step Start
2026-01-23 03:37:26,742 [INFO] [Rank 1] Batch 258: Training Step Start
2026-01-23 03:37:26,796 [INFO] [Rank 0] Batch 258: Forward Start
2026-01-23 03:37:26,867 [INFO] [Rank 1] Batch 258: Forward Start
2026-01-23 03:37:26,984 [INFO] [Rank 0] Batch 258: Forward End (0.102s)
2026-01-23 03:37:27,007 [INFO] [Rank 0] Batch 258: Returning Loss
2026-01-23 03:37:27,026 [INFO] [Rank 0] Backward Pass - Start (DDP Sync happens here)
2026-01-23 03:37:27,050 [INFO] [Rank 1] Batch 258: Forward End (0.102s)
2026-01-23 03:37:27,150 [INFO] [Rank 1] Batch 258: Returning Loss
2026-01-23 03:37:27,172 [INFO] [Rank 1] Backward Pass - Start (DDP Sync happens here)
2026-01-23 03:37:27,562 [INFO] [Rank 0] Backward Pass - End
2026-01-23 03:37:27,627 [INFO] [Rank 1] Backward Pass - End
2026-01-23 03:37:27,838 [INFO] [Rank 0] Finished Batch 258
2026-01-23 03:37:27,838 [INFO] [Rank 1] Finished Batch 258
2026-01-23 03:37:27,866 [INFO] [Rank 0] Starting Batch 259
2026-01-23 03:37:27,948 [INFO] [Rank 1] Starting Batch 259
2026-01-23 03:37:27,977 [INFO] [Rank 0] Batch 259: Training Step Start
2026-01-23 03:37:28,017 [INFO] [Rank 1] Batch 259: Training Step Start
2026-01-23 03:37:28,032 [INFO] [Rank 0] Batch 259: Forward Start
2026-01-23 03:37:28,054 [INFO] [Rank 1] Batch 259: Forward Start
2026-01-23 03:37:28,255 [INFO] [Rank 0] Batch 259: Forward End (0.102s)
2026-01-23 03:37:28,304 [INFO] [Rank 1] Batch 259: Forward End (0.102s)
2026-01-23 03:37:28,423 [DEBUG] [Profile] batch_gap: 191.6ms, forward: 102.2ms, GPU_mem: 32.8GB (avg over 4 steps)
2026-01-23 03:37:28,462 [INFO] [Rank 0] Batch 259: Returning Loss
2026-01-23 03:37:28,472 [DEBUG] [Profile] batch_gap: 210.9ms, forward: 102.1ms, GPU_mem: 32.8GB (avg over 4 steps)
2026-01-23 03:37:28,487 [INFO] [Rank 0] Backward Pass - Start (DDP Sync happens here)
2026-01-23 03:37:28,540 [INFO] [Rank 1] Batch 259: Returning Loss
2026-01-23 03:37:28,588 [INFO] [Rank 1] Backward Pass - Start (DDP Sync happens here)
2026-01-23 03:37:28,986 [INFO] [Rank 0] Backward Pass - End
2026-01-23 03:37:29,211 [INFO] [Rank 0] Finished Batch 259
2026-01-23 03:37:29,233 [INFO] [Rank 0] Starting Batch 260
2026-01-23 03:37:29,281 [INFO] [Rank 0] Batch 260: Training Step Start
2026-01-23 03:37:29,299 [INFO] [Rank 0] Batch 260: Forward Start
2026-01-23 03:37:29,463 [INFO] [Rank 0] Batch 260: Forward End (0.102s)
2026-01-23 03:37:29,469 [INFO] [Rank 1] Backward Pass - End
2026-01-23 03:37:29,555 [INFO] [Rank 0] Batch 260: Returning Loss
2026-01-23 03:37:29,587 [INFO] [Rank 1] Finished Batch 259
2026-01-23 03:37:29,632 [INFO] [Rank 0] Backward Pass - Start (DDP Sync happens here)
2026-01-23 03:37:29,651 [INFO] [Rank 1] Starting Batch 260
2026-01-23 03:37:29,736 [INFO] [Worker 0] Yielded sample 5100 from /storage/slurm/hunecke/fakesync/data/voxceleb2/preprocessed/shards_train/shard_0052.pt
2026-01-23 03:37:29,744 [INFO] [Rank 1] Batch 260: Training Step Start
2026-01-23 03:37:29,840 [INFO] [Rank 1] Batch 260: Forward Start
2026-01-23 03:37:29,971 [INFO] [Rank 1] Batch 260: Forward End (0.102s)
2026-01-23 03:37:30,000 [INFO] [Rank 1] Batch 260: Returning Loss
2026-01-23 03:37:30,097 [INFO] [Rank 0] Backward Pass - End
2026-01-23 03:37:30,136 [INFO] [Worker 0] Yielded sample 5100 from /storage/slurm/hunecke/fakesync/data/voxceleb2/preprocessed/shards_train/shard_0149.pt
2026-01-23 03:37:30,654 [INFO] [Rank 1] Backward Pass - Start (DDP Sync happens here)
2026-01-23 03:37:30,756 [INFO] [Rank 0] Finished Batch 260
2026-01-23 03:37:30,817 [INFO] [Rank 0] Starting Batch 261
2026-01-23 03:37:30,855 [INFO] [Rank 0] Batch 261: Training Step Start
2026-01-23 03:37:30,913 [INFO] [Rank 0] Batch 261: Forward Start
2026-01-23 03:37:31,055 [INFO] [Rank 0] Batch 261: Forward End (0.102s)
2026-01-23 03:37:31,083 [INFO] [Rank 0] Batch 261: Returning Loss
2026-01-23 03:37:31,151 [INFO] [Rank 0] Backward Pass - Start (DDP Sync happens here)
2026-01-23 03:37:31,168 [INFO] [Rank 1] Backward Pass - End
2026-01-23 03:37:31,276 [INFO] [Rank 1] Finished Batch 260
2026-01-23 03:37:31,320 [INFO] [Rank 1] Starting Batch 261
2026-01-23 03:37:31,353 [INFO] [Rank 1] Batch 261: Training Step Start
2026-01-23 03:37:31,376 [INFO] [Rank 1] Batch 261: Forward Start
2026-01-23 03:37:31,588 [INFO] [Rank 1] Batch 261: Forward End (0.102s)
2026-01-23 03:37:31,632 [INFO] [Rank 0] Backward Pass - End
2026-01-23 03:37:31,938 [INFO] [Rank 1] Batch 261: Returning Loss
2026-01-23 03:37:31,970 [INFO] [Rank 1] Backward Pass - Start (DDP Sync happens here)
2026-01-23 03:37:31,989 [INFO] [Rank 0] Finished Batch 261
2026-01-23 03:37:32,009 [INFO] [Rank 0] Starting Batch 262
2026-01-23 03:37:32,031 [INFO] [Rank 0] Batch 262: Training Step Start
2026-01-23 03:37:32,046 [INFO] [Rank 0] Batch 262: Forward Start
2026-01-23 03:37:32,169 [INFO] [Rank 0] Batch 262: Forward End (0.102s)
2026-01-23 03:37:32,343 [INFO] [Rank 0] Batch 262: Returning Loss
2026-01-23 03:37:32,359 [INFO] [Rank 0] Backward Pass - Start (DDP Sync happens here)
2026-01-23 03:37:32,401 [INFO] [Rank 1] Backward Pass - End
2026-01-23 03:37:32,537 [INFO] [Rank 1] Finished Batch 261
2026-01-23 03:37:32,563 [INFO] [Rank 1] Starting Batch 262
2026-01-23 03:37:32,579 [INFO] [Rank 1] Batch 262: Training Step Start
2026-01-23 03:37:32,683 [INFO] [Rank 1] Batch 262: Forward Start
2026-01-23 03:37:32,791 [INFO] [Rank 0] Backward Pass - End
2026-01-23 03:37:32,805 [INFO] [Rank 1] Batch 262: Forward End (0.102s)
2026-01-23 03:37:33,416 [INFO] [Rank 1] Batch 262: Returning Loss
2026-01-23 03:37:33,457 [INFO] [Rank 0] Finished Batch 262
2026-01-23 03:37:33,464 [INFO] [Rank 1] Backward Pass - Start (DDP Sync happens here)
2026-01-23 03:37:33,487 [INFO] [Rank 0] Starting Batch 263
2026-01-23 03:37:33,613 [INFO] [Rank 0] Batch 263: Training Step Start
2026-01-23 03:37:33,672 [INFO] [Rank 0] Batch 263: Forward Start
2026-01-23 03:37:33,813 [INFO] [Rank 0] Batch 263: Forward End (0.102s)
2026-01-23 03:37:33,980 [DEBUG] [Profile] batch_gap: 91.2ms, forward: 102.1ms, GPU_mem: 32.8GB (avg over 4 steps)
2026-01-23 03:37:33,986 [INFO] [Rank 1] Backward Pass - End
2026-01-23 03:37:34,043 [INFO] [Rank 0] Batch 263: Returning Loss
2026-01-23 03:37:34,093 [INFO] [Rank 1] Finished Batch 262
2026-01-23 03:37:34,143 [INFO] [Rank 0] Backward Pass - Start (DDP Sync happens here)
2026-01-23 03:37:34,181 [INFO] [Rank 1] Starting Batch 263
2026-01-23 03:37:34,206 [INFO] [Rank 1] Batch 263: Training Step Start
2026-01-23 03:37:34,657 [INFO] [Rank 1] Batch 263: Forward Start
2026-01-23 03:37:34,810 [INFO] [Rank 1] Batch 263: Forward End (0.102s)
2026-01-23 03:37:34,977 [DEBUG] [Profile] batch_gap: 96.7ms, forward: 102.2ms, GPU_mem: 32.8GB (avg over 4 steps)
2026-01-23 03:37:35,028 [INFO] [Rank 1] Batch 263: Returning Loss
2026-01-23 03:37:35,043 [INFO] [Rank 1] Backward Pass - Start (DDP Sync happens here)
2026-01-23 03:37:35,713 [INFO] [Rank 1] Backward Pass - End
2026-01-23 03:37:35,714 [INFO] [Rank 0] Backward Pass - End
2026-01-23 03:37:35,977 [INFO] [Rank 1] Optimizer Step - Start
2026-01-23 03:37:36,047 [INFO] [Rank 0] Optimizer Step - Start
2026-01-23 03:37:36,220 [INFO] [Rank 0] Finished Batch 263
2026-01-23 03:37:36,220 [INFO] [Rank 1] Finished Batch 263
2026-01-23 03:37:36,290 [INFO] [Rank 0] Starting Batch 264
2026-01-23 03:37:36,316 [INFO] [Rank 1] Starting Batch 264
2026-01-23 03:37:36,334 [INFO] [Rank 0] Batch 264: Training Step Start
2026-01-23 03:37:36,405 [INFO] [Rank 1] Batch 264: Training Step Start
2026-01-23 03:37:36,425 [INFO] [Rank 0] Batch 264: Forward Start
2026-01-23 03:37:36,444 [INFO] [Rank 1] Batch 264: Forward Start
2026-01-23 03:37:36,566 [INFO] [Rank 0] Batch 264: Forward End (0.102s)
2026-01-23 03:37:36,631 [INFO] [Rank 1] Batch 264: Forward End (0.102s)
2026-01-23 03:37:36,639 [INFO] [Rank 0] Batch 264: Returning Loss
2026-01-23 03:37:36,662 [INFO] [Rank 1] Batch 264: Returning Loss
2026-01-23 03:37:36,675 [INFO] [Rank 0] Optimizer Step (Zero Grad) - Start
2026-01-23 03:37:36,775 [INFO] [Rank 1] Optimizer Step (Zero Grad) - Start
2026-01-23 03:37:36,796 [INFO] [Rank 0] Backward Pass - Start (DDP Sync happens here)
2026-01-23 03:37:36,814 [INFO] [Rank 1] Backward Pass - Start (DDP Sync happens here)
2026-01-23 03:37:37,241 [INFO] [Rank 0] Backward Pass - End
2026-01-23 03:37:37,303 [INFO] [Rank 1] Backward Pass - End
2026-01-23 03:37:37,466 [INFO] [Rank 0] Finished Batch 264
2026-01-23 03:37:37,466 [INFO] [Rank 1] Finished Batch 264
2026-01-23 03:37:37,511 [INFO] [Rank 0] Starting Batch 265
2026-01-23 03:37:37,531 [INFO] [Rank 1] Starting Batch 265
2026-01-23 03:37:37,548 [INFO] [Rank 0] Batch 265: Training Step Start
2026-01-23 03:37:37,601 [INFO] [Rank 1] Batch 265: Training Step Start
2026-01-23 03:37:37,612 [INFO] [Rank 0] Batch 265: Forward Start
2026-01-23 03:37:37,666 [INFO] [Rank 1] Batch 265: Forward Start
2026-01-23 03:37:37,784 [INFO] [Rank 0] Batch 265: Forward End (0.102s)
2026-01-23 03:37:37,835 [INFO] [Rank 1] Batch 265: Forward End (0.102s)
2026-01-23 03:37:37,839 [INFO] [Rank 0] Batch 265: Returning Loss
2026-01-23 03:37:37,896 [INFO] [Rank 1] Batch 265: Returning Loss
2026-01-23 03:37:37,930 [INFO] [Rank 0] Backward Pass - Start (DDP Sync happens here)
2026-01-23 03:37:37,984 [INFO] [Rank 1] Backward Pass - Start (DDP Sync happens here)
2026-01-23 03:37:38,093 [INFO] [Worker 0] Yielded sample 5200 from /storage/slurm/hunecke/fakesync/data/voxceleb2/preprocessed/shards_train/shard_0149.pt
2026-01-23 03:37:38,137 [INFO] [Worker 0] Yielded sample 5200 from /storage/slurm/hunecke/fakesync/data/voxceleb2/preprocessed/shards_train/shard_0052.pt
2026-01-23 03:37:38,425 [INFO] [Rank 0] Backward Pass - End
2026-01-23 03:37:38,474 [INFO] [Rank 1] Backward Pass - End
2026-01-23 03:37:38,839 [INFO] [Rank 0] Finished Batch 265
2026-01-23 03:37:38,839 [INFO] [Rank 1] Finished Batch 265
2026-01-23 03:37:38,864 [INFO] [Rank 0] Starting Batch 266
2026-01-23 03:37:38,882 [INFO] [Rank 1] Starting Batch 266
2026-01-23 03:37:38,894 [INFO] [Rank 0] Batch 266: Training Step Start
2026-01-23 03:37:38,911 [INFO] [Rank 1] Batch 266: Training Step Start
2026-01-23 03:37:38,926 [INFO] [Rank 0] Batch 266: Forward Start
2026-01-23 03:37:38,946 [INFO] [Rank 1] Batch 266: Forward Start
2026-01-23 03:37:39,061 [INFO] [Rank 0] Batch 266: Forward End (0.102s)
2026-01-23 03:37:39,077 [INFO] [Rank 1] Batch 266: Forward End (0.102s)
2026-01-23 03:37:39,088 [INFO] [Rank 0] Batch 266: Returning Loss
2026-01-23 03:37:39,111 [INFO] [Rank 1] Batch 266: Returning Loss
2026-01-23 03:37:39,195 [INFO] [Rank 0] Backward Pass - Start (DDP Sync happens here)
2026-01-23 03:37:39,241 [INFO] [Rank 1] Backward Pass - Start (DDP Sync happens here)
2026-01-23 03:37:39,690 [INFO] [Rank 0] Backward Pass - End
2026-01-23 03:37:39,740 [INFO] [Rank 1] Backward Pass - End
2026-01-23 03:37:40,157 [INFO] [Rank 0] Finished Batch 266
2026-01-23 03:37:40,157 [INFO] [Rank 1] Finished Batch 266
2026-01-23 03:37:40,200 [INFO] [Rank 0] Starting Batch 267
2026-01-23 03:37:40,250 [INFO] [Rank 1] Starting Batch 267
2026-01-23 03:37:40,266 [INFO] [Rank 0] Batch 267: Training Step Start
2026-01-23 03:37:40,285 [INFO] [Rank 1] Batch 267: Training Step Start
2026-01-23 03:37:40,358 [INFO] [Rank 0] Batch 267: Forward Start
2026-01-23 03:37:40,397 [INFO] [Rank 1] Batch 267: Forward Start
2026-01-23 03:37:40,560 [INFO] [Rank 0] Batch 267: Forward End (0.105s)
2026-01-23 03:37:40,582 [INFO] [Rank 1] Batch 267: Forward End (0.107s)
2026-01-23 03:37:40,725 [DEBUG] [Profile] batch_gap: 89.3ms, forward: 102.8ms, GPU_mem: 32.8GB (avg over 4 steps)
2026-01-23 03:37:40,745 [DEBUG] [Profile] batch_gap: 129.2ms, forward: 103.4ms, GPU_mem: 32.8GB (avg over 4 steps)
2026-01-23 03:37:40,748 [INFO] [Rank 0] Batch 267: Returning Loss
2026-01-23 03:37:40,830 [INFO] [Rank 1] Batch 267: Returning Loss
2026-01-23 03:37:40,848 [INFO] [Rank 0] Backward Pass - Start (DDP Sync happens here)
2026-01-23 03:37:40,868 [INFO] [Rank 1] Backward Pass - Start (DDP Sync happens here)
2026-01-23 03:37:41,302 [INFO] [Rank 0] Backward Pass - End
2026-01-23 03:37:41,354 [INFO] [Rank 1] Backward Pass - End
2026-01-23 03:37:41,607 [INFO] [Rank 0] Finished Batch 267
2026-01-23 03:37:41,608 [INFO] [Rank 1] Finished Batch 267
2026-01-23 03:37:41,659 [INFO] [Rank 0] Starting Batch 268
2026-01-23 03:37:41,726 [INFO] [Rank 1] Starting Batch 268
2026-01-23 03:37:41,778 [INFO] [Rank 0] Batch 268: Training Step Start
2026-01-23 03:37:41,831 [INFO] [Rank 1] Batch 268: Training Step Start
2026-01-23 03:37:41,873 [INFO] [Rank 0] Batch 268: Forward Start
2026-01-23 03:37:41,915 [INFO] [Rank 1] Batch 268: Forward Start
2026-01-23 03:37:42,030 [INFO] [Rank 0] Batch 268: Forward End (0.102s)
2026-01-23 03:37:42,067 [INFO] [Rank 1] Batch 268: Forward End (0.102s)
2026-01-23 03:37:42,083 [INFO] [Rank 0] Batch 268: Returning Loss
2026-01-23 03:37:42,173 [INFO] [Rank 1] Batch 268: Returning Loss
2026-01-23 03:37:42,202 [INFO] [Rank 0] Backward Pass - Start (DDP Sync happens here)
2026-01-23 03:37:42,251 [INFO] [Rank 1] Backward Pass - Start (DDP Sync happens here)
2026-01-23 03:37:42,680 [INFO] [Rank 0] Backward Pass - End
2026-01-23 03:37:42,747 [INFO] [Rank 1] Backward Pass - End
2026-01-23 03:37:43,001 [INFO] [Rank 0] Finished Batch 268
2026-01-23 03:37:43,001 [INFO] [Rank 1] Finished Batch 268
2026-01-23 03:37:43,077 [INFO] [Rank 0] Starting Batch 269
2026-01-23 03:37:43,151 [INFO] [Rank 1] Starting Batch 269
2026-01-23 03:37:43,212 [INFO] [Rank 0] Batch 269: Training Step Start
2026-01-23 03:37:43,242 [INFO] [Rank 1] Batch 269: Training Step Start
2026-01-23 03:37:43,264 [INFO] [Rank 0] Batch 269: Forward Start
2026-01-23 03:37:43,335 [INFO] [Rank 1] Batch 269: Forward Start
2026-01-23 03:37:43,457 [INFO] [Rank 0] Batch 269: Forward End (0.102s)
2026-01-23 03:37:43,478 [INFO] [Rank 1] Batch 269: Forward End (0.102s)
2026-01-23 03:37:43,533 [INFO] [Rank 0] Batch 269: Returning Loss
2026-01-23 03:37:43,595 [INFO] [Rank 1] Batch 269: Returning Loss
2026-01-23 03:37:43,625 [INFO] [Rank 0] Backward Pass - Start (DDP Sync happens here)
2026-01-23 03:37:43,686 [INFO] [Rank 1] Backward Pass - Start (DDP Sync happens here)
2026-01-23 03:37:44,125 [INFO] [Rank 0] Backward Pass - End
2026-01-23 03:37:44,143 [INFO] [Rank 1] Backward Pass - End
2026-01-23 03:37:44,423 [INFO] [Rank 0] Finished Batch 269
2026-01-23 03:37:44,423 [INFO] [Rank 1] Finished Batch 269
2026-01-23 03:37:44,521 [INFO] [Rank 0] Starting Batch 270
2026-01-23 03:37:44,574 [INFO] [Rank 1] Starting Batch 270
2026-01-23 03:37:44,630 [INFO] [Rank 0] Batch 270: Training Step Start
2026-01-23 03:37:44,655 [INFO] [Rank 1] Batch 270: Training Step Start
2026-01-23 03:37:44,713 [INFO] [Rank 0] Batch 270: Forward Start
2026-01-23 03:37:44,749 [INFO] [Rank 1] Batch 270: Forward Start
2026-01-23 03:37:44,902 [INFO] [Rank 0] Batch 270: Forward End (0.102s)
2026-01-23 03:37:44,935 [INFO] [Rank 0] Batch 270: Returning Loss
2026-01-23 03:37:44,941 [INFO] [Rank 1] Batch 270: Forward End (0.102s)
2026-01-23 03:37:44,982 [INFO] [Rank 0] Backward Pass - Start (DDP Sync happens here)
2026-01-23 03:37:45,022 [INFO] [Rank 1] Batch 270: Returning Loss
2026-01-23 03:37:45,112 [INFO] [Rank 1] Backward Pass - Start (DDP Sync happens here)
2026-01-23 03:37:45,211 [INFO] [Worker 0] Yielded sample 5300 from /storage/slurm/hunecke/fakesync/data/voxceleb2/preprocessed/shards_train/shard_0149.pt
2026-01-23 03:37:45,217 [INFO] [Worker 0] Yielded sample 5300 from /storage/slurm/hunecke/fakesync/data/voxceleb2/preprocessed/shards_train/shard_0052.pt
2026-01-23 03:37:45,490 [INFO] [Rank 0] Backward Pass - End
2026-01-23 03:37:45,573 [INFO] [Rank 1] Backward Pass - End
2026-01-23 03:37:45,683 [INFO] [Rank 0] Finished Batch 270
2026-01-23 03:37:45,684 [INFO] [Rank 1] Finished Batch 270
2026-01-23 03:37:45,706 [INFO] [Rank 0] Starting Batch 271
2026-01-23 03:37:45,720 [INFO] [Rank 1] Starting Batch 271
2026-01-23 03:37:45,734 [INFO] [Rank 0] Batch 271: Training Step Start
2026-01-23 03:37:45,747 [INFO] [Rank 1] Batch 271: Training Step Start
2026-01-23 03:37:45,762 [INFO] [Rank 0] Batch 271: Forward Start
2026-01-23 03:37:45,775 [INFO] [Rank 1] Batch 271: Forward Start
2026-01-23 03:37:45,893 [INFO] [Rank 0] Batch 271: Forward End (0.103s)
2026-01-23 03:37:45,973 [INFO] [Rank 1] Batch 271: Forward End (0.103s)
2026-01-23 03:37:46,060 [DEBUG] [Profile] batch_gap: 159.2ms, forward: 102.2ms, GPU_mem: 32.8GB (avg over 4 steps)
2026-01-23 03:37:46,105 [INFO] [Rank 0] Batch 271: Returning Loss
2026-01-23 03:37:46,140 [DEBUG] [Profile] batch_gap: 189.2ms, forward: 102.3ms, GPU_mem: 32.8GB (avg over 4 steps)
2026-01-23 03:37:46,227 [INFO] [Rank 0] Backward Pass - Start (DDP Sync happens here)
2026-01-23 03:37:46,242 [INFO] [Rank 1] Batch 271: Returning Loss
2026-01-23 03:37:46,358 [INFO] [Rank 1] Backward Pass - Start (DDP Sync happens here)
2026-01-23 03:37:46,958 [INFO] [Rank 1] Backward Pass - End
2026-01-23 03:37:46,959 [INFO] [Rank 0] Backward Pass - End
2026-01-23 03:37:47,022 [INFO] [Rank 1] Optimizer Step - Start
2026-01-23 03:37:47,066 [INFO] [Rank 0] Optimizer Step - Start
2026-01-23 03:37:47,305 [INFO] [Rank 0] Finished Batch 271
2026-01-23 03:37:47,306 [INFO] [Rank 1] Finished Batch 271
2026-01-23 03:37:47,327 [INFO] [Rank 0] Starting Batch 272
2026-01-23 03:37:47,361 [INFO] [Rank 1] Starting Batch 272
2026-01-23 03:37:47,456 [INFO] [Rank 0] Batch 272: Training Step Start
2026-01-23 03:37:47,485 [INFO] [Rank 1] Batch 272: Training Step Start
2026-01-23 03:37:47,495 [INFO] [Rank 0] Batch 272: Forward Start
2026-01-23 03:37:47,586 [INFO] [Rank 1] Batch 272: Forward Start
2026-01-23 03:37:47,704 [INFO] [Rank 0] Batch 272: Forward End (0.102s)
2026-01-23 03:37:47,721 [INFO] [Rank 1] Batch 272: Forward End (0.102s)
2026-01-23 03:37:47,744 [INFO] [Rank 0] Batch 272: Returning Loss
2026-01-23 03:37:47,798 [INFO] [Rank 1] Batch 272: Returning Loss
2026-01-23 03:37:47,821 [INFO] [Rank 0] Optimizer Step (Zero Grad) - Start
2026-01-23 03:37:47,835 [INFO] [Rank 1] Optimizer Step (Zero Grad) - Start
2026-01-23 03:37:47,869 [INFO] [Rank 0] Backward Pass - Start (DDP Sync happens here)
2026-01-23 03:37:47,924 [INFO] [Rank 1] Backward Pass - Start (DDP Sync happens here)
2026-01-23 03:37:48,773 [INFO] [Rank 0] Backward Pass - End
2026-01-23 03:37:48,819 [INFO] [Rank 1] Backward Pass - End
2026-01-23 03:37:48,913 [INFO] [Rank 0] Finished Batch 272
2026-01-23 03:37:48,923 [INFO] [Rank 1] Finished Batch 272
2026-01-23 03:37:48,963 [INFO] [Rank 0] Starting Batch 273
2026-01-23 03:37:48,994 [INFO] [Rank 1] Starting Batch 273
2026-01-23 03:37:49,036 [INFO] [Rank 0] Batch 273: Training Step Start
2026-01-23 03:37:49,081 [INFO] [Rank 1] Batch 273: Training Step Start
2026-01-23 03:37:49,106 [INFO] [Rank 0] Batch 273: Forward Start
2026-01-23 03:37:49,188 [INFO] [Rank 1] Batch 273: Forward Start
2026-01-23 03:37:49,331 [INFO] [Rank 0] Batch 273: Forward End (0.102s)
2026-01-23 03:37:49,393 [INFO] [Rank 1] Batch 273: Forward End (0.102s)
2026-01-23 03:37:49,896 [INFO] [Rank 0] Batch 273: Returning Loss
2026-01-23 03:37:49,964 [INFO] [Rank 1] Batch 273: Returning Loss
2026-01-23 03:37:50,033 [INFO] [Rank 0] Backward Pass - Start (DDP Sync happens here)
2026-01-23 03:37:50,099 [INFO] [Rank 1] Backward Pass - Start (DDP Sync happens here)
2026-01-23 03:37:50,528 [INFO] [Rank 0] Backward Pass - End
2026-01-23 03:37:50,551 [INFO] [Rank 1] Backward Pass - End
2026-01-23 03:37:50,753 [INFO] [Rank 0] Finished Batch 273
2026-01-23 03:37:50,753 [INFO] [Rank 1] Finished Batch 273
2026-01-23 03:37:50,789 [INFO] [Rank 0] Starting Batch 274
2026-01-23 03:37:50,805 [INFO] [Rank 1] Starting Batch 274
2026-01-23 03:37:51,216 [INFO] [Rank 0] Batch 274: Training Step Start
2026-01-23 03:37:51,299 [INFO] [Rank 1] Batch 274: Training Step Start
2026-01-23 03:37:51,319 [INFO] [Rank 0] Batch 274: Forward Start
2026-01-23 03:37:51,339 [INFO] [Rank 1] Batch 274: Forward Start
2026-01-23 03:37:51,461 [INFO] [Rank 0] Batch 274: Forward End (0.104s)
2026-01-23 03:37:51,485 [INFO] [Rank 1] Batch 274: Forward End (0.105s)
2026-01-23 03:37:51,487 [INFO] [Rank 0] Batch 274: Returning Loss
2026-01-23 03:37:51,611 [INFO] [Rank 1] Batch 274: Returning Loss
2026-01-23 03:37:51,640 [INFO] [Rank 0] Backward Pass - Start (DDP Sync happens here)
2026-01-23 03:37:51,701 [INFO] [Rank 1] Backward Pass - Start (DDP Sync happens here)
2026-01-23 03:37:52,154 [INFO] [Rank 0] Backward Pass - End
2026-01-23 03:37:52,217 [INFO] [Rank 1] Backward Pass - End
2026-01-23 03:37:52,632 [INFO] [Rank 0] Finished Batch 274
2026-01-23 03:37:52,633 [INFO] [Rank 1] Finished Batch 274
2026-01-23 03:37:52,694 [INFO] [Rank 0] Starting Batch 275
2026-01-23 03:37:52,737 [INFO] [Rank 1] Starting Batch 275
2026-01-23 03:37:52,796 [INFO] [Rank 0] Batch 275: Training Step Start
2026-01-23 03:37:52,842 [INFO] [Rank 1] Batch 275: Training Step Start
2026-01-23 03:37:52,865 [INFO] [Rank 0] Batch 275: Forward Start
2026-01-23 03:37:52,959 [INFO] [Rank 1] Batch 275: Forward Start
2026-01-23 03:37:53,100 [INFO] [Rank 0] Batch 275: Forward End (0.102s)
2026-01-23 03:37:53,155 [INFO] [Rank 1] Batch 275: Forward End (0.102s)
2026-01-23 03:37:53,268 [DEBUG] [Profile] batch_gap: 224.6ms, forward: 102.7ms, GPU_mem: 32.8GB (avg over 4 steps)
2026-01-23 03:37:53,311 [INFO] [Rank 0] Batch 275: Returning Loss
2026-01-23 03:37:53,323 [DEBUG] [Profile] batch_gap: 272.4ms, forward: 103.0ms, GPU_mem: 32.8GB (avg over 4 steps)
2026-01-23 03:37:53,406 [INFO] [Rank 0] Backward Pass - Start (DDP Sync happens here)
2026-01-23 03:37:53,458 [INFO] [Rank 1] Batch 275: Returning Loss
2026-01-23 03:37:53,957 [INFO] [Rank 1] Backward Pass - Start (DDP Sync happens here)
2026-01-23 03:37:54,259 [INFO] [Rank 0] Backward Pass - End
2026-01-23 03:37:54,424 [INFO] [Rank 1] Backward Pass - End
2026-01-23 03:37:54,458 [INFO] [Rank 0] Finished Batch 275
2026-01-23 03:37:54,530 [INFO] [Rank 0] Starting Batch 276
2026-01-23 03:37:54,531 [INFO] [Rank 1] Finished Batch 275
2026-01-23 03:37:54,563 [INFO] [Rank 0] Batch 276: Training Step Start
2026-01-23 03:37:54,579 [INFO] [Rank 1] Starting Batch 276
2026-01-23 03:37:54,597 [INFO] [Rank 0] Batch 276: Forward Start
2026-01-23 03:37:54,669 [INFO] [Rank 1] Batch 276: Training Step Start
2026-01-23 03:37:54,796 [INFO] [Rank 0] Batch 276: Forward End (0.102s)
2026-01-23 03:37:54,824 [INFO] [Rank 1] Batch 276: Forward Start
2026-01-23 03:37:54,848 [INFO] [Rank 0] Batch 276: Returning Loss
2026-01-23 03:37:55,367 [INFO] [Rank 0] Backward Pass - Start (DDP Sync happens here)
2026-01-23 03:37:55,377 [INFO] [Rank 1] Batch 276: Forward End (0.102s)
2026-01-23 03:37:55,453 [INFO] [Rank 1] Batch 276: Returning Loss
2026-01-23 03:37:55,468 [INFO] [Rank 1] Backward Pass - Start (DDP Sync happens here)
2026-01-23 03:37:55,806 [INFO] [Rank 0] Backward Pass - End
2026-01-23 03:37:55,937 [INFO] [Rank 0] Finished Batch 276
2026-01-23 03:37:55,955 [INFO] [Rank 1] Backward Pass - End
2026-01-23 03:37:56,002 [INFO] [Rank 0] Starting Batch 277
2026-01-23 03:37:56,036 [INFO] [Rank 0] Batch 277: Training Step Start
2026-01-23 03:37:56,062 [INFO] [Rank 1] Finished Batch 276
2026-01-23 03:37:56,096 [INFO] [Rank 0] Batch 277: Forward Start
2026-01-23 03:37:56,114 [INFO] [Rank 1] Starting Batch 277
2026-01-23 03:37:56,203 [INFO] [Rank 1] Batch 277: Training Step Start
2026-01-23 03:37:56,224 [INFO] [Rank 1] Batch 277: Forward Start
2026-01-23 03:37:56,235 [INFO] [Rank 0] Batch 277: Forward End (0.102s)
2026-01-23 03:37:56,659 [INFO] [Rank 0] Batch 277: Returning Loss
2026-01-23 03:37:56,725 [INFO] [Rank 0] Backward Pass - Start (DDP Sync happens here)
2026-01-23 03:37:56,741 [INFO] [Rank 1] Batch 277: Forward End (0.102s)
2026-01-23 03:37:56,795 [INFO] [Rank 1] Batch 277: Returning Loss
2026-01-23 03:37:56,814 [INFO] [Rank 1] Backward Pass - Start (DDP Sync happens here)
2026-01-23 03:37:57,153 [INFO] [Rank 0] Backward Pass - End
2026-01-23 03:37:57,319 [INFO] [Rank 1] Backward Pass - End
2026-01-23 03:37:57,369 [INFO] [Rank 0] Finished Batch 277
2026-01-23 03:37:57,426 [INFO] [Rank 1] Finished Batch 277
2026-01-23 03:37:57,474 [INFO] [Rank 0] Starting Batch 278
2026-01-23 03:37:57,504 [INFO] [Rank 1] Starting Batch 278
2026-01-23 03:37:57,556 [INFO] [Rank 0] Batch 278: Training Step Start
2026-01-23 03:37:58,046 [INFO] [Rank 1] Batch 278: Training Step Start
2026-01-23 03:37:58,122 [INFO] [Rank 0] Batch 278: Forward Start
2026-01-23 03:37:58,154 [INFO] [Rank 1] Batch 278: Forward Start
2026-01-23 03:37:58,271 [INFO] [Rank 0] Batch 278: Forward End (0.102s)
2026-01-23 03:37:58,306 [INFO] [Rank 0] Batch 278: Returning Loss
2026-01-23 03:37:58,359 [INFO] [Rank 1] Batch 278: Forward End (0.102s)
2026-01-23 03:37:58,391 [INFO] [Rank 0] Backward Pass - Start (DDP Sync happens here)
2026-01-23 03:37:58,437 [INFO] [Rank 1] Batch 278: Returning Loss
2026-01-23 03:37:58,558 [INFO] [Rank 1] Backward Pass - Start (DDP Sync happens here)
2026-01-23 03:37:58,898 [INFO] [Rank 0] Backward Pass - End
2026-01-23 03:37:59,019 [INFO] [Rank 0] Finished Batch 278
2026-01-23 03:37:59,027 [INFO] [Rank 1] Backward Pass - End
2026-01-23 03:37:59,558 [INFO] [Rank 0] Starting Batch 279
2026-01-23 03:37:59,577 [INFO] [Rank 1] Finished Batch 278
2026-01-23 03:37:59,589 [INFO] [Rank 0] Batch 279: Training Step Start
2026-01-23 03:37:59,610 [INFO] [Rank 1] Starting Batch 279
2026-01-23 03:37:59,623 [INFO] [Rank 0] Batch 279: Forward Start
2026-01-23 03:37:59,637 [INFO] [Rank 1] Batch 279: Training Step Start
2026-01-23 03:37:59,667 [INFO] [Rank 1] Batch 279: Forward Start
2026-01-23 03:37:59,755 [INFO] [Rank 0] Batch 279: Forward End (0.102s)
2026-01-23 03:37:59,786 [INFO] [Rank 1] Batch 279: Forward End (0.102s)
2026-01-23 03:37:59,923 [DEBUG] [Profile] batch_gap: 239.6ms, forward: 102.1ms, GPU_mem: 32.8GB (avg over 4 steps)
2026-01-23 03:37:59,953 [DEBUG] [Profile] batch_gap: 239.5ms, forward: 102.3ms, GPU_mem: 32.8GB (avg over 4 steps)
2026-01-23 03:37:59,982 [INFO] [Rank 0] Batch 279: Returning Loss
2026-01-23 03:38:00,030 [INFO] [Rank 1] Batch 279: Returning Loss
2026-01-23 03:38:00,110 [INFO] [Rank 0] Backward Pass - Start (DDP Sync happens here)
2026-01-23 03:38:00,127 [INFO] [Rank 1] Backward Pass - Start (DDP Sync happens here)
2026-01-23 03:38:00,806 [INFO] [Rank 1] Backward Pass - End
2026-01-23 03:38:00,807 [INFO] [Rank 0] Backward Pass - End
2026-01-23 03:38:00,921 [INFO] [Rank 1] Optimizer Step - Start
2026-01-23 03:38:00,948 [INFO] [Rank 0] Optimizer Step - Start
2026-01-23 03:38:01,241 [INFO] [Rank 0] Finished Batch 279
2026-01-23 03:38:01,241 [INFO] [Rank 1] Finished Batch 279
2026-01-23 03:38:01,357 [INFO] [Rank 0] Starting Batch 280
2026-01-23 03:38:01,374 [INFO] [Rank 1] Starting Batch 280
2026-01-23 03:38:01,382 [INFO] [Worker 0] Yielded sample 5400 from /storage/slurm/hunecke/fakesync/data/voxceleb2/preprocessed/shards_train/shard_0052.pt
2026-01-23 03:38:01,401 [INFO] [Worker 0] Yielded sample 5400 from /storage/slurm/hunecke/fakesync/data/voxceleb2/preprocessed/shards_train/shard_0149.pt
2026-01-23 03:38:01,462 [INFO] [Rank 0] Batch 280: Training Step Start
2026-01-23 03:38:01,495 [INFO] [Rank 1] Batch 280: Training Step Start
2026-01-23 03:38:01,601 [INFO] [Rank 0] Batch 280: Forward Start
2026-01-23 03:38:01,702 [INFO] [Rank 1] Batch 280: Forward Start
2026-01-23 03:38:01,843 [INFO] [Rank 0] Batch 280: Forward End (0.102s)
2026-01-23 03:38:01,859 [INFO] [Rank 1] Batch 280: Forward End (0.102s)
2026-01-23 03:38:02,253 [INFO] [Rank 0] Batch 280: Returning Loss
2026-01-23 03:38:02,293 [INFO] [Rank 1] Batch 280: Returning Loss
2026-01-23 03:38:02,355 [INFO] [Rank 0] Optimizer Step (Zero Grad) - Start
2026-01-23 03:38:02,381 [INFO] [Rank 1] Optimizer Step (Zero Grad) - Start
2026-01-23 03:38:02,405 [INFO] [Rank 0] Backward Pass - Start (DDP Sync happens here)
2026-01-23 03:38:02,499 [INFO] [Rank 1] Backward Pass - Start (DDP Sync happens here)
2026-01-23 03:38:02,930 [INFO] [Rank 0] Backward Pass - End
2026-01-23 03:38:02,974 [INFO] [Rank 1] Backward Pass - End
2026-01-23 03:38:03,059 [INFO] [Rank 0] Finished Batch 280
2026-01-23 03:38:03,078 [INFO] [Rank 1] Finished Batch 280
2026-01-23 03:38:03,089 [INFO] [Rank 0] Starting Batch 281
2026-01-23 03:38:03,167 [INFO] [Rank 1] Starting Batch 281
2026-01-23 03:38:03,181 [INFO] [Rank 0] Batch 281: Training Step Start
2026-01-23 03:38:03,603 [INFO] [Rank 1] Batch 281: Training Step Start
2026-01-23 03:38:03,637 [INFO] [Rank 0] Batch 281: Forward Start
2026-01-23 03:38:03,651 [INFO] [Rank 1] Batch 281: Forward Start
2026-01-23 03:38:03,788 [INFO] [Rank 0] Batch 281: Forward End (0.102s)
2026-01-23 03:38:03,803 [INFO] [Rank 1] Batch 281: Forward End (0.102s)
2026-01-23 03:38:03,816 [INFO] [Rank 0] Batch 281: Returning Loss
2026-01-23 03:38:03,844 [INFO] [Rank 1] Batch 281: Returning Loss
2026-01-23 03:38:03,896 [INFO] [Rank 0] Backward Pass - Start (DDP Sync happens here)
2026-01-23 03:38:03,940 [INFO] [Rank 1] Backward Pass - Start (DDP Sync happens here)
2026-01-23 03:38:04,402 [INFO] [Rank 0] Backward Pass - End
2026-01-23 03:38:04,422 [INFO] [Rank 1] Backward Pass - End
2026-01-23 03:38:05,115 [INFO] [Rank 0] Finished Batch 281
2026-01-23 03:38:05,116 [INFO] [Rank 1] Finished Batch 281
2026-01-23 03:38:05,172 [INFO] [Rank 0] Starting Batch 282
2026-01-23 03:38:05,186 [INFO] [Rank 1] Starting Batch 282
2026-01-23 03:38:05,188 [INFO] [Rank 0] Batch 282: Training Step Start
2026-01-23 03:38:05,207 [INFO] [Rank 1] Batch 282: Training Step Start
2026-01-23 03:38:05,227 [INFO] [Rank 0] Batch 282: Forward Start
2026-01-23 03:38:05,246 [INFO] [Rank 1] Batch 282: Forward Start
2026-01-23 03:38:05,364 [INFO] [Rank 0] Batch 282: Forward End (0.102s)
2026-01-23 03:38:05,385 [INFO] [Rank 0] Batch 282: Returning Loss
2026-01-23 03:38:05,386 [INFO] [Rank 1] Batch 282: Forward End (0.102s)
2026-01-23 03:38:05,399 [INFO] [Rank 0] Backward Pass - Start (DDP Sync happens here)
2026-01-23 03:38:05,459 [INFO] [Rank 1] Batch 282: Returning Loss
2026-01-23 03:38:05,542 [INFO] [Rank 1] Backward Pass - Start (DDP Sync happens here)
2026-01-23 03:38:05,942 [INFO] [Rank 0] Backward Pass - End
2026-01-23 03:38:06,005 [INFO] [Rank 1] Backward Pass - End
2026-01-23 03:38:06,455 [INFO] [Rank 0] Finished Batch 282
2026-01-23 03:38:06,455 [INFO] [Rank 1] Finished Batch 282
2026-01-23 03:38:06,542 [INFO] [Rank 0] Starting Batch 283
2026-01-23 03:38:06,558 [INFO] [Rank 1] Starting Batch 283
2026-01-23 03:38:06,618 [INFO] [Rank 0] Batch 283: Training Step Start
2026-01-23 03:38:06,652 [INFO] [Rank 1] Batch 283: Training Step Start
2026-01-23 03:38:06,672 [INFO] [Rank 0] Batch 283: Forward Start
2026-01-23 03:38:06,821 [INFO] [Rank 1] Batch 283: Forward Start
2026-01-23 03:38:06,947 [INFO] [Rank 0] Batch 283: Forward End (0.102s)
2026-01-23 03:38:07,015 [INFO] [Rank 1] Batch 283: Forward End (0.102s)
2026-01-23 03:38:07,114 [DEBUG] [Profile] batch_gap: 144.1ms, forward: 102.1ms, GPU_mem: 32.8GB (avg over 4 steps)
2026-01-23 03:38:07,155 [INFO] [Rank 0] Batch 283: Returning Loss
2026-01-23 03:38:07,182 [DEBUG] [Profile] batch_gap: 265.9ms, forward: 102.0ms, GPU_mem: 32.8GB (avg over 4 steps)
2026-01-23 03:38:07,212 [INFO] [Rank 0] Backward Pass - Start (DDP Sync happens here)
2026-01-23 03:38:07,225 [INFO] [Rank 1] Batch 283: Returning Loss
2026-01-23 03:38:07,314 [INFO] [Rank 1] Backward Pass - Start (DDP Sync happens here)
2026-01-23 03:38:07,658 [INFO] [Rank 0] Backward Pass - End
2026-01-23 03:38:07,974 [INFO] [Rank 0] Finished Batch 283
2026-01-23 03:38:08,130 [INFO] [Rank 0] Starting Batch 284
2026-01-23 03:38:08,169 [INFO] [Rank 0] Batch 284: Training Step Start
2026-01-23 03:38:08,230 [INFO] [Rank 0] Batch 284: Forward Start
2026-01-23 03:38:08,244 [INFO] [Rank 1] Backward Pass - End
2026-01-23 03:38:08,351 [INFO] [Rank 1] Finished Batch 283
2026-01-23 03:38:08,368 [INFO] [Rank 0] Batch 284: Forward End (0.102s)
2026-01-23 03:38:08,395 [INFO] [Rank 1] Starting Batch 284
2026-01-23 03:38:08,488 [INFO] [Rank 0] Batch 284: Returning Loss
2026-01-23 03:38:08,519 [INFO] [Rank 1] Batch 284: Training Step Start
2026-01-23 03:38:08,546 [INFO] [Rank 0] Backward Pass - Start (DDP Sync happens here)
2026-01-23 03:38:08,618 [INFO] [Rank 1] Batch 284: Forward Start
2026-01-23 03:38:08,765 [INFO] [Rank 1] Batch 284: Forward End (0.102s)
2026-01-23 03:38:08,793 [INFO] [Rank 1] Batch 284: Returning Loss
2026-01-23 03:38:09,053 [INFO] [Rank 0] Backward Pass - End
2026-01-23 03:38:09,206 [INFO] [Rank 1] Backward Pass - Start (DDP Sync happens here)
2026-01-23 03:38:09,400 [INFO] [Rank 0] Finished Batch 284
2026-01-23 03:38:09,435 [INFO] [Rank 0] Starting Batch 285
2026-01-23 03:38:09,497 [INFO] [Rank 0] Batch 285: Training Step Start
2026-01-23 03:38:09,541 [INFO] [Worker 0] Yielded sample 5500 from /storage/slurm/hunecke/fakesync/data/voxceleb2/preprocessed/shards_train/shard_0052.pt
2026-01-23 03:38:09,570 [INFO] [Rank 0] Batch 285: Forward Start
2026-01-23 03:38:09,718 [INFO] [Rank 0] Batch 285: Forward End (0.102s)
2026-01-23 03:38:09,732 [INFO] [Rank 1] Backward Pass - End
2026-01-23 03:38:09,743 [INFO] [Rank 0] Batch 285: Returning Loss
2026-01-23 03:38:09,820 [INFO] [Rank 0] Backward Pass - Start (DDP Sync happens here)
2026-01-23 03:38:09,839 [INFO] [Rank 1] Finished Batch 284
2026-01-23 03:38:09,956 [INFO] [Rank 1] Starting Batch 285
2026-01-23 03:38:10,060 [INFO] [Worker 0] Yielded sample 5500 from /storage/slurm/hunecke/fakesync/data/voxceleb2/preprocessed/shards_train/shard_0149.pt
2026-01-23 03:38:10,081 [INFO] [Rank 1] Batch 285: Training Step Start
2026-01-23 03:38:10,171 [INFO] [Rank 1] Batch 285: Forward Start
2026-01-23 03:38:10,304 [INFO] [Rank 0] Backward Pass - End
2026-01-23 03:38:10,684 [INFO] [Rank 1] Batch 285: Forward End (0.102s)
2026-01-23 03:38:10,733 [INFO] [Rank 1] Batch 285: Returning Loss
2026-01-23 03:38:10,786 [INFO] [Rank 0] Finished Batch 285
2026-01-23 03:38:10,796 [INFO] [Rank 1] Backward Pass - Start (DDP Sync happens here)
2026-01-23 03:38:10,844 [INFO] [Rank 0] Starting Batch 286
2026-01-23 03:38:10,920 [INFO] [Rank 0] Batch 286: Training Step Start
2026-01-23 03:38:10,968 [INFO] [Rank 0] Batch 286: Forward Start
2026-01-23 03:38:11,109 [INFO] [Rank 0] Batch 286: Forward End (0.102s)
2026-01-23 03:38:11,173 [INFO] [Rank 0] Batch 286: Returning Loss
2026-01-23 03:38:11,243 [INFO] [Rank 0] Backward Pass - Start (DDP Sync happens here)
2026-01-23 03:38:11,299 [INFO] [Rank 1] Backward Pass - End
2026-01-23 03:38:11,405 [INFO] [Rank 1] Finished Batch 285
2026-01-23 03:38:11,449 [INFO] [Rank 1] Starting Batch 286
2026-01-23 03:38:11,532 [INFO] [Rank 1] Batch 286: Training Step Start
2026-01-23 03:38:11,546 [INFO] [Rank 1] Batch 286: Forward Start
2026-01-23 03:38:11,693 [INFO] [Rank 0] Backward Pass - End
2026-01-23 03:38:12,057 [INFO] [Rank 0] Finished Batch 286
2026-01-23 03:38:12,072 [INFO] [Rank 1] Batch 286: Forward End (0.102s)
2026-01-23 03:38:12,094 [INFO] [Rank 0] Starting Batch 287
2026-01-23 03:38:12,104 [INFO] [Rank 1] Batch 286: Returning Loss
2026-01-23 03:38:12,114 [INFO] [Rank 0] Batch 287: Training Step Start
2026-01-23 03:38:12,131 [INFO] [Rank 1] Backward Pass - Start (DDP Sync happens here)
2026-01-23 03:38:12,148 [INFO] [Rank 0] Batch 287: Forward Start
2026-01-23 03:38:12,279 [INFO] [Rank 0] Batch 287: Forward End (0.102s)
2026-01-23 03:38:12,446 [DEBUG] [Profile] batch_gap: 120.2ms, forward: 102.1ms, GPU_mem: 32.8GB (avg over 4 steps)
2026-01-23 03:38:12,472 [INFO] [Rank 0] Batch 287: Returning Loss
2026-01-23 03:38:12,491 [INFO] [Rank 0] Backward Pass - Start (DDP Sync happens here)
2026-01-23 03:38:12,649 [INFO] [Rank 1] Backward Pass - End
2026-01-23 03:38:12,756 [INFO] [Rank 1] Finished Batch 286
2026-01-23 03:38:12,843 [INFO] [Rank 1] Starting Batch 287
2026-01-23 03:38:12,858 [INFO] [Rank 1] Batch 287: Training Step Start
2026-01-23 03:38:12,889 [INFO] [Rank 1] Batch 287: Forward Start
2026-01-23 03:38:13,045 [INFO] [Rank 1] Batch 287: Forward End (0.102s)
2026-01-23 03:38:13,390 [DEBUG] [Profile] batch_gap: 159.0ms, forward: 102.1ms, GPU_mem: 32.8GB (avg over 4 steps)
2026-01-23 03:38:13,407 [INFO] [Rank 1] Batch 287: Returning Loss
2026-01-23 03:38:13,509 [INFO] [Rank 1] Backward Pass - Start (DDP Sync happens here)
2026-01-23 03:38:14,102 [INFO] [Rank 1] Backward Pass - End
2026-01-23 03:38:14,103 [INFO] [Rank 0] Backward Pass - End
2026-01-23 03:38:14,163 [INFO] [Rank 1] Optimizer Step - Start
2026-01-23 03:38:14,198 [INFO] [Rank 0] Optimizer Step - Start
2026-01-23 03:38:14,842 [INFO] [Rank 0] Finished Batch 287
2026-01-23 03:38:14,843 [INFO] [Rank 1] Finished Batch 287
2026-01-23 03:38:14,881 [INFO] [Rank 0] Starting Batch 288
2026-01-23 03:38:14,910 [INFO] [Rank 1] Starting Batch 288
2026-01-23 03:38:14,924 [INFO] [Rank 0] Batch 288: Training Step Start
2026-01-23 03:38:15,032 [INFO] [Rank 1] Batch 288: Training Step Start
2026-01-23 03:38:15,051 [INFO] [Rank 0] Batch 288: Forward Start
2026-01-23 03:38:15,104 [INFO] [Rank 1] Batch 288: Forward Start
2026-01-23 03:38:15,219 [INFO] [Rank 0] Batch 288: Forward End (0.102s)
2026-01-23 03:38:15,257 [INFO] [Rank 0] Batch 288: Returning Loss
2026-01-23 03:38:15,267 [INFO] [Rank 1] Batch 288: Forward End (0.102s)
2026-01-23 03:38:15,309 [INFO] [Rank 0] Optimizer Step (Zero Grad) - Start
2026-01-23 03:38:15,328 [INFO] [Rank 1] Batch 288: Returning Loss
2026-01-23 03:38:15,347 [INFO] [Rank 0] Backward Pass - Start (DDP Sync happens here)
2026-01-23 03:38:15,408 [INFO] [Rank 1] Optimizer Step (Zero Grad) - Start
2026-01-23 03:38:15,437 [INFO] [Rank 1] Backward Pass - Start (DDP Sync happens here)
2026-01-23 03:38:15,831 [INFO] [Rank 0] Backward Pass - End
2026-01-23 03:38:15,864 [INFO] [Rank 1] Backward Pass - End
2026-01-23 03:38:16,198 [INFO] [Rank 0] Finished Batch 288
2026-01-23 03:38:16,198 [INFO] [Rank 1] Finished Batch 288
2026-01-23 03:38:16,220 [INFO] [Rank 0] Starting Batch 289
2026-01-23 03:38:16,241 [INFO] [Rank 1] Starting Batch 289
2026-01-23 03:38:16,254 [INFO] [Rank 0] Batch 289: Training Step Start
2026-01-23 03:38:16,327 [INFO] [Rank 1] Batch 289: Training Step Start
2026-01-23 03:38:16,346 [INFO] [Rank 0] Batch 289: Forward Start
2026-01-23 03:38:16,405 [INFO] [Rank 1] Batch 289: Forward Start
2026-01-23 03:38:16,529 [INFO] [Rank 0] Batch 289: Forward End (0.102s)
2026-01-23 03:38:16,545 [INFO] [Rank 1] Batch 289: Forward End (0.102s)
2026-01-23 03:38:16,562 [INFO] [Rank 0] Batch 289: Returning Loss
2026-01-23 03:38:16,572 [INFO] [Rank 1] Batch 289: Returning Loss
2026-01-23 03:38:16,630 [INFO] [Rank 0] Backward Pass - Start (DDP Sync happens here)
2026-01-23 03:38:16,645 [INFO] [Rank 1] Backward Pass - Start (DDP Sync happens here)
2026-01-23 03:38:17,107 [INFO] [Rank 0] Backward Pass - End
2026-01-23 03:38:17,123 [INFO] [Rank 1] Backward Pass - End
2026-01-23 03:38:17,539 [INFO] [Rank 0] Finished Batch 289
2026-01-23 03:38:17,539 [INFO] [Rank 1] Finished Batch 289
2026-01-23 03:38:17,639 [INFO] [Rank 0] Starting Batch 290
2026-01-23 03:38:17,668 [INFO] [Rank 1] Starting Batch 290
2026-01-23 03:38:17,682 [INFO] [Rank 0] Batch 290: Training Step Start
2026-01-23 03:38:17,744 [INFO] [Rank 1] Batch 290: Training Step Start
2026-01-23 03:38:17,777 [INFO] [Rank 0] Batch 290: Forward Start
2026-01-23 03:38:17,829 [INFO] [Rank 1] Batch 290: Forward Start
2026-01-23 03:38:17,833 [INFO] [Worker 0] Yielded sample 5600 from /storage/slurm/hunecke/fakesync/data/voxceleb2/preprocessed/shards_train/shard_0052.pt
2026-01-23 03:38:17,858 [INFO] [Worker 0] Yielded sample 5600 from /storage/slurm/hunecke/fakesync/data/voxceleb2/preprocessed/shards_train/shard_0149.pt
2026-01-23 03:38:17,961 [INFO] [Rank 0] Batch 290: Forward End (0.102s)
2026-01-23 03:38:17,984 [INFO] [Rank 1] Batch 290: Forward End (0.102s)
2026-01-23 03:38:18,060 [INFO] [Rank 0] Batch 290: Returning Loss
2026-01-23 03:38:18,094 [INFO] [Rank 1] Batch 290: Returning Loss
2026-01-23 03:38:18,102 [INFO] [Rank 0] Backward Pass - Start (DDP Sync happens here)
2026-01-23 03:38:18,229 [INFO] [Rank 1] Backward Pass - Start (DDP Sync happens here)
2026-01-23 03:38:18,655 [INFO] [Rank 0] Backward Pass - End
2026-01-23 03:38:18,668 [INFO] [Rank 1] Backward Pass - End
2026-01-23 03:38:18,990 [INFO] [Rank 0] Finished Batch 290
2026-01-23 03:38:18,991 [INFO] [Rank 1] Finished Batch 290
2026-01-23 03:38:19,049 [INFO] [Rank 0] Starting Batch 291
2026-01-23 03:38:19,130 [INFO] [Rank 1] Starting Batch 291
2026-01-23 03:38:19,150 [INFO] [Rank 0] Batch 291: Training Step Start
2026-01-23 03:38:19,167 [INFO] [Rank 1] Batch 291: Training Step Start
2026-01-23 03:38:19,251 [INFO] [Rank 0] Batch 291: Forward Start
2026-01-23 03:38:19,267 [INFO] [Rank 1] Batch 291: Forward Start
2026-01-23 03:38:19,476 [INFO] [Rank 0] Batch 291: Forward End (0.103s)
2026-01-23 03:38:19,500 [INFO] [Rank 1] Batch 291: Forward End (0.104s)
2026-01-23 03:38:19,643 [DEBUG] [Profile] batch_gap: 109.2ms, forward: 102.4ms, GPU_mem: 32.8GB (avg over 4 steps)
2026-01-23 03:38:19,666 [DEBUG] [Profile] batch_gap: 174.1ms, forward: 102.8ms, GPU_mem: 32.8GB (avg over 4 steps)
2026-01-23 03:38:19,677 [INFO] [Rank 0] Batch 291: Returning Loss
2026-01-23 03:38:19,700 [INFO] [Rank 1] Batch 291: Returning Loss
2026-01-23 03:38:19,756 [INFO] [Rank 0] Backward Pass - Start (DDP Sync happens here)
2026-01-23 03:38:19,769 [INFO] [Rank 1] Backward Pass - Start (DDP Sync happens here)
2026-01-23 03:38:20,246 [INFO] [Rank 0] Backward Pass - End
2026-01-23 03:38:20,376 [INFO] [Rank 0] Finished Batch 291
2026-01-23 03:38:20,391 [INFO] [Rank 0] Starting Batch 292
2026-01-23 03:38:20,407 [INFO] [Rank 0] Batch 292: Training Step Start
2026-01-23 03:38:20,422 [INFO] [Rank 0] Batch 292: Forward Start
2026-01-23 03:38:20,540 [INFO] [Rank 0] Batch 292: Forward End (0.102s)
2026-01-23 03:38:20,606 [INFO] [Rank 0] Batch 292: Returning Loss
2026-01-23 03:38:20,617 [INFO] [Rank 1] Backward Pass - End
2026-01-23 03:38:20,623 [INFO] [Rank 0] Backward Pass - Start (DDP Sync happens here)
2026-01-23 03:38:20,724 [INFO] [Rank 1] Finished Batch 291
2026-01-23 03:38:20,813 [INFO] [Rank 1] Starting Batch 292
2026-01-23 03:38:20,838 [INFO] [Rank 1] Batch 292: Training Step Start
2026-01-23 03:38:20,908 [INFO] [Rank 1] Batch 292: Forward Start
2026-01-23 03:38:21,035 [INFO] [Rank 1] Batch 292: Forward End (0.102s)
2026-01-23 03:38:21,107 [INFO] [Rank 1] Batch 292: Returning Loss
2026-01-23 03:38:21,124 [INFO] [Rank 0] Backward Pass - End
2026-01-23 03:38:21,125 [INFO] [Rank 1] Backward Pass - Start (DDP Sync happens here)
2026-01-23 03:38:21,641 [INFO] [Rank 0] Finished Batch 292
2026-01-23 03:38:21,663 [INFO] [Rank 0] Starting Batch 293
2026-01-23 03:38:21,734 [INFO] [Rank 0] Batch 293: Training Step Start
2026-01-23 03:38:21,804 [INFO] [Rank 0] Batch 293: Forward Start
2026-01-23 03:38:21,922 [INFO] [Rank 0] Batch 293: Forward End (0.102s)
2026-01-23 03:38:21,970 [INFO] [Rank 1] Backward Pass - End
2026-01-23 03:38:21,991 [INFO] [Rank 0] Batch 293: Returning Loss
2026-01-23 03:38:22,025 [INFO] [Rank 0] Backward Pass - Start (DDP Sync happens here)
2026-01-23 03:38:22,077 [INFO] [Rank 1] Finished Batch 292
2026-01-23 03:38:22,102 [INFO] [Rank 1] Starting Batch 293
2026-01-23 03:38:22,185 [INFO] [Rank 1] Batch 293: Training Step Start
2026-01-23 03:38:22,203 [INFO] [Rank 1] Batch 293: Forward Start
2026-01-23 03:38:22,371 [INFO] [Rank 1] Batch 293: Forward End (0.102s)
2026-01-23 03:38:22,417 [INFO] [Rank 1] Batch 293: Returning Loss
2026-01-23 03:38:22,478 [INFO] [Rank 1] Backward Pass - Start (DDP Sync happens here)
2026-01-23 03:38:22,504 [INFO] [Rank 0] Backward Pass - End
2026-01-23 03:38:22,948 [INFO] [Rank 1] Backward Pass - End
2026-01-23 03:38:23,015 [INFO] [Rank 0] Finished Batch 293
2026-01-23 03:38:23,055 [INFO] [Rank 1] Finished Batch 293
2026-01-23 03:38:23,070 [INFO] [Rank 0] Starting Batch 294
2026-01-23 03:38:23,092 [INFO] [Rank 1] Starting Batch 294
2026-01-23 03:38:23,222 [INFO] [Rank 0] Batch 294: Training Step Start
2026-01-23 03:38:23,276 [INFO] [Rank 1] Batch 294: Training Step Start
2026-01-23 03:38:23,293 [INFO] [Rank 0] Batch 294: Forward Start
2026-01-23 03:38:23,329 [INFO] [Rank 1] Batch 294: Forward Start
2026-01-23 03:38:23,444 [INFO] [Rank 0] Batch 294: Forward End (0.102s)
2026-01-23 03:38:23,482 [INFO] [Rank 0] Batch 294: Returning Loss
2026-01-23 03:38:23,532 [INFO] [Rank 0] Backward Pass - Start (DDP Sync happens here)
2026-01-23 03:38:23,544 [INFO] [Rank 1] Batch 294: Forward End (0.102s)
2026-01-23 03:38:23,634 [INFO] [Rank 1] Batch 294: Returning Loss
2026-01-23 03:38:23,654 [INFO] [Rank 1] Backward Pass - Start (DDP Sync happens here)
2026-01-23 03:38:24,022 [INFO] [Rank 0] Backward Pass - End
2026-01-23 03:38:24,135 [INFO] [Rank 1] Backward Pass - End
2026-01-23 03:38:24,500 [INFO] [Rank 0] Finished Batch 294
2026-01-23 03:38:24,501 [INFO] [Rank 1] Finished Batch 294
2026-01-23 03:38:24,568 [INFO] [Rank 0] Starting Batch 295
2026-01-23 03:38:24,578 [INFO] [Rank 1] Starting Batch 295
2026-01-23 03:38:24,603 [INFO] [Rank 0] Batch 295: Training Step Start
2026-01-23 03:38:24,684 [INFO] [Rank 1] Batch 295: Training Step Start
2026-01-23 03:38:24,705 [INFO] [Rank 0] Batch 295: Forward Start
2026-01-23 03:38:24,742 [INFO] [Rank 1] Batch 295: Forward Start
2026-01-23 03:38:24,840 [INFO] [Worker 0] Yielded sample 5700 from /storage/slurm/hunecke/fakesync/data/voxceleb2/preprocessed/shards_train/shard_0052.pt
2026-01-23 03:38:24,842 [INFO] [Worker 0] Yielded sample 5700 from /storage/slurm/hunecke/fakesync/data/voxceleb2/preprocessed/shards_train/shard_0149.pt
2026-01-23 03:38:24,907 [INFO] [Rank 0] Batch 295: Forward End (0.102s)
2026-01-23 03:38:24,944 [INFO] [Rank 1] Batch 295: Forward End (0.102s)
2026-01-23 03:38:25,075 [DEBUG] [Profile] batch_gap: 107.7ms, forward: 102.1ms, GPU_mem: 32.8GB (avg over 4 steps)
2026-01-23 03:38:25,092 [INFO] [Rank 0] Batch 295: Returning Loss
2026-01-23 03:38:25,112 [DEBUG] [Profile] batch_gap: 155.7ms, forward: 102.1ms, GPU_mem: 32.8GB (avg over 4 steps)
2026-01-23 03:38:25,127 [INFO] [Rank 0] Backward Pass - Start (DDP Sync happens here)
2026-01-23 03:38:25,141 [INFO] [Rank 1] Batch 295: Returning Loss
2026-01-23 03:38:25,683 [INFO] [Rank 1] Backward Pass - Start (DDP Sync happens here)
2026-01-23 03:38:26,343 [INFO] [Rank 0] Backward Pass - End
2026-01-23 03:38:26,343 [INFO] [Rank 1] Backward Pass - End
2026-01-23 03:38:26,373 [INFO] [Rank 0] Optimizer Step - Start
2026-01-23 03:38:26,472 [INFO] [Rank 1] Optimizer Step - Start
2026-01-23 03:38:26,610 [INFO] [Rank 0] Finished Batch 295
2026-01-23 03:38:26,615 [INFO] [Rank 1] Finished Batch 295
2026-01-23 03:38:26,659 [INFO] [Rank 0] Starting Batch 296
2026-01-23 03:38:26,991 [INFO] [Rank 1] Starting Batch 296
2026-01-23 03:38:27,045 [INFO] [Rank 0] Batch 296: Training Step Start
2026-01-23 03:38:27,058 [INFO] [Rank 1] Batch 296: Training Step Start
2026-01-23 03:38:27,074 [INFO] [Rank 0] Batch 296: Forward Start
2026-01-23 03:38:27,095 [INFO] [Rank 1] Batch 296: Forward Start
2026-01-23 03:38:27,212 [INFO] [Rank 0] Batch 296: Forward End (0.102s)
2026-01-23 03:38:27,228 [INFO] [Rank 1] Batch 296: Forward End (0.102s)
2026-01-23 03:38:27,233 [INFO] [Rank 0] Batch 296: Returning Loss
2026-01-23 03:38:27,252 [INFO] [Rank 1] Batch 296: Returning Loss
2026-01-23 03:38:27,338 [INFO] [Rank 0] Optimizer Step (Zero Grad) - Start
2026-01-23 03:38:27,355 [INFO] [Rank 1] Optimizer Step (Zero Grad) - Start
2026-01-23 03:38:27,424 [INFO] [Rank 0] Backward Pass - Start (DDP Sync happens here)
2026-01-23 03:38:27,461 [INFO] [Rank 1] Backward Pass - Start (DDP Sync happens here)
2026-01-23 03:38:27,883 [INFO] [Rank 0] Backward Pass - End
2026-01-23 03:38:27,936 [INFO] [Rank 1] Backward Pass - End
2026-01-23 03:38:28,534 [INFO] [Rank 0] Finished Batch 296
2026-01-23 03:38:28,534 [INFO] [Rank 1] Finished Batch 296
2026-01-23 03:38:28,590 [INFO] [Rank 0] Starting Batch 297
2026-01-23 03:38:28,620 [INFO] [Rank 1] Starting Batch 297
2026-01-23 03:38:28,675 [INFO] [Rank 0] Batch 297: Training Step Start
2026-01-23 03:38:28,718 [INFO] [Rank 1] Batch 297: Training Step Start
2026-01-23 03:38:28,770 [INFO] [Rank 0] Batch 297: Forward Start
2026-01-23 03:38:28,801 [INFO] [Rank 1] Batch 297: Forward Start
2026-01-23 03:38:28,951 [INFO] [Rank 0] Batch 297: Forward End (0.102s)
2026-01-23 03:38:28,990 [INFO] [Rank 1] Batch 297: Forward End (0.102s)
2026-01-23 03:38:28,997 [INFO] [Rank 0] Batch 297: Returning Loss
2026-01-23 03:38:29,024 [INFO] [Rank 1] Batch 297: Returning Loss
2026-01-23 03:38:29,067 [INFO] [Rank 0] Backward Pass - Start (DDP Sync happens here)
2026-01-23 03:38:29,093 [INFO] [Rank 1] Backward Pass - Start (DDP Sync happens here)
2026-01-23 03:38:29,529 [INFO] [Rank 0] Backward Pass - End
2026-01-23 03:38:29,568 [INFO] [Rank 1] Backward Pass - End
2026-01-23 03:38:30,066 [INFO] [Rank 0] Finished Batch 297
2026-01-23 03:38:30,067 [INFO] [Rank 1] Finished Batch 297
2026-01-23 03:38:30,098 [INFO] [Rank 0] Starting Batch 298
2026-01-23 03:38:30,144 [INFO] [Rank 1] Starting Batch 298
2026-01-23 03:38:30,191 [INFO] [Rank 0] Batch 298: Training Step Start
2026-01-23 03:38:30,204 [INFO] [Rank 1] Batch 298: Training Step Start
2026-01-23 03:38:30,223 [INFO] [Rank 0] Batch 298: Forward Start
2026-01-23 03:38:30,293 [INFO] [Rank 1] Batch 298: Forward Start
2026-01-23 03:38:30,417 [INFO] [Rank 0] Batch 298: Forward End (0.102s)
2026-01-23 03:38:30,464 [INFO] [Rank 0] Batch 298: Returning Loss
2026-01-23 03:38:30,502 [INFO] [Rank 1] Batch 298: Forward End (0.102s)
2026-01-23 03:38:30,542 [INFO] [Rank 0] Backward Pass - Start (DDP Sync happens here)
2026-01-23 03:38:30,568 [INFO] [Rank 1] Batch 298: Returning Loss
2026-01-23 03:38:30,653 [INFO] [Rank 1] Backward Pass - Start (DDP Sync happens here)
2026-01-23 03:38:30,996 [INFO] [Rank 0] Backward Pass - End
2026-01-23 03:38:31,080 [INFO] [Rank 1] Backward Pass - End
2026-01-23 03:38:31,432 [INFO] [Rank 0] Finished Batch 298
2026-01-23 03:38:31,432 [INFO] [Rank 1] Finished Batch 298
2026-01-23 03:38:31,475 [INFO] [Rank 0] Starting Batch 299
2026-01-23 03:38:31,536 [INFO] [Rank 1] Starting Batch 299
2026-01-23 03:38:31,584 [INFO] [Rank 0] Batch 299: Training Step Start
2026-01-23 03:38:31,600 [INFO] [Rank 1] Batch 299: Training Step Start
2026-01-23 03:38:31,662 [INFO] [Rank 0] Batch 299: Forward Start
2026-01-23 03:38:31,694 [INFO] [Rank 1] Batch 299: Forward Start
2026-01-23 03:38:31,848 [INFO] [Rank 0] Batch 299: Forward End (0.102s)
2026-01-23 03:38:31,865 [INFO] [Rank 1] Batch 299: Forward End (0.102s)
2026-01-23 03:38:32,016 [DEBUG] [Profile] batch_gap: 212.5ms, forward: 102.2ms, GPU_mem: 32.8GB (avg over 4 steps)
2026-01-23 03:38:32,033 [DEBUG] [Profile] batch_gap: 232.5ms, forward: 102.2ms, GPU_mem: 32.8GB (avg over 4 steps)
2026-01-23 03:38:32,099 [INFO] [Rank 0] Batch 299: Returning Loss
2026-01-23 03:38:32,143 [INFO] [Rank 1] Batch 299: Returning Loss
2026-01-23 03:38:32,185 [INFO] [Rank 0] Backward Pass - Start (DDP Sync happens here)
2026-01-23 03:38:32,206 [INFO] [Rank 1] Backward Pass - Start (DDP Sync happens here)
2026-01-23 03:38:32,632 [INFO] [Rank 0] Backward Pass - End
2026-01-23 03:38:32,806 [INFO] [Rank 0] Finished Batch 299
2026-01-23 03:38:32,829 [INFO] [Rank 0] Starting Batch 300
2026-01-23 03:38:32,847 [INFO] [Rank 0] Batch 300: Training Step Start
2026-01-23 03:38:32,864 [INFO] [Rank 0] Batch 300: Forward Start
2026-01-23 03:38:32,982 [INFO] [Rank 0] Batch 300: Forward End (0.102s)
2026-01-23 03:38:33,030 [INFO] [Rank 0] Batch 300: Returning Loss
2026-01-23 03:38:33,069 [INFO] [Rank 1] Backward Pass - End
2026-01-23 03:38:33,095 [INFO] [Rank 0] Backward Pass - Start (DDP Sync happens here)
2026-01-23 03:38:33,169 [INFO] [Worker 0] Yielded sample 5800 from /storage/slurm/hunecke/fakesync/data/voxceleb2/preprocessed/shards_train/shard_0052.pt
2026-01-23 03:38:33,176 [INFO] [Rank 1] Finished Batch 299
2026-01-23 03:38:33,252 [INFO] [Rank 1] Starting Batch 300
2026-01-23 03:38:33,366 [INFO] [Rank 1] Batch 300: Training Step Start
2026-01-23 03:38:33,410 [INFO] [Rank 1] Batch 300: Forward Start
2026-01-23 03:38:33,576 [INFO] [Rank 1] Batch 300: Forward End (0.102s)
2026-01-23 03:38:33,593 [INFO] [Worker 0] Yielded sample 5800 from /storage/slurm/hunecke/fakesync/data/voxceleb2/preprocessed/shards_train/shard_0149.pt
2026-01-23 03:38:33,600 [INFO] [Rank 0] Backward Pass - End
2026-01-23 03:38:33,907 [INFO] [Rank 1] Batch 300: Returning Loss
2026-01-23 03:38:34,076 [INFO] [Rank 1] Backward Pass - Start (DDP Sync happens here)
2026-01-23 03:38:34,120 [INFO] [Rank 0] Finished Batch 300
2026-01-23 03:38:34,169 [INFO] [Rank 0] Starting Batch 301
2026-01-23 03:38:34,208 [INFO] [Rank 0] Batch 301: Training Step Start
2026-01-23 03:38:34,221 [INFO] [Rank 0] Batch 301: Forward Start
2026-01-23 03:38:34,405 [INFO] [Rank 0] Batch 301: Forward End (0.102s)
2026-01-23 03:38:34,475 [INFO] [Rank 0] Batch 301: Returning Loss
2026-01-23 03:38:34,508 [INFO] [Rank 0] Backward Pass - Start (DDP Sync happens here)
2026-01-23 03:38:34,527 [INFO] [Rank 1] Backward Pass - End
2026-01-23 03:38:34,634 [INFO] [Rank 1] Finished Batch 300
2026-01-23 03:38:34,694 [INFO] [Rank 1] Starting Batch 301
2026-01-23 03:38:34,711 [INFO] [Rank 1] Batch 301: Training Step Start
2026-01-23 03:38:34,726 [INFO] [Rank 1] Batch 301: Forward Start
2026-01-23 03:38:34,914 [INFO] [Rank 1] Batch 301: Forward End (0.102s)
2026-01-23 03:38:34,982 [INFO] [Rank 0] Backward Pass - End
2026-01-23 03:38:35,390 [INFO] [Rank 1] Batch 301: Returning Loss
2026-01-23 03:38:35,433 [INFO] [Rank 1] Backward Pass - Start (DDP Sync happens here)
2026-01-23 03:38:35,498 [INFO] [Rank 0] Finished Batch 301
2026-01-23 03:38:35,516 [INFO] [Rank 0] Starting Batch 302
2026-01-23 03:38:35,531 [INFO] [Rank 0] Batch 302: Training Step Start
2026-01-23 03:38:35,600 [INFO] [Rank 0] Batch 302: Forward Start
2026-01-23 03:38:35,722 [INFO] [Rank 0] Batch 302: Forward End (0.102s)
2026-01-23 03:38:35,775 [INFO] [Rank 0] Batch 302: Returning Loss
2026-01-23 03:38:35,785 [INFO] [Rank 0] Backward Pass - Start (DDP Sync happens here)
2026-01-23 03:38:35,908 [INFO] [Rank 1] Backward Pass - End
2026-01-23 03:38:36,016 [INFO] [Rank 1] Finished Batch 301
2026-01-23 03:38:36,036 [INFO] [Rank 1] Starting Batch 302
2026-01-23 03:38:36,051 [INFO] [Rank 1] Batch 302: Training Step Start
2026-01-23 03:38:36,163 [INFO] [Rank 1] Batch 302: Forward Start
2026-01-23 03:38:36,279 [INFO] [Rank 1] Batch 302: Forward End (0.102s)
2026-01-23 03:38:36,299 [INFO] [Rank 0] Backward Pass - End
2026-01-23 03:38:36,334 [INFO] [Rank 1] Batch 302: Returning Loss
2026-01-23 03:38:36,757 [INFO] [Rank 1] Backward Pass - Start (DDP Sync happens here)
2026-01-23 03:38:36,812 [INFO] [Rank 0] Finished Batch 302
2026-01-23 03:38:36,853 [INFO] [Rank 0] Starting Batch 303
2026-01-23 03:38:36,871 [INFO] [Rank 0] Batch 303: Training Step Start
2026-01-23 03:38:36,910 [INFO] [Rank 0] Batch 303: Forward Start
2026-01-23 03:38:37,072 [INFO] [Rank 0] Batch 303: Forward End (0.102s)
2026-01-23 03:38:37,223 [INFO] [Rank 1] Backward Pass - End
2026-01-23 03:38:37,240 [DEBUG] [Profile] batch_gap: 54.6ms, forward: 102.0ms, GPU_mem: 32.8GB (avg over 4 steps)
2026-01-23 03:38:37,280 [INFO] [Rank 0] Batch 303: Returning Loss
2026-01-23 03:38:37,330 [INFO] [Rank 1] Finished Batch 302
2026-01-23 03:38:37,341 [INFO] [Rank 0] Backward Pass - Start (DDP Sync happens here)
2026-01-23 03:38:37,372 [INFO] [Rank 1] Starting Batch 303
2026-01-23 03:38:37,464 [INFO] [Rank 1] Batch 303: Training Step Start
2026-01-23 03:38:37,477 [INFO] [Rank 1] Batch 303: Forward Start
2026-01-23 03:38:37,603 [INFO] [Rank 1] Batch 303: Forward End (0.102s)
2026-01-23 03:38:37,770 [DEBUG] [Profile] batch_gap: 108.0ms, forward: 102.1ms, GPU_mem: 32.8GB (avg over 4 steps)
2026-01-23 03:38:38,173 [INFO] [Rank 1] Batch 303: Returning Loss
2026-01-23 03:38:38,223 [INFO] [Rank 1] Backward Pass - Start (DDP Sync happens here)
2026-01-23 03:38:38,809 [INFO] [Rank 1] Backward Pass - End
2026-01-23 03:38:38,809 [INFO] [Rank 0] Backward Pass - End
2026-01-23 03:38:38,859 [INFO] [Rank 1] Optimizer Step - Start
2026-01-23 03:38:38,928 [INFO] [Rank 0] Optimizer Step - Start
2026-01-23 03:38:39,610 [INFO] [Rank 0] Finished Batch 303
2026-01-23 03:38:39,611 [INFO] [Rank 1] Finished Batch 303
2026-01-23 03:38:39,705 [INFO] [Rank 0] Starting Batch 304
2026-01-23 03:38:39,736 [INFO] [Rank 1] Starting Batch 304
2026-01-23 03:38:39,782 [INFO] [Rank 0] Batch 304: Training Step Start
2026-01-23 03:38:39,817 [INFO] [Rank 1] Batch 304: Training Step Start
2026-01-23 03:38:39,868 [INFO] [Rank 0] Batch 304: Forward Start
2026-01-23 03:38:39,901 [INFO] [Rank 1] Batch 304: Forward Start
2026-01-23 03:38:40,062 [INFO] [Rank 0] Batch 304: Forward End (0.102s)
2026-01-23 03:38:40,095 [INFO] [Rank 1] Batch 304: Forward End (0.102s)
2026-01-23 03:38:40,147 [INFO] [Rank 0] Batch 304: Returning Loss
2026-01-23 03:38:40,160 [INFO] [Rank 1] Batch 304: Returning Loss
2026-01-23 03:38:40,243 [INFO] [Rank 0] Optimizer Step (Zero Grad) - Start
2026-01-23 03:38:40,266 [INFO] [Rank 1] Optimizer Step (Zero Grad) - Start
2026-01-23 03:38:40,277 [INFO] [Rank 0] Backward Pass - Start (DDP Sync happens here)
2026-01-23 03:38:40,294 [INFO] [Rank 1] Backward Pass - Start (DDP Sync happens here)
2026-01-23 03:38:40,754 [INFO] [Rank 0] Backward Pass - End
2026-01-23 03:38:40,783 [INFO] [Rank 1] Backward Pass - End
2026-01-23 03:38:40,968 [INFO] [Rank 0] Finished Batch 304
2026-01-23 03:38:40,969 [INFO] [Rank 1] Finished Batch 304
2026-01-23 03:38:40,984 [INFO] [Rank 0] Starting Batch 305
2026-01-23 03:38:41,005 [INFO] [Rank 1] Starting Batch 305
2026-01-23 03:38:41,018 [INFO] [Rank 0] Batch 305: Training Step Start
2026-01-23 03:38:41,032 [INFO] [Rank 1] Batch 305: Training Step Start
2026-01-23 03:38:41,047 [INFO] [Rank 0] Batch 305: Forward Start
2026-01-23 03:38:41,064 [INFO] [Rank 1] Batch 305: Forward Start
2026-01-23 03:38:41,180 [INFO] [Rank 0] Batch 305: Forward End (0.102s)
2026-01-23 03:38:41,191 [INFO] [Rank 1] Batch 305: Forward End (0.102s)
2026-01-23 03:38:41,296 [INFO] [Rank 0] Batch 305: Returning Loss
2026-01-23 03:38:41,353 [INFO] [Rank 1] Batch 305: Returning Loss
2026-01-23 03:38:41,362 [INFO] [Rank 0] Backward Pass - Start (DDP Sync happens here)
2026-01-23 03:38:41,374 [INFO] [Rank 1] Backward Pass - Start (DDP Sync happens here)
2026-01-23 03:38:41,414 [INFO] [Worker 0] Yielded sample 5900 from /storage/slurm/hunecke/fakesync/data/voxceleb2/preprocessed/shards_train/shard_0149.pt
2026-01-23 03:38:41,427 [INFO] [Worker 0] Yielded sample 5900 from /storage/slurm/hunecke/fakesync/data/voxceleb2/preprocessed/shards_train/shard_0052.pt
2026-01-23 03:38:41,853 [INFO] [Rank 0] Backward Pass - End
2026-01-23 03:38:41,895 [INFO] [Rank 1] Backward Pass - End
2026-01-23 03:38:42,480 [INFO] [Rank 0] Finished Batch 305
2026-01-23 03:38:42,480 [INFO] [Rank 1] Finished Batch 305
2026-01-23 03:38:42,552 [INFO] [Rank 0] Starting Batch 306
2026-01-23 03:38:42,614 [INFO] [Rank 1] Starting Batch 306
2026-01-23 03:38:42,624 [INFO] [Rank 0] Batch 306: Training Step Start
2026-01-23 03:38:42,648 [INFO] [Rank 1] Batch 306: Training Step Start
2026-01-23 03:38:42,746 [INFO] [Rank 0] Batch 306: Forward Start
2026-01-23 03:38:42,758 [INFO] [Rank 1] Batch 306: Forward Start
2026-01-23 03:38:42,875 [INFO] [Rank 0] Batch 306: Forward End (0.103s)
2026-01-23 03:38:42,900 [INFO] [Rank 0] Batch 306: Returning Loss
2026-01-23 03:38:42,917 [INFO] [Rank 0] Backward Pass - Start (DDP Sync happens here)
2026-01-23 03:38:42,927 [INFO] [Rank 1] Batch 306: Forward End (0.104s)
2026-01-23 03:38:43,061 [INFO] [Rank 1] Batch 306: Returning Loss
2026-01-23 03:38:43,124 [INFO] [Rank 1] Backward Pass - Start (DDP Sync happens here)
2026-01-23 03:38:43,452 [INFO] [Rank 0] Backward Pass - End
2026-01-23 03:38:43,547 [INFO] [Rank 1] Backward Pass - End
2026-01-23 03:38:43,880 [INFO] [Rank 0] Finished Batch 306
2026-01-23 03:38:43,880 [INFO] [Rank 1] Finished Batch 306
2026-01-23 03:38:43,946 [INFO] [Rank 0] Starting Batch 307
2026-01-23 03:38:43,986 [INFO] [Rank 1] Starting Batch 307
2026-01-23 03:38:44,010 [INFO] [Rank 0] Batch 307: Training Step Start
2026-01-23 03:38:44,066 [INFO] [Rank 1] Batch 307: Training Step Start
2026-01-23 03:38:44,095 [INFO] [Rank 0] Batch 307: Forward Start
2026-01-23 03:38:44,109 [INFO] [Rank 1] Batch 307: Forward Start
2026-01-23 03:38:44,257 [INFO] [Rank 0] Batch 307: Forward End (0.103s)
2026-01-23 03:38:44,290 [INFO] [Rank 1] Batch 307: Forward End (0.104s)
2026-01-23 03:38:44,423 [DEBUG] [Profile] batch_gap: 123.1ms, forward: 102.5ms, GPU_mem: 32.8GB (avg over 4 steps)
2026-01-23 03:38:44,456 [DEBUG] [Profile] batch_gap: 155.4ms, forward: 103.1ms, GPU_mem: 32.8GB (avg over 4 steps)
2026-01-23 03:38:44,470 [INFO] [Rank 0] Batch 307: Returning Loss
2026-01-23 03:38:44,641 [INFO] [Rank 1] Batch 307: Returning Loss
2026-01-23 03:38:45,088 [INFO] [Rank 0] Backward Pass - Start (DDP Sync happens here)
2026-01-23 03:38:45,152 [INFO] [Rank 1] Backward Pass - Start (DDP Sync happens here)
2026-01-23 03:38:45,584 [INFO] [Rank 0] Backward Pass - End
2026-01-23 03:38:45,658 [INFO] [Rank 1] Backward Pass - End
2026-01-23 03:38:45,779 [INFO] [Rank 0] Finished Batch 307
2026-01-23 03:38:45,779 [INFO] [Rank 1] Finished Batch 307
2026-01-23 03:38:45,815 [INFO] [Rank 0] Starting Batch 308
2026-01-23 03:38:45,836 [INFO] [Rank 1] Starting Batch 308
2026-01-23 03:38:45,876 [INFO] [Rank 0] Batch 308: Training Step Start
2026-01-23 03:38:45,945 [INFO] [Rank 1] Batch 308: Training Step Start
2026-01-23 03:38:45,985 [INFO] [Rank 0] Batch 308: Forward Start
2026-01-23 03:38:46,044 [INFO] [Rank 1] Batch 308: Forward Start
2026-01-23 03:38:46,565 [INFO] [Rank 0] Batch 308: Forward End (0.102s)
2026-01-23 03:38:46,610 [INFO] [Rank 0] Batch 308: Returning Loss
2026-01-23 03:38:46,656 [INFO] [Rank 1] Batch 308: Forward End (0.102s)
2026-01-23 03:38:46,663 [INFO] [Rank 0] Backward Pass - Start (DDP Sync happens here)
2026-01-23 03:38:46,695 [INFO] [Rank 1] Batch 308: Returning Loss
2026-01-23 03:38:46,805 [INFO] [Rank 1] Backward Pass - Start (DDP Sync happens here)
2026-01-23 03:38:47,169 [INFO] [Rank 0] Backward Pass - End
2026-01-23 03:38:47,293 [INFO] [Rank 1] Backward Pass - End
2026-01-23 03:38:47,347 [INFO] [Rank 0] Finished Batch 308
2026-01-23 03:38:47,375 [INFO] [Rank 0] Starting Batch 309
2026-01-23 03:38:47,400 [INFO] [Rank 1] Finished Batch 308
2026-01-23 03:38:47,688 [INFO] [Rank 0] Batch 309: Training Step Start
2026-01-23 03:38:47,727 [INFO] [Rank 1] Starting Batch 309
2026-01-23 03:38:47,735 [INFO] [Rank 0] Batch 309: Forward Start
2026-01-23 03:38:47,748 [INFO] [Rank 1] Batch 309: Training Step Start
2026-01-23 03:38:47,776 [INFO] [Rank 1] Batch 309: Forward Start
2026-01-23 03:38:47,859 [INFO] [Rank 0] Batch 309: Forward End (0.102s)
2026-01-23 03:38:47,880 [INFO] [Rank 0] Batch 309: Returning Loss
2026-01-23 03:38:47,895 [INFO] [Rank 1] Batch 309: Forward End (0.102s)
2026-01-23 03:38:47,896 [INFO] [Rank 0] Backward Pass - Start (DDP Sync happens here)
2026-01-23 03:38:47,915 [INFO] [Rank 1] Batch 309: Returning Loss
2026-01-23 03:38:48,024 [INFO] [Rank 1] Backward Pass - Start (DDP Sync happens here)
2026-01-23 03:38:48,437 [INFO] [Rank 0] Backward Pass - End
2026-01-23 03:38:48,508 [INFO] [Rank 1] Backward Pass - End
2026-01-23 03:38:48,579 [INFO] [Rank 0] Finished Batch 309
2026-01-23 03:38:48,616 [INFO] [Rank 1] Finished Batch 309
2026-01-23 03:38:48,642 [INFO] [Rank 0] Starting Batch 310
2026-01-23 03:38:48,658 [INFO] [Rank 1] Starting Batch 310
2026-01-23 03:38:49,036 [INFO] [Rank 0] Batch 310: Training Step Start
2026-01-23 03:38:49,117 [INFO] [Rank 1] Batch 310: Training Step Start
2026-01-23 03:38:49,143 [INFO] [Worker 0] Yielded sample 6000 from /storage/slurm/hunecke/fakesync/data/voxceleb2/preprocessed/shards_train/shard_0149.pt
2026-01-23 03:38:49,151 [INFO] [Rank 0] Batch 310: Forward Start
2026-01-23 03:38:49,161 [INFO] [Worker 0] Yielded sample 6000 from /storage/slurm/hunecke/fakesync/data/voxceleb2/preprocessed/shards_train/shard_0052.pt
2026-01-23 03:38:49,169 [INFO] [Rank 1] Batch 310: Forward Start
2026-01-23 03:38:49,406 [INFO] [Rank 0] Batch 310: Forward End (0.102s)
2026-01-23 03:38:49,459 [INFO] [Rank 0] Batch 310: Returning Loss
2026-01-23 03:38:49,504 [INFO] [Rank 1] Batch 310: Forward End (0.102s)
2026-01-23 03:38:49,532 [INFO] [Rank 0] Backward Pass - Start (DDP Sync happens here)
2026-01-23 03:38:49,573 [INFO] [Rank 1] Batch 310: Returning Loss
2026-01-23 03:38:49,649 [INFO] [Rank 1] Backward Pass - Start (DDP Sync happens here)
2026-01-23 03:38:50,028 [INFO] [Rank 0] Backward Pass - End
2026-01-23 03:38:50,109 [INFO] [Rank 1] Backward Pass - End
2026-01-23 03:38:50,626 [INFO] [Rank 0] Finished Batch 310
2026-01-23 03:38:50,626 [INFO] [Rank 1] Finished Batch 310
2026-01-23 03:38:50,652 [INFO] [Rank 0] Starting Batch 311
2026-01-23 03:38:50,697 [INFO] [Rank 1] Starting Batch 311
2026-01-23 03:38:50,791 [INFO] [Rank 0] Batch 311: Training Step Start
2026-01-23 03:38:50,825 [INFO] [Rank 1] Batch 311: Training Step Start
2026-01-23 03:38:50,885 [INFO] [Rank 0] Batch 311: Forward Start
2026-01-23 03:38:50,919 [INFO] [Rank 1] Batch 311: Forward Start
2026-01-23 03:38:51,081 [INFO] [Rank 0] Batch 311: Forward End (0.102s)
2026-01-23 03:38:51,108 [INFO] [Rank 1] Batch 311: Forward End (0.102s)
2026-01-23 03:38:51,249 [DEBUG] [Profile] batch_gap: 264.4ms, forward: 102.2ms, GPU_mem: 32.8GB (avg over 4 steps)
2026-01-23 03:38:51,276 [DEBUG] [Profile] batch_gap: 302.7ms, forward: 102.1ms, GPU_mem: 32.8GB (avg over 4 steps)
2026-01-23 03:38:51,332 [INFO] [Rank 0] Batch 311: Returning Loss
2026-01-23 03:38:51,346 [INFO] [Rank 1] Batch 311: Returning Loss
2026-01-23 03:38:51,427 [INFO] [Rank 0] Backward Pass - Start (DDP Sync happens here)
2026-01-23 03:38:51,444 [INFO] [Rank 1] Backward Pass - Start (DDP Sync happens here)
2026-01-23 03:38:52,421 [INFO] [Rank 0] Backward Pass - End
2026-01-23 03:38:52,422 [INFO] [Rank 1] Backward Pass - End
2026-01-23 03:38:52,484 [INFO] [Rank 0] Optimizer Step - Start
2026-01-23 03:38:52,516 [INFO] [Rank 1] Optimizer Step - Start
2026-01-23 03:38:52,693 [INFO] [Rank 0] Finished Batch 311
2026-01-23 03:38:52,693 [INFO] [Rank 1] Finished Batch 311
2026-01-23 03:38:52,759 [INFO] [Rank 0] Starting Batch 312
2026-01-23 03:38:52,825 [INFO] [Rank 1] Starting Batch 312
2026-01-23 03:38:52,830 [INFO] [Rank 0] Batch 312: Training Step Start
2026-01-23 03:38:53,321 [INFO] [Rank 1] Batch 312: Training Step Start
2026-01-23 03:38:53,337 [INFO] [Rank 0] Batch 312: Forward Start
2026-01-23 03:38:53,347 [INFO] [Rank 1] Batch 312: Forward Start
2026-01-23 03:38:53,463 [INFO] [Rank 0] Batch 312: Forward End (0.102s)
2026-01-23 03:38:53,490 [INFO] [Rank 1] Batch 312: Forward End (0.102s)
2026-01-23 03:38:53,493 [INFO] [Rank 0] Batch 312: Returning Loss
2026-01-23 03:38:53,515 [INFO] [Rank 1] Batch 312: Returning Loss
2026-01-23 03:38:53,520 [INFO] [Rank 0] Optimizer Step (Zero Grad) - Start
2026-01-23 03:38:53,536 [INFO] [Rank 1] Optimizer Step (Zero Grad) - Start
2026-01-23 03:38:53,548 [INFO] [Rank 0] Backward Pass - Start (DDP Sync happens here)
2026-01-23 03:38:53,623 [INFO] [Rank 1] Backward Pass - Start (DDP Sync happens here)
2026-01-23 03:38:54,060 [INFO] [Rank 0] Backward Pass - End
2026-01-23 03:38:54,126 [INFO] [Rank 1] Backward Pass - End
2026-01-23 03:38:54,223 [INFO] [Rank 0] Finished Batch 312
2026-01-23 03:38:54,230 [INFO] [Rank 1] Finished Batch 312
2026-01-23 03:38:54,548 [INFO] [Rank 0] Starting Batch 313
2026-01-23 03:38:54,582 [INFO] [Rank 1] Starting Batch 313
2026-01-23 03:38:54,682 [INFO] [Rank 0] Batch 313: Training Step Start
2026-01-23 03:38:54,700 [INFO] [Rank 1] Batch 313: Training Step Start
2026-01-23 03:38:54,719 [INFO] [Rank 0] Batch 313: Forward Start
2026-01-23 03:38:54,773 [INFO] [Rank 1] Batch 313: Forward Start
2026-01-23 03:38:54,891 [INFO] [Rank 0] Batch 313: Forward End (0.102s)
2026-01-23 03:38:54,908 [INFO] [Rank 1] Batch 313: Forward End (0.102s)
2026-01-23 03:38:54,917 [INFO] [Rank 0] Batch 313: Returning Loss
2026-01-23 03:38:54,933 [INFO] [Rank 1] Batch 313: Returning Loss
2026-01-23 03:38:54,968 [INFO] [Rank 0] Backward Pass - Start (DDP Sync happens here)
2026-01-23 03:38:54,987 [INFO] [Rank 1] Backward Pass - Start (DDP Sync happens here)
2026-01-23 03:38:55,469 [INFO] [Rank 0] Backward Pass - End
2026-01-23 03:38:55,486 [INFO] [Rank 1] Backward Pass - End
2026-01-23 03:38:56,083 [INFO] [Rank 0] Finished Batch 313
2026-01-23 03:38:56,084 [INFO] [Rank 1] Finished Batch 313
2026-01-23 03:38:56,115 [INFO] [Rank 0] Starting Batch 314
2026-01-23 03:38:56,187 [INFO] [Rank 0] Batch 314: Training Step Start
2026-01-23 03:38:56,189 [INFO] [Rank 1] Starting Batch 314
2026-01-23 03:38:56,201 [INFO] [Rank 0] Batch 314: Forward Start
2026-01-23 03:38:56,254 [INFO] [Rank 1] Batch 314: Training Step Start
2026-01-23 03:38:56,317 [INFO] [Rank 1] Batch 314: Forward Start
2026-01-23 03:38:56,370 [INFO] [Rank 0] Batch 314: Forward End (0.102s)
2026-01-23 03:38:56,417 [INFO] [Rank 0] Batch 314: Returning Loss
2026-01-23 03:38:56,432 [INFO] [Rank 0] Backward Pass - Start (DDP Sync happens here)
2026-01-23 03:38:56,438 [INFO] [Rank 1] Batch 314: Forward End (0.102s)
2026-01-23 03:38:56,469 [INFO] [Rank 1] Batch 314: Returning Loss
2026-01-23 03:38:56,536 [INFO] [Rank 1] Backward Pass - Start (DDP Sync happens here)
2026-01-23 03:38:56,948 [INFO] [Rank 0] Backward Pass - End
2026-01-23 03:38:57,015 [INFO] [Rank 1] Backward Pass - End
2026-01-23 03:38:57,442 [INFO] [Rank 0] Finished Batch 314
2026-01-23 03:38:57,442 [INFO] [Rank 1] Finished Batch 314
2026-01-23 03:38:57,516 [INFO] [Rank 0] Starting Batch 315
2026-01-23 03:38:57,616 [INFO] [Rank 0] Batch 315: Training Step Start
2026-01-23 03:38:57,617 [INFO] [Rank 1] Starting Batch 315
2026-01-23 03:38:57,667 [INFO] [Rank 0] Batch 315: Forward Start
2026-01-23 03:38:57,707 [INFO] [Rank 1] Batch 315: Training Step Start
2026-01-23 03:38:57,810 [INFO] [Rank 1] Batch 315: Forward Start
2026-01-23 03:38:57,825 [INFO] [Rank 0] Batch 315: Forward End (0.102s)
2026-01-23 03:38:57,933 [INFO] [Rank 1] Batch 315: Forward End (0.102s)
2026-01-23 03:38:57,993 [DEBUG] [Profile] batch_gap: 217.5ms, forward: 102.1ms, GPU_mem: 32.8GB (avg over 4 steps)
2026-01-23 03:38:58,076 [INFO] [Rank 0] Batch 315: Returning Loss
2026-01-23 03:38:58,101 [DEBUG] [Profile] batch_gap: 382.8ms, forward: 102.1ms, GPU_mem: 32.8GB (avg over 4 steps)
2026-01-23 03:38:58,110 [INFO] [Rank 0] Backward Pass - Start (DDP Sync happens here)
2026-01-23 03:38:58,111 [INFO] [Worker 0] Yielded sample 6100 from /storage/slurm/hunecke/fakesync/data/voxceleb2/preprocessed/shards_train/shard_0052.pt
2026-01-23 03:38:58,155 [INFO] [Worker 0] Yielded sample 6100 from /storage/slurm/hunecke/fakesync/data/voxceleb2/preprocessed/shards_train/shard_0149.pt
2026-01-23 03:38:58,175 [INFO] [Rank 1] Batch 315: Returning Loss
2026-01-23 03:38:58,604 [INFO] [Rank 0] Backward Pass - End
2026-01-23 03:38:58,741 [INFO] [Rank 1] Backward Pass - Start (DDP Sync happens here)
2026-01-23 03:38:58,826 [INFO] [Rank 0] Finished Batch 315
2026-01-23 03:38:58,852 [INFO] [Rank 0] Starting Batch 316
2026-01-23 03:38:58,908 [INFO] [Rank 0] Batch 316: Training Step Start
2026-01-23 03:38:58,982 [INFO] [Rank 0] Batch 316: Forward Start
2026-01-23 03:38:59,155 [INFO] [Rank 0] Batch 316: Forward End (0.102s)
2026-01-23 03:38:59,206 [INFO] [Rank 1] Backward Pass - End
2026-01-23 03:38:59,214 [INFO] [Rank 0] Batch 316: Returning Loss
2026-01-23 03:38:59,313 [INFO] [Rank 1] Finished Batch 315
2026-01-23 03:38:59,349 [INFO] [Rank 0] Backward Pass - Start (DDP Sync happens here)
2026-01-23 03:38:59,382 [INFO] [Rank 1] Starting Batch 316
2026-01-23 03:38:59,454 [INFO] [Rank 1] Batch 316: Training Step Start
2026-01-23 03:38:59,482 [INFO] [Rank 1] Batch 316: Forward Start
2026-01-23 03:38:59,598 [INFO] [Rank 1] Batch 316: Forward End (0.102s)
2026-01-23 03:38:59,678 [INFO] [Rank 1] Batch 316: Returning Loss
2026-01-23 03:38:59,807 [INFO] [Rank 0] Backward Pass - End
2026-01-23 03:39:00,140 [INFO] [Rank 1] Backward Pass - Start (DDP Sync happens here)
2026-01-23 03:39:00,369 [INFO] [Rank 0] Finished Batch 316
2026-01-23 03:39:00,455 [INFO] [Rank 0] Starting Batch 317
2026-01-23 03:39:00,521 [INFO] [Rank 0] Batch 317: Training Step Start
2026-01-23 03:39:00,546 [INFO] [Rank 0] Batch 317: Forward Start
2026-01-23 03:39:00,706 [INFO] [Rank 1] Backward Pass - End
2026-01-23 03:39:00,718 [INFO] [Rank 0] Batch 317: Forward End (0.102s)
2026-01-23 03:39:00,813 [INFO] [Rank 1] Finished Batch 316
2026-01-23 03:39:00,837 [INFO] [Rank 0] Batch 317: Returning Loss
2026-01-23 03:39:00,866 [INFO] [Rank 1] Starting Batch 317
2026-01-23 03:39:00,874 [INFO] [Rank 0] Backward Pass - Start (DDP Sync happens here)
2026-01-23 03:39:00,899 [INFO] [Rank 1] Batch 317: Training Step Start
2026-01-23 03:39:00,965 [INFO] [Rank 1] Batch 317: Forward Start
2026-01-23 03:39:01,081 [INFO] [Rank 1] Batch 317: Forward End (0.102s)
2026-01-23 03:39:01,104 [INFO] [Rank 1] Batch 317: Returning Loss
2026-01-23 03:39:01,325 [INFO] [Rank 0] Backward Pass - End
2026-01-23 03:39:01,501 [INFO] [Rank 1] Backward Pass - Start (DDP Sync happens here)
2026-01-23 03:39:01,668 [INFO] [Rank 0] Finished Batch 317
2026-01-23 03:39:01,707 [INFO] [Rank 0] Starting Batch 318
2026-01-23 03:39:01,731 [INFO] [Rank 0] Batch 318: Training Step Start
2026-01-23 03:39:01,746 [INFO] [Rank 0] Batch 318: Forward Start
2026-01-23 03:39:01,864 [INFO] [Rank 0] Batch 318: Forward End (0.102s)
2026-01-23 03:39:01,932 [INFO] [Rank 0] Batch 318: Returning Loss
2026-01-23 03:39:01,979 [INFO] [Rank 0] Backward Pass - Start (DDP Sync happens here)
2026-01-23 03:39:02,053 [INFO] [Rank 1] Backward Pass - End
2026-01-23 03:39:02,160 [INFO] [Rank 1] Finished Batch 317
2026-01-23 03:39:02,198 [INFO] [Rank 1] Starting Batch 318
2026-01-23 03:39:02,216 [INFO] [Rank 1] Batch 318: Training Step Start
2026-01-23 03:39:02,279 [INFO] [Rank 1] Batch 318: Forward Start
2026-01-23 03:39:02,394 [INFO] [Rank 1] Batch 318: Forward End (0.102s)
2026-01-23 03:39:02,413 [INFO] [Rank 1] Batch 318: Returning Loss
2026-01-23 03:39:02,431 [INFO] [Rank 1] Backward Pass - Start (DDP Sync happens here)
2026-01-23 03:39:02,461 [INFO] [Rank 0] Backward Pass - End
2026-01-23 03:39:03,037 [INFO] [Rank 0] Finished Batch 318
2026-01-23 03:39:03,071 [INFO] [Rank 0] Starting Batch 319
2026-01-23 03:39:03,158 [INFO] [Rank 0] Batch 319: Training Step Start
2026-01-23 03:39:03,170 [INFO] [Rank 0] Batch 319: Forward Start
2026-01-23 03:39:03,227 [INFO] [Rank 1] Backward Pass - End
2026-01-23 03:39:03,334 [INFO] [Rank 1] Finished Batch 318
2026-01-23 03:39:03,336 [INFO] [Rank 0] Batch 319: Forward End (0.102s)
2026-01-23 03:39:03,367 [INFO] [Rank 1] Starting Batch 319
2026-01-23 03:39:03,420 [INFO] [Rank 1] Batch 319: Training Step Start
2026-01-23 03:39:03,504 [DEBUG] [Profile] batch_gap: 103.9ms, forward: 102.2ms, GPU_mem: 32.8GB (avg over 4 steps)
2026-01-23 03:39:03,511 [INFO] [Rank 1] Batch 319: Forward Start
2026-01-23 03:39:03,528 [INFO] [Rank 0] Batch 319: Returning Loss
2026-01-23 03:39:03,631 [INFO] [Rank 0] Backward Pass - Start (DDP Sync happens here)
2026-01-23 03:39:03,684 [INFO] [Rank 1] Batch 319: Forward End (0.102s)
2026-01-23 03:39:03,852 [DEBUG] [Profile] batch_gap: 92.0ms, forward: 102.0ms, GPU_mem: 32.8GB (avg over 4 steps)
2026-01-23 03:39:04,264 [INFO] [Rank 1] Batch 319: Returning Loss
2026-01-23 03:39:04,288 [INFO] [Rank 1] Backward Pass - Start (DDP Sync happens here)
2026-01-23 03:39:04,880 [INFO] [Rank 1] Backward Pass - End
2026-01-23 03:39:04,881 [INFO] [Rank 0] Backward Pass - End
2026-01-23 03:39:04,934 [INFO] [Rank 1] Optimizer Step - Start
2026-01-23 03:39:04,947 [INFO] [Rank 0] Optimizer Step - Start
2026-01-23 03:39:05,566 [INFO] [Rank 0] Finished Batch 319
2026-01-23 03:39:05,566 [INFO] [Rank 1] Finished Batch 319
2026-01-23 03:39:05,677 [INFO] [Rank 0] Starting Batch 320
2026-01-23 03:39:05,701 [INFO] [Rank 1] Starting Batch 320
2026-01-23 03:39:05,760 [INFO] [Rank 0] Batch 320: Training Step Start
2026-01-23 03:39:05,779 [INFO] [Rank 1] Batch 320: Training Step Start
2026-01-23 03:39:05,832 [INFO] [Rank 0] Batch 320: Forward Start
2026-01-23 03:39:05,845 [INFO] [Rank 1] Batch 320: Forward Start
2026-01-23 03:39:06,064 [INFO] [Rank 0] Batch 320: Forward End (0.102s)
2026-01-23 03:39:06,087 [INFO] [Rank 0] Batch 320: Returning Loss
2026-01-23 03:39:06,112 [INFO] [Rank 1] Batch 320: Forward End (0.102s)
2026-01-23 03:39:06,149 [INFO] [Rank 0] Optimizer Step (Zero Grad) - Start
2026-01-23 03:39:06,202 [INFO] [Rank 1] Batch 320: Returning Loss
2026-01-23 03:39:06,219 [INFO] [Rank 0] Backward Pass - Start (DDP Sync happens here)
2026-01-23 03:39:06,265 [INFO] [Rank 1] Optimizer Step (Zero Grad) - Start
2026-01-23 03:39:06,325 [INFO] [Worker 0] Yielded sample 6200 from /storage/slurm/hunecke/fakesync/data/voxceleb2/preprocessed/shards_train/shard_0149.pt
2026-01-23 03:39:06,332 [INFO] [Rank 1] Backward Pass - Start (DDP Sync happens here)
2026-01-23 03:39:06,356 [INFO] [Worker 0] Yielded sample 6200 from /storage/slurm/hunecke/fakesync/data/voxceleb2/preprocessed/shards_train/shard_0052.pt
2026-01-23 03:39:06,692 [INFO] [Rank 0] Backward Pass - End
2026-01-23 03:39:06,786 [INFO] [Rank 1] Backward Pass - End
2026-01-23 03:39:07,100 [INFO] [Rank 0] Finished Batch 320
2026-01-23 03:39:07,100 [INFO] [Rank 1] Finished Batch 320
2026-01-23 03:39:07,117 [INFO] [Rank 0] Starting Batch 321
2026-01-23 03:39:07,164 [INFO] [Rank 1] Starting Batch 321
2026-01-23 03:39:07,182 [INFO] [Rank 0] Batch 321: Training Step Start
2026-01-23 03:39:07,225 [INFO] [Rank 1] Batch 321: Training Step Start
2026-01-23 03:39:07,273 [INFO] [Rank 0] Batch 321: Forward Start
2026-01-23 03:39:07,285 [INFO] [Rank 1] Batch 321: Forward Start
2026-01-23 03:39:07,404 [INFO] [Rank 0] Batch 321: Forward End (0.104s)
2026-01-23 03:39:07,420 [INFO] [Rank 1] Batch 321: Forward End (0.103s)
2026-01-23 03:39:07,467 [INFO] [Rank 0] Batch 321: Returning Loss
2026-01-23 03:39:07,488 [INFO] [Rank 1] Batch 321: Returning Loss
2026-01-23 03:39:07,493 [INFO] [Rank 0] Backward Pass - Start (DDP Sync happens here)
2026-01-23 03:39:07,582 [INFO] [Rank 1] Backward Pass - Start (DDP Sync happens here)
2026-01-23 03:39:08,010 [INFO] [Rank 0] Backward Pass - End
2026-01-23 03:39:08,081 [INFO] [Rank 1] Backward Pass - End
2026-01-23 03:39:08,541 [INFO] [Rank 0] Finished Batch 321
2026-01-23 03:39:08,541 [INFO] [Rank 1] Finished Batch 321
2026-01-23 03:39:08,556 [INFO] [Rank 0] Starting Batch 322
2026-01-23 03:39:08,573 [INFO] [Rank 1] Starting Batch 322
2026-01-23 03:39:08,587 [INFO] [Rank 0] Batch 322: Training Step Start
2026-01-23 03:39:08,599 [INFO] [Rank 1] Batch 322: Training Step Start
2026-01-23 03:39:08,614 [INFO] [Rank 0] Batch 322: Forward Start
2026-01-23 03:39:08,628 [INFO] [Rank 1] Batch 322: Forward Start
2026-01-23 03:39:08,746 [INFO] [Rank 0] Batch 322: Forward End (0.104s)
2026-01-23 03:39:08,761 [INFO] [Rank 1] Batch 322: Forward End (0.106s)
2026-01-23 03:39:08,801 [INFO] [Rank 0] Batch 322: Returning Loss
2026-01-23 03:39:08,821 [INFO] [Rank 1] Batch 322: Returning Loss
2026-01-23 03:39:08,887 [INFO] [Rank 0] Backward Pass - Start (DDP Sync happens here)
2026-01-23 03:39:08,920 [INFO] [Rank 1] Backward Pass - Start (DDP Sync happens here)
2026-01-23 03:39:09,346 [INFO] [Rank 0] Backward Pass - End
2026-01-23 03:39:09,432 [INFO] [Rank 1] Backward Pass - End
2026-01-23 03:39:09,853 [INFO] [Rank 0] Finished Batch 322
2026-01-23 03:39:09,853 [INFO] [Rank 1] Finished Batch 322
2026-01-23 03:39:09,910 [INFO] [Rank 0] Starting Batch 323
2026-01-23 03:39:09,942 [INFO] [Rank 1] Starting Batch 323
2026-01-23 03:39:09,960 [INFO] [Rank 0] Batch 323: Training Step Start
2026-01-23 03:39:10,052 [INFO] [Rank 1] Batch 323: Training Step Start
2026-01-23 03:39:10,066 [INFO] [Rank 0] Batch 323: Forward Start
2026-01-23 03:39:10,080 [INFO] [Rank 1] Batch 323: Forward Start
2026-01-23 03:39:10,244 [INFO] [Rank 0] Batch 323: Forward End (0.102s)
2026-01-23 03:39:10,320 [INFO] [Rank 1] Batch 323: Forward End (0.102s)
2026-01-23 03:39:10,412 [DEBUG] [Profile] batch_gap: 106.7ms, forward: 103.0ms, GPU_mem: 32.8GB (avg over 4 steps)
2026-01-23 03:39:10,460 [INFO] [Rank 0] Batch 323: Returning Loss
2026-01-23 03:39:10,479 [INFO] [Rank 0] Backward Pass - Start (DDP Sync happens here)
2026-01-23 03:39:10,487 [DEBUG] [Profile] batch_gap: 147.6ms, forward: 103.2ms, GPU_mem: 32.8GB (avg over 4 steps)
2026-01-23 03:39:10,546 [INFO] [Rank 1] Batch 323: Returning Loss
2026-01-23 03:39:10,659 [INFO] [Rank 1] Backward Pass - Start (DDP Sync happens here)
2026-01-23 03:39:10,946 [INFO] [Rank 0] Backward Pass - End
2026-01-23 03:39:11,088 [INFO] [Rank 1] Backward Pass - End
2026-01-23 03:39:11,201 [INFO] [Rank 0] Finished Batch 323
2026-01-23 03:39:11,202 [INFO] [Rank 1] Finished Batch 323
2026-01-23 03:39:11,259 [INFO] [Rank 0] Starting Batch 324
2026-01-23 03:39:11,340 [INFO] [Rank 1] Starting Batch 324
2026-01-23 03:39:11,403 [INFO] [Rank 0] Batch 324: Training Step Start
2026-01-23 03:39:11,430 [INFO] [Rank 1] Batch 324: Training Step Start
2026-01-23 03:39:11,500 [INFO] [Rank 0] Batch 324: Forward Start
2026-01-23 03:39:11,514 [INFO] [Rank 1] Batch 324: Forward Start
2026-01-23 03:39:11,628 [INFO] [Rank 0] Batch 324: Forward End (0.102s)
2026-01-23 03:39:11,692 [INFO] [Rank 1] Batch 324: Forward End (0.102s)
2026-01-23 03:39:11,738 [INFO] [Rank 0] Batch 324: Returning Loss
2026-01-23 03:39:11,749 [INFO] [Rank 1] Batch 324: Returning Loss
2026-01-23 03:39:11,762 [INFO] [Rank 0] Backward Pass - Start (DDP Sync happens here)
2026-01-23 03:39:11,837 [INFO] [Rank 1] Backward Pass - Start (DDP Sync happens here)
2026-01-23 03:39:12,266 [INFO] [Rank 0] Backward Pass - End
2026-01-23 03:39:12,334 [INFO] [Rank 1] Backward Pass - End
2026-01-23 03:39:12,619 [INFO] [Rank 0] Finished Batch 324
2026-01-23 03:39:12,619 [INFO] [Rank 1] Finished Batch 324
2026-01-23 03:39:12,642 [INFO] [Rank 0] Starting Batch 325
2026-01-23 03:39:12,672 [INFO] [Rank 1] Starting Batch 325
2026-01-23 03:39:12,779 [INFO] [Rank 0] Batch 325: Training Step Start
2026-01-23 03:39:12,793 [INFO] [Rank 1] Batch 325: Training Step Start
2026-01-23 03:39:12,812 [INFO] [Rank 0] Batch 325: Forward Start
2026-01-23 03:39:12,874 [INFO] [Rank 1] Batch 325: Forward Start
2026-01-23 03:39:13,004 [INFO] [Rank 0] Batch 325: Forward End (0.102s)
2026-01-23 03:39:13,020 [INFO] [Rank 1] Batch 325: Forward End (0.102s)
2026-01-23 03:39:13,107 [INFO] [Rank 0] Batch 325: Returning Loss
2026-01-23 03:39:13,121 [INFO] [Rank 1] Batch 325: Returning Loss
2026-01-23 03:39:13,202 [INFO] [Rank 0] Backward Pass - Start (DDP Sync happens here)
2026-01-23 03:39:13,220 [INFO] [Rank 1] Backward Pass - Start (DDP Sync happens here)
2026-01-23 03:39:13,679 [INFO] [Rank 0] Backward Pass - End
2026-01-23 03:39:13,751 [INFO] [Rank 1] Backward Pass - End
2026-01-23 03:39:14,051 [INFO] [Rank 0] Finished Batch 325
2026-01-23 03:39:14,051 [INFO] [Rank 1] Finished Batch 325
2026-01-23 03:39:14,100 [INFO] [Rank 0] Starting Batch 326
2026-01-23 03:39:14,208 [INFO] [Rank 1] Starting Batch 326
2026-01-23 03:39:14,272 [INFO] [Rank 0] Batch 326: Training Step Start
2026-01-23 03:39:14,287 [INFO] [Rank 1] Batch 326: Training Step Start
2026-01-23 03:39:14,310 [INFO] [Rank 0] Batch 326: Forward Start
2026-01-23 03:39:14,399 [INFO] [Rank 1] Batch 326: Forward Start
2026-01-23 03:39:14,524 [INFO] [Rank 0] Batch 326: Forward End (0.102s)
2026-01-23 03:39:14,535 [INFO] [Rank 1] Batch 326: Forward End (0.102s)
2026-01-23 03:39:14,545 [INFO] [Rank 0] Batch 326: Returning Loss
2026-01-23 03:39:14,568 [INFO] [Rank 1] Batch 326: Returning Loss
2026-01-23 03:39:14,618 [INFO] [Rank 0] Backward Pass - Start (DDP Sync happens here)
2026-01-23 03:39:14,633 [INFO] [Rank 1] Backward Pass - Start (DDP Sync happens here)
2026-01-23 03:39:15,101 [INFO] [Rank 0] Backward Pass - End
2026-01-23 03:39:15,112 [INFO] [Rank 1] Backward Pass - End
2026-01-23 03:39:15,374 [INFO] [Rank 0] Finished Batch 326
2026-01-23 03:39:15,375 [INFO] [Rank 1] Finished Batch 326
2026-01-23 03:39:15,392 [INFO] [Rank 0] Starting Batch 327
2026-01-23 03:39:15,408 [INFO] [Rank 1] Starting Batch 327
2026-01-23 03:39:15,421 [INFO] [Rank 0] Batch 327: Training Step Start
2026-01-23 03:39:15,437 [INFO] [Rank 1] Batch 327: Training Step Start
2026-01-23 03:39:15,454 [INFO] [Rank 0] Batch 327: Forward Start
2026-01-23 03:39:15,472 [INFO] [Rank 1] Batch 327: Forward Start
2026-01-23 03:39:15,593 [INFO] [Rank 0] Batch 327: Forward End (0.102s)
2026-01-23 03:39:15,605 [INFO] [Rank 1] Batch 327: Forward End (0.102s)
2026-01-23 03:39:15,760 [DEBUG] [Profile] batch_gap: 156.8ms, forward: 102.2ms, GPU_mem: 32.8GB (avg over 4 steps)
2026-01-23 03:39:15,773 [DEBUG] [Profile] batch_gap: 174.4ms, forward: 102.2ms, GPU_mem: 32.8GB (avg over 4 steps)
2026-01-23 03:39:15,816 [INFO] [Rank 0] Batch 327: Returning Loss
2026-01-23 03:39:15,872 [INFO] [Rank 1] Batch 327: Returning Loss
2026-01-23 03:39:15,884 [INFO] [Rank 0] Backward Pass - Start (DDP Sync happens here)
2026-01-23 03:39:15,933 [INFO] [Rank 1] Backward Pass - Start (DDP Sync happens here)
2026-01-23 03:39:16,534 [INFO] [Rank 1] Backward Pass - End
2026-01-23 03:39:16,534 [INFO] [Rank 0] Backward Pass - End
2026-01-23 03:39:16,652 [INFO] [Rank 1] Optimizer Step - Start
2026-01-23 03:39:16,710 [INFO] [Rank 0] Optimizer Step - Start
2026-01-23 03:39:16,910 [INFO] [Rank 0] Finished Batch 327
2026-01-23 03:39:16,911 [INFO] [Rank 1] Finished Batch 327
2026-01-23 03:39:16,967 [INFO] [Rank 0] Starting Batch 328
2026-01-23 03:39:17,010 [INFO] [Rank 1] Starting Batch 328
2026-01-23 03:39:17,020 [INFO] [Rank 0] Batch 328: Training Step Start
2026-01-23 03:39:17,085 [INFO] [Rank 1] Batch 328: Training Step Start
2026-01-23 03:39:17,103 [INFO] [Rank 0] Batch 328: Forward Start
2026-01-23 03:39:17,119 [INFO] [Rank 1] Batch 328: Forward Start
2026-01-23 03:39:17,278 [INFO] [Rank 0] Batch 328: Forward End (0.102s)
2026-01-23 03:39:17,351 [INFO] [Rank 1] Batch 328: Forward End (0.102s)
2026-01-23 03:39:17,363 [INFO] [Rank 0] Batch 328: Returning Loss
2026-01-23 03:39:17,385 [INFO] [Rank 1] Batch 328: Returning Loss
2026-01-23 03:39:17,399 [INFO] [Rank 0] Optimizer Step (Zero Grad) - Start
2026-01-23 03:39:17,453 [INFO] [Rank 1] Optimizer Step (Zero Grad) - Start
2026-01-23 03:39:17,463 [INFO] [Rank 0] Backward Pass - Start (DDP Sync happens here)
2026-01-23 03:39:17,513 [INFO] [Rank 1] Backward Pass - Start (DDP Sync happens here)
2026-01-23 03:39:18,360 [INFO] [Rank 0] Backward Pass - End
2026-01-23 03:39:18,373 [INFO] [Rank 1] Backward Pass - End
2026-01-23 03:39:18,579 [INFO] [Rank 0] Finished Batch 328
2026-01-23 03:39:18,579 [INFO] [Rank 1] Finished Batch 328
2026-01-23 03:39:18,593 [INFO] [Rank 0] Starting Batch 329
2026-01-23 03:39:18,659 [INFO] [Rank 1] Starting Batch 329
2026-01-23 03:39:18,710 [INFO] [Rank 0] Batch 329: Training Step Start
2026-01-23 03:39:18,769 [INFO] [Rank 1] Batch 329: Training Step Start
2026-01-23 03:39:18,777 [INFO] [Rank 0] Batch 329: Forward Start
2026-01-23 03:39:18,786 [INFO] [Rank 1] Batch 329: Forward Start
2026-01-23 03:39:18,901 [INFO] [Rank 0] Batch 329: Forward End (0.102s)
2026-01-23 03:39:18,958 [INFO] [Rank 1] Batch 329: Forward End (0.102s)
2026-01-23 03:39:19,365 [INFO] [Rank 0] Batch 329: Returning Loss
2026-01-23 03:39:19,391 [INFO] [Rank 1] Batch 329: Returning Loss
2026-01-23 03:39:19,434 [INFO] [Rank 0] Backward Pass - Start (DDP Sync happens here)
2026-01-23 03:39:19,478 [INFO] [Rank 1] Backward Pass - Start (DDP Sync happens here)
2026-01-23 03:39:19,900 [INFO] [Rank 0] Backward Pass - End
2026-01-23 03:39:19,952 [INFO] [Rank 1] Backward Pass - End
2026-01-23 03:39:20,056 [INFO] [Rank 0] Finished Batch 329
2026-01-23 03:39:20,059 [INFO] [Rank 1] Finished Batch 329
2026-01-23 03:39:20,115 [INFO] [Rank 0] Starting Batch 330
2026-01-23 03:39:20,123 [INFO] [Rank 1] Starting Batch 330
2026-01-23 03:39:20,141 [INFO] [Rank 0] Batch 330: Training Step Start
2026-01-23 03:39:20,153 [INFO] [Worker 0] Yielded sample 6300 from /storage/slurm/hunecke/fakesync/data/voxceleb2/preprocessed/shards_train/shard_0052.pt
2026-01-23 03:39:20,165 [INFO] [Worker 0] Yielded sample 6300 from /storage/slurm/hunecke/fakesync/data/voxceleb2/preprocessed/shards_train/shard_0149.pt
2026-01-23 03:39:20,204 [INFO] [Rank 1] Batch 330: Training Step Start
2026-01-23 03:39:20,221 [INFO] [Rank 0] Batch 330: Forward Start
2026-01-23 03:39:20,319 [INFO] [Rank 1] Batch 330: Forward Start
2026-01-23 03:39:20,432 [INFO] [Rank 0] Batch 330: Forward End (0.102s)
2026-01-23 03:39:20,887 [INFO] [Rank 1] Batch 330: Forward End (0.102s)
2026-01-23 03:39:20,902 [INFO] [Rank 0] Batch 330: Returning Loss
2026-01-23 03:39:20,916 [INFO] [Rank 1] Batch 330: Returning Loss
2026-01-23 03:39:21,000 [INFO] [Rank 0] Backward Pass - Start (DDP Sync happens here)
2026-01-23 03:39:21,050 [INFO] [Rank 1] Backward Pass - Start (DDP Sync happens here)
2026-01-23 03:39:21,472 [INFO] [Rank 0] Backward Pass - End
2026-01-23 03:39:21,484 [INFO] [Rank 1] Backward Pass - End
2026-01-23 03:39:21,600 [INFO] [Rank 0] Finished Batch 330
2026-01-23 03:39:21,601 [INFO] [Rank 1] Finished Batch 330
2026-01-23 03:39:21,664 [INFO] [Rank 0] Starting Batch 331
2026-01-23 03:39:21,708 [INFO] [Rank 1] Starting Batch 331
2026-01-23 03:39:21,768 [INFO] [Rank 0] Batch 331: Training Step Start
2026-01-23 03:39:22,100 [INFO] [Rank 1] Batch 331: Training Step Start
2026-01-23 03:39:22,136 [INFO] [Rank 0] Batch 331: Forward Start
2026-01-23 03:39:22,246 [INFO] [Rank 1] Batch 331: Forward Start
2026-01-23 03:39:22,362 [INFO] [Rank 0] Batch 331: Forward End (0.102s)
2026-01-23 03:39:22,375 [INFO] [Rank 1] Batch 331: Forward End (0.102s)
2026-01-23 03:39:22,530 [DEBUG] [Profile] batch_gap: 122.9ms, forward: 102.1ms, GPU_mem: 32.8GB (avg over 4 steps)
2026-01-23 03:39:22,543 [DEBUG] [Profile] batch_gap: 251.7ms, forward: 102.1ms, GPU_mem: 32.8GB (avg over 4 steps)
2026-01-23 03:39:22,575 [INFO] [Rank 0] Batch 331: Returning Loss
2026-01-23 03:39:22,587 [INFO] [Rank 1] Batch 331: Returning Loss
2026-01-23 03:39:22,602 [INFO] [Rank 0] Backward Pass - Start (DDP Sync happens here)
2026-01-23 03:39:22,665 [INFO] [Rank 1] Backward Pass - Start (DDP Sync happens here)
2026-01-23 03:39:23,123 [INFO] [Rank 0] Backward Pass - End
2026-01-23 03:39:23,131 [INFO] [Rank 1] Backward Pass - End
2026-01-23 03:39:23,595 [INFO] [Rank 0] Finished Batch 331
2026-01-23 03:39:23,596 [INFO] [Rank 1] Finished Batch 331
2026-01-23 03:39:23,609 [INFO] [Rank 0] Starting Batch 332
2026-01-23 03:39:23,622 [INFO] [Rank 1] Starting Batch 332
2026-01-23 03:39:23,671 [INFO] [Rank 0] Batch 332: Training Step Start
2026-01-23 03:39:23,727 [INFO] [Rank 1] Batch 332: Training Step Start
2026-01-23 03:39:23,736 [INFO] [Rank 0] Batch 332: Forward Start
2026-01-23 03:39:23,744 [INFO] [Rank 1] Batch 332: Forward Start
2026-01-23 03:39:23,863 [INFO] [Rank 0] Batch 332: Forward End (0.102s)
2026-01-23 03:39:23,925 [INFO] [Rank 1] Batch 332: Forward End (0.102s)
2026-01-23 03:39:23,930 [INFO] [Rank 0] Batch 332: Returning Loss
2026-01-23 03:39:23,943 [INFO] [Rank 1] Batch 332: Returning Loss
2026-01-23 03:39:23,949 [INFO] [Rank 0] Backward Pass - Start (DDP Sync happens here)
2026-01-23 03:39:24,003 [INFO] [Rank 1] Backward Pass - Start (DDP Sync happens here)
2026-01-23 03:39:24,462 [INFO] [Rank 0] Backward Pass - End
2026-01-23 03:39:24,503 [INFO] [Rank 1] Backward Pass - End
2026-01-23 03:39:24,983 [INFO] [Rank 0] Finished Batch 332
2026-01-23 03:39:24,983 [INFO] [Rank 1] Finished Batch 332
2026-01-23 03:39:25,028 [INFO] [Rank 0] Starting Batch 333
2026-01-23 03:39:25,085 [INFO] [Rank 1] Starting Batch 333
2026-01-23 03:39:25,097 [INFO] [Rank 0] Batch 333: Training Step Start
2026-01-23 03:39:25,151 [INFO] [Rank 1] Batch 333: Training Step Start
2026-01-23 03:39:25,161 [INFO] [Rank 0] Batch 333: Forward Start
2026-01-23 03:39:25,177 [INFO] [Rank 1] Batch 333: Forward Start
2026-01-23 03:39:25,320 [INFO] [Rank 0] Batch 333: Forward End (0.102s)
2026-01-23 03:39:25,372 [INFO] [Rank 1] Batch 333: Forward End (0.102s)
2026-01-23 03:39:25,386 [INFO] [Rank 0] Batch 333: Returning Loss
2026-01-23 03:39:25,396 [INFO] [Rank 1] Batch 333: Returning Loss
2026-01-23 03:39:25,413 [INFO] [Rank 0] Backward Pass - Start (DDP Sync happens here)
2026-01-23 03:39:25,423 [INFO] [Rank 1] Backward Pass - Start (DDP Sync happens here)
2026-01-23 03:39:25,898 [INFO] [Rank 0] Backward Pass - End
2026-01-23 03:39:25,949 [INFO] [Rank 1] Backward Pass - End
2026-01-23 03:39:26,440 [INFO] [Rank 0] Finished Batch 333
2026-01-23 03:39:26,440 [INFO] [Rank 1] Finished Batch 333
2026-01-23 03:39:26,453 [INFO] [Rank 0] Starting Batch 334
2026-01-23 03:39:26,462 [INFO] [Rank 1] Starting Batch 334
2026-01-23 03:39:26,616 [INFO] [Rank 0] Batch 334: Training Step Start
2026-01-23 03:39:26,634 [INFO] [Rank 1] Batch 334: Training Step Start
2026-01-23 03:39:26,652 [INFO] [Rank 0] Batch 334: Forward Start
2026-01-23 03:39:26,665 [INFO] [Rank 1] Batch 334: Forward Start
2026-01-23 03:39:26,826 [INFO] [Rank 0] Batch 334: Forward End (0.102s)
2026-01-23 03:39:26,839 [INFO] [Rank 1] Batch 334: Forward End (0.102s)
2026-01-23 03:39:26,876 [INFO] [Rank 0] Batch 334: Returning Loss
2026-01-23 03:39:26,899 [INFO] [Rank 1] Batch 334: Returning Loss
2026-01-23 03:39:26,905 [INFO] [Rank 0] Backward Pass - Start (DDP Sync happens here)
2026-01-23 03:39:26,978 [INFO] [Rank 1] Backward Pass - Start (DDP Sync happens here)
2026-01-23 03:39:27,403 [INFO] [Rank 0] Backward Pass - End
2026-01-23 03:39:27,417 [INFO] [Rank 1] Backward Pass - End
2026-01-23 03:39:27,875 [INFO] [Rank 0] Finished Batch 334
2026-01-23 03:39:27,875 [INFO] [Rank 1] Finished Batch 334
2026-01-23 03:39:27,888 [INFO] [Rank 0] Starting Batch 335
2026-01-23 03:39:27,901 [INFO] [Rank 1] Starting Batch 335
2026-01-23 03:39:27,912 [INFO] [Rank 0] Batch 335: Training Step Start
2026-01-23 03:39:27,925 [INFO] [Rank 1] Batch 335: Training Step Start
2026-01-23 03:39:27,937 [INFO] [Rank 0] Batch 335: Forward Start
2026-01-23 03:39:27,951 [INFO] [Rank 1] Batch 335: Forward Start
2026-01-23 03:39:27,998 [INFO] [Worker 0] Yielded sample 6400 from /storage/slurm/hunecke/fakesync/data/voxceleb2/preprocessed/shards_train/shard_0052.pt
2026-01-23 03:39:28,018 [INFO] [Worker 0] Yielded sample 6400 from /storage/slurm/hunecke/fakesync/data/voxceleb2/preprocessed/shards_train/shard_0149.pt
2026-01-23 03:39:28,064 [INFO] [Rank 0] Batch 335: Forward End (0.102s)
2026-01-23 03:39:28,075 [INFO] [Rank 1] Batch 335: Forward End (0.102s)
2026-01-23 03:39:28,232 [DEBUG] [Profile] batch_gap: 100.4ms, forward: 102.3ms, GPU_mem: 32.8GB (avg over 4 steps)
2026-01-23 03:39:28,243 [DEBUG] [Profile] batch_gap: 135.2ms, forward: 102.1ms, GPU_mem: 32.8GB (avg over 4 steps)
2026-01-23 03:39:28,274 [INFO] [Rank 0] Batch 335: Returning Loss
2026-01-23 03:39:28,282 [INFO] [Rank 1] Batch 335: Returning Loss
2026-01-23 03:39:28,309 [INFO] [Rank 0] Backward Pass - Start (DDP Sync happens here)
2026-01-23 03:39:28,323 [INFO] [Rank 1] Backward Pass - Start (DDP Sync happens here)
2026-01-23 03:39:29,003 [INFO] [Rank 1] Backward Pass - End
2026-01-23 03:39:29,004 [INFO] [Rank 0] Backward Pass - End
2026-01-23 03:39:29,063 [INFO] [Rank 1] Optimizer Step - Start
2026-01-23 03:39:29,072 [INFO] [Rank 0] Optimizer Step - Start
2026-01-23 03:39:29,241 [INFO] [Rank 0] Finished Batch 335
2026-01-23 03:39:29,241 [INFO] [Rank 1] Finished Batch 335
2026-01-23 03:39:29,283 [INFO] [Rank 0] Starting Batch 336
2026-01-23 03:39:29,296 [INFO] [Rank 1] Starting Batch 336
2026-01-23 03:39:29,305 [INFO] [Rank 0] Batch 336: Training Step Start
2026-01-23 03:39:29,319 [INFO] [Rank 1] Batch 336: Training Step Start
2026-01-23 03:39:29,409 [INFO] [Rank 0] Batch 336: Forward Start
2026-01-23 03:39:29,422 [INFO] [Rank 1] Batch 336: Forward Start
2026-01-23 03:39:29,567 [INFO] [Rank 0] Batch 336: Forward End (0.102s)
2026-01-23 03:39:29,580 [INFO] [Rank 1] Batch 336: Forward End (0.102s)
2026-01-23 03:39:29,628 [INFO] [Rank 0] Batch 336: Returning Loss
2026-01-23 03:39:29,635 [INFO] [Rank 1] Batch 336: Returning Loss
2026-01-23 03:39:29,669 [INFO] [Rank 0] Optimizer Step (Zero Grad) - Start
2026-01-23 03:39:29,682 [INFO] [Rank 1] Optimizer Step (Zero Grad) - Start
2026-01-23 03:39:29,690 [INFO] [Rank 0] Backward Pass - Start (DDP Sync happens here)
2026-01-23 03:39:29,704 [INFO] [Rank 1] Backward Pass - Start (DDP Sync happens here)
2026-01-23 03:39:30,154 [INFO] [Rank 0] Backward Pass - End
2026-01-23 03:39:30,170 [INFO] [Rank 1] Backward Pass - End
2026-01-23 03:39:30,400 [INFO] [Rank 0] Finished Batch 336
2026-01-23 03:39:30,400 [INFO] [Rank 1] Finished Batch 336
2026-01-23 03:39:30,466 [INFO] [Rank 0] Starting Batch 337
2026-01-23 03:39:30,475 [INFO] [Rank 1] Starting Batch 337
2026-01-23 03:39:30,485 [INFO] [Rank 0] Batch 337: Training Step Start
2026-01-23 03:39:30,542 [INFO] [Rank 1] Batch 337: Training Step Start
2026-01-23 03:39:30,554 [INFO] [Rank 0] Batch 337: Forward Start
2026-01-23 03:39:30,568 [INFO] [Rank 1] Batch 337: Forward Start
2026-01-23 03:39:30,729 [INFO] [Rank 0] Batch 337: Forward End (0.102s)
2026-01-23 03:39:30,738 [INFO] [Rank 1] Batch 337: Forward End (0.102s)
2026-01-23 03:39:30,822 [INFO] [Rank 0] Batch 337: Returning Loss
2026-01-23 03:39:30,832 [INFO] [Rank 1] Batch 337: Returning Loss
2026-01-23 03:39:30,841 [INFO] [Rank 0] Backward Pass - Start (DDP Sync happens here)
2026-01-23 03:39:30,852 [INFO] [Rank 1] Backward Pass - Start (DDP Sync happens here)
2026-01-23 03:39:31,306 [INFO] [Rank 0] Backward Pass - End
2026-01-23 03:39:31,380 [INFO] [Rank 1] Backward Pass - End
2026-01-23 03:39:31,707 [INFO] [Rank 0] Finished Batch 337
2026-01-23 03:39:31,708 [INFO] [Rank 1] Finished Batch 337
2026-01-23 03:39:31,770 [INFO] [Rank 0] Starting Batch 338
2026-01-23 03:39:31,835 [INFO] [Rank 1] Starting Batch 338
2026-01-23 03:39:31,876 [INFO] [Rank 0] Batch 338: Training Step Start
2026-01-23 03:39:31,965 [INFO] [Rank 1] Batch 338: Training Step Start
2026-01-23 03:39:31,984 [INFO] [Rank 0] Batch 338: Forward Start
2026-01-23 03:39:32,003 [INFO] [Rank 1] Batch 338: Forward Start
2026-01-23 03:39:32,179 [INFO] [Rank 0] Batch 338: Forward End (0.102s)
2026-01-23 03:39:32,208 [INFO] [Rank 1] Batch 338: Forward End (0.102s)
2026-01-23 03:39:32,216 [INFO] [Rank 0] Batch 338: Returning Loss
2026-01-23 03:39:32,242 [INFO] [Rank 1] Batch 338: Returning Loss
2026-01-23 03:39:32,284 [INFO] [Rank 0] Backward Pass - Start (DDP Sync happens here)
2026-01-23 03:39:32,298 [INFO] [Rank 1] Backward Pass - Start (DDP Sync happens here)
2026-01-23 03:39:32,756 [INFO] [Rank 0] Backward Pass - End
2026-01-23 03:39:32,791 [INFO] [Rank 1] Backward Pass - End
2026-01-23 03:39:33,283 [INFO] [Rank 0] Finished Batch 338
2026-01-23 03:39:33,283 [INFO] [Rank 1] Finished Batch 338
2026-01-23 03:39:33,344 [INFO] [Rank 0] Starting Batch 339
2026-01-23 03:39:33,359 [INFO] [Rank 1] Starting Batch 339
2026-01-23 03:39:33,403 [INFO] [Rank 0] Batch 339: Training Step Start
2026-01-23 03:39:33,513 [INFO] [Rank 1] Batch 339: Training Step Start
2026-01-23 03:39:33,531 [INFO] [Rank 0] Batch 339: Forward Start
2026-01-23 03:39:33,585 [INFO] [Rank 1] Batch 339: Forward Start
2026-01-23 03:39:33,702 [INFO] [Rank 0] Batch 339: Forward End (0.102s)
2026-01-23 03:39:33,727 [INFO] [Rank 1] Batch 339: Forward End (0.102s)
2026-01-23 03:39:33,870 [DEBUG] [Profile] batch_gap: 109.3ms, forward: 102.2ms, GPU_mem: 32.8GB (avg over 4 steps)
2026-01-23 03:39:33,895 [DEBUG] [Profile] batch_gap: 176.3ms, forward: 102.1ms, GPU_mem: 32.8GB (avg over 4 steps)
2026-01-23 03:39:33,945 [INFO] [Rank 0] Batch 339: Returning Loss
2026-01-23 03:39:33,988 [INFO] [Rank 1] Batch 339: Returning Loss
2026-01-23 03:39:34,051 [INFO] [Rank 0] Backward Pass - Start (DDP Sync happens here)
2026-01-23 03:39:34,094 [INFO] [Rank 1] Backward Pass - Start (DDP Sync happens here)
2026-01-23 03:39:34,517 [INFO] [Rank 0] Backward Pass - End
2026-01-23 03:39:34,532 [INFO] [Rank 1] Backward Pass - End
2026-01-23 03:39:34,705 [INFO] [Rank 0] Finished Batch 339
2026-01-23 03:39:34,706 [INFO] [Rank 1] Finished Batch 339
2026-01-23 03:39:34,717 [INFO] [Rank 0] Starting Batch 340
2026-01-23 03:39:34,734 [INFO] [Rank 1] Starting Batch 340
2026-01-23 03:39:34,839 [INFO] [Rank 0] Batch 340: Training Step Start
2026-01-23 03:39:34,869 [INFO] [Rank 1] Batch 340: Training Step Start
2026-01-23 03:39:34,911 [INFO] [Worker 0] Yielded sample 6500 from /storage/slurm/hunecke/fakesync/data/voxceleb2/preprocessed/shards_train/shard_0052.pt
2026-01-23 03:39:34,924 [INFO] [Rank 0] Batch 340: Forward Start
2026-01-23 03:39:34,925 [INFO] [Worker 0] Yielded sample 6500 from /storage/slurm/hunecke/fakesync/data/voxceleb2/preprocessed/shards_train/shard_0149.pt
2026-01-23 03:39:34,932 [INFO] [Rank 1] Batch 340: Forward Start
2026-01-23 03:39:35,119 [INFO] [Rank 0] Batch 340: Forward End (0.102s)
2026-01-23 03:39:35,143 [INFO] [Rank 0] Batch 340: Returning Loss
2026-01-23 03:39:35,144 [INFO] [Rank 1] Batch 340: Forward End (0.103s)
2026-01-23 03:39:35,192 [INFO] [Rank 0] Backward Pass - Start (DDP Sync happens here)
2026-01-23 03:39:35,260 [INFO] [Rank 1] Batch 340: Returning Loss
2026-01-23 03:39:35,281 [INFO] [Rank 1] Backward Pass - Start (DDP Sync happens here)
2026-01-23 03:39:35,697 [INFO] [Rank 0] Backward Pass - End
2026-01-23 03:39:35,754 [INFO] [Rank 1] Backward Pass - End
2026-01-23 03:39:36,054 [INFO] [Rank 0] Finished Batch 340
2026-01-23 03:39:36,054 [INFO] [Rank 1] Finished Batch 340
2026-01-23 03:39:36,073 [INFO] [Rank 0] Starting Batch 341
2026-01-23 03:39:36,128 [INFO] [Rank 1] Starting Batch 341
2026-01-23 03:39:36,169 [INFO] [Rank 0] Batch 341: Training Step Start
2026-01-23 03:39:36,228 [INFO] [Rank 1] Batch 341: Training Step Start
2026-01-23 03:39:36,240 [INFO] [Rank 0] Batch 341: Forward Start
2026-01-23 03:39:36,287 [INFO] [Rank 1] Batch 341: Forward Start
2026-01-23 03:39:36,441 [INFO] [Rank 0] Batch 341: Forward End (0.102s)
2026-01-23 03:39:36,450 [INFO] [Rank 1] Batch 341: Forward End (0.102s)
2026-01-23 03:39:36,492 [INFO] [Rank 0] Batch 341: Returning Loss
2026-01-23 03:39:36,548 [INFO] [Rank 1] Batch 341: Returning Loss
2026-01-23 03:39:36,554 [INFO] [Rank 0] Backward Pass - Start (DDP Sync happens here)
2026-01-23 03:39:36,588 [INFO] [Rank 1] Backward Pass - Start (DDP Sync happens here)
2026-01-23 03:39:37,066 [INFO] [Rank 0] Backward Pass - End
2026-01-23 03:39:37,074 [INFO] [Rank 1] Backward Pass - End
2026-01-23 03:39:37,363 [INFO] [Rank 0] Finished Batch 341
2026-01-23 03:39:37,364 [INFO] [Rank 1] Finished Batch 341
2026-01-23 03:39:37,377 [INFO] [Rank 0] Starting Batch 342
2026-01-23 03:39:37,387 [INFO] [Rank 1] Starting Batch 342
2026-01-23 03:39:37,397 [INFO] [Rank 0] Batch 342: Training Step Start
2026-01-23 03:39:37,408 [INFO] [Rank 1] Batch 342: Training Step Start
2026-01-23 03:39:37,417 [INFO] [Rank 0] Batch 342: Forward Start
2026-01-23 03:39:37,429 [INFO] [Rank 1] Batch 342: Forward Start
2026-01-23 03:39:37,540 [INFO] [Rank 0] Batch 342: Forward End (0.102s)
2026-01-23 03:39:37,551 [INFO] [Rank 1] Batch 342: Forward End (0.102s)
2026-01-23 03:39:37,629 [INFO] [Rank 0] Batch 342: Returning Loss
2026-01-23 03:39:37,636 [INFO] [Rank 1] Batch 342: Returning Loss
2026-01-23 03:39:37,640 [INFO] [Rank 0] Backward Pass - Start (DDP Sync happens here)
2026-01-23 03:39:37,697 [INFO] [Rank 1] Backward Pass - Start (DDP Sync happens here)
2026-01-23 03:39:38,167 [INFO] [Rank 0] Backward Pass - End
2026-01-23 03:39:38,176 [INFO] [Rank 1] Backward Pass - End
2026-01-23 03:39:38,719 [INFO] [Rank 0] Finished Batch 342
2026-01-23 03:39:38,720 [INFO] [Rank 1] Finished Batch 342
2026-01-23 03:39:38,752 [INFO] [Rank 0] Starting Batch 343
2026-01-23 03:39:38,763 [INFO] [Rank 1] Starting Batch 343
2026-01-23 03:39:38,776 [INFO] [Rank 0] Batch 343: Training Step Start
2026-01-23 03:39:38,855 [INFO] [Rank 1] Batch 343: Training Step Start
2026-01-23 03:39:38,903 [INFO] [Rank 0] Batch 343: Forward Start
2026-01-23 03:39:38,956 [INFO] [Rank 1] Batch 343: Forward Start
2026-01-23 03:39:39,071 [INFO] [Rank 0] Batch 343: Forward End (0.102s)
2026-01-23 03:39:39,078 [INFO] [Rank 1] Batch 343: Forward End (0.102s)
2026-01-23 03:39:39,239 [DEBUG] [Profile] batch_gap: 84.5ms, forward: 102.1ms, GPU_mem: 32.8GB (avg over 4 steps)
2026-01-23 03:39:39,246 [DEBUG] [Profile] batch_gap: 128.5ms, forward: 102.2ms, GPU_mem: 32.8GB (avg over 4 steps)
2026-01-23 03:39:39,262 [INFO] [Rank 0] Batch 343: Returning Loss
2026-01-23 03:39:39,316 [INFO] [Rank 1] Batch 343: Returning Loss
2026-01-23 03:39:39,350 [INFO] [Rank 0] Backward Pass - Start (DDP Sync happens here)
2026-01-23 03:39:39,361 [INFO] [Rank 1] Backward Pass - Start (DDP Sync happens here)
2026-01-23 03:39:39,958 [INFO] [Rank 1] Backward Pass - End
2026-01-23 03:39:39,958 [INFO] [Rank 0] Backward Pass - End
2026-01-23 03:39:40,095 [INFO] [Rank 1] Optimizer Step - Start
2026-01-23 03:39:40,108 [INFO] [Rank 0] Optimizer Step - Start
2026-01-23 03:39:40,277 [INFO] [Rank 0] Finished Batch 343
2026-01-23 03:39:40,277 [INFO] [Rank 1] Finished Batch 343
2026-01-23 03:39:40,302 [INFO] [Rank 0] Starting Batch 344
2026-01-23 03:39:40,319 [INFO] [Rank 1] Starting Batch 344
2026-01-23 03:39:40,401 [INFO] [Rank 0] Batch 344: Training Step Start
2026-01-23 03:39:40,414 [INFO] [Rank 1] Batch 344: Training Step Start
2026-01-23 03:39:40,467 [INFO] [Rank 0] Batch 344: Forward Start
2026-01-23 03:39:40,504 [INFO] [Rank 1] Batch 344: Forward Start
2026-01-23 03:39:40,623 [INFO] [Rank 0] Batch 344: Forward End (0.102s)
2026-01-23 03:39:40,680 [INFO] [Rank 1] Batch 344: Forward End (0.102s)
2026-01-23 03:39:40,690 [INFO] [Rank 0] Batch 344: Returning Loss
2026-01-23 03:39:40,722 [INFO] [Rank 0] Optimizer Step (Zero Grad) - Start
2026-01-23 03:39:40,722 [INFO] [Rank 1] Batch 344: Returning Loss
2026-01-23 03:39:40,762 [INFO] [Rank 0] Backward Pass - Start (DDP Sync happens here)
2026-01-23 03:39:40,773 [INFO] [Rank 1] Optimizer Step (Zero Grad) - Start
2026-01-23 03:39:40,857 [INFO] [Rank 1] Backward Pass - Start (DDP Sync happens here)
2026-01-23 03:39:41,220 [INFO] [Rank 0] Backward Pass - End
2026-01-23 03:39:41,282 [INFO] [Rank 1] Backward Pass - End
2026-01-23 03:39:41,639 [INFO] [Rank 0] Finished Batch 344
2026-01-23 03:39:41,640 [INFO] [Rank 1] Finished Batch 344
2026-01-23 03:39:41,718 [INFO] [Rank 0] Starting Batch 345
2026-01-23 03:39:41,733 [INFO] [Rank 1] Starting Batch 345
2026-01-23 03:39:41,794 [INFO] [Rank 0] Batch 345: Training Step Start
2026-01-23 03:39:41,808 [INFO] [Rank 1] Batch 345: Training Step Start
2026-01-23 03:39:41,832 [INFO] [Rank 0] Batch 345: Forward Start
2026-01-23 03:39:41,841 [INFO] [Rank 1] Batch 345: Forward Start
2026-01-23 03:39:41,952 [INFO] [Rank 0] Batch 345: Forward End (0.102s)
2026-01-23 03:39:41,971 [INFO] [Rank 1] Batch 345: Forward End (0.102s)
2026-01-23 03:39:41,982 [INFO] [Worker 0] Yielded sample 6600 from /storage/slurm/hunecke/fakesync/data/voxceleb2/preprocessed/shards_train/shard_0149.pt
2026-01-23 03:39:41,986 [INFO] [Worker 0] Yielded sample 6600 from /storage/slurm/hunecke/fakesync/data/voxceleb2/preprocessed/shards_train/shard_0052.pt
2026-01-23 03:39:42,046 [INFO] [Rank 0] Batch 345: Returning Loss
2026-01-23 03:39:42,054 [INFO] [Rank 1] Batch 345: Returning Loss
2026-01-23 03:39:42,138 [INFO] [Rank 0] Backward Pass - Start (DDP Sync happens here)
2026-01-23 03:39:42,232 [INFO] [Rank 1] Backward Pass - Start (DDP Sync happens here)
2026-01-23 03:39:42,678 [INFO] [Rank 0] Backward Pass - End
2026-01-23 03:39:42,686 [INFO] [Rank 1] Backward Pass - End
2026-01-23 03:39:42,960 [INFO] [Rank 0] Finished Batch 345
2026-01-23 03:39:42,960 [INFO] [Rank 1] Finished Batch 345
2026-01-23 03:39:42,988 [INFO] [Rank 0] Starting Batch 346
2026-01-23 03:39:42,999 [INFO] [Rank 1] Starting Batch 346
2026-01-23 03:39:42,999 [INFO] [Rank 0] Batch 346: Training Step Start
2026-01-23 03:39:43,011 [INFO] [Rank 1] Batch 346: Training Step Start
2026-01-23 03:39:43,025 [INFO] [Rank 0] Batch 346: Forward Start
2026-01-23 03:39:43,036 [INFO] [Rank 1] Batch 346: Forward Start
2026-01-23 03:39:43,149 [INFO] [Rank 0] Batch 346: Forward End (0.102s)
2026-01-23 03:39:43,159 [INFO] [Rank 1] Batch 346: Forward End (0.102s)
2026-01-23 03:39:43,207 [INFO] [Rank 0] Batch 346: Returning Loss
2026-01-23 03:39:43,248 [INFO] [Rank 1] Batch 346: Returning Loss
2026-01-23 03:39:43,254 [INFO] [Rank 0] Backward Pass - Start (DDP Sync happens here)
2026-01-23 03:39:43,326 [INFO] [Rank 1] Backward Pass - Start (DDP Sync happens here)
2026-01-23 03:39:43,780 [INFO] [Rank 0] Backward Pass - End
2026-01-23 03:39:43,789 [INFO] [Rank 1] Backward Pass - End
2026-01-23 03:39:44,207 [INFO] [Rank 0] Finished Batch 346
2026-01-23 03:39:44,208 [INFO] [Rank 1] Finished Batch 346
2026-01-23 03:39:44,227 [INFO] [Rank 0] Starting Batch 347
2026-01-23 03:39:44,240 [INFO] [Rank 0] Batch 347: Training Step Start
2026-01-23 03:39:44,245 [INFO] [Rank 1] Starting Batch 347
2026-01-23 03:39:44,348 [INFO] [Rank 0] Batch 347: Forward Start
2026-01-23 03:39:44,359 [INFO] [Rank 1] Batch 347: Training Step Start
2026-01-23 03:39:44,441 [INFO] [Rank 1] Batch 347: Forward Start
2026-01-23 03:39:44,491 [INFO] [Rank 0] Batch 347: Forward End (0.102s)
2026-01-23 03:39:44,557 [INFO] [Rank 1] Batch 347: Forward End (0.102s)
2026-01-23 03:39:44,659 [DEBUG] [Profile] batch_gap: 87.0ms, forward: 102.1ms, GPU_mem: 32.8GB (avg over 4 steps)
2026-01-23 03:39:44,692 [INFO] [Rank 0] Batch 347: Returning Loss
2026-01-23 03:39:44,725 [DEBUG] [Profile] batch_gap: 126.5ms, forward: 102.2ms, GPU_mem: 32.8GB (avg over 4 steps)
2026-01-23 03:39:44,749 [INFO] [Rank 0] Backward Pass - Start (DDP Sync happens here)
2026-01-23 03:39:44,763 [INFO] [Rank 1] Batch 347: Returning Loss
2026-01-23 03:39:44,854 [INFO] [Rank 1] Backward Pass - Start (DDP Sync happens here)
2026-01-23 03:39:45,208 [INFO] [Rank 0] Backward Pass - End
2026-01-23 03:39:45,279 [INFO] [Rank 1] Backward Pass - End
2026-01-23 03:39:45,572 [INFO] [Rank 0] Finished Batch 347
2026-01-23 03:39:45,573 [INFO] [Rank 1] Finished Batch 347
2026-01-23 03:39:45,624 [INFO] [Rank 0] Starting Batch 348
2026-01-23 03:39:45,634 [INFO] [Rank 1] Starting Batch 348
2026-01-23 03:39:45,682 [INFO] [Rank 0] Batch 348: Training Step Start
2026-01-23 03:39:45,693 [INFO] [Rank 1] Batch 348: Training Step Start
2026-01-23 03:39:45,746 [INFO] [Rank 0] Batch 348: Forward Start
2026-01-23 03:39:45,802 [INFO] [Rank 1] Batch 348: Forward Start
2026-01-23 03:39:45,921 [INFO] [Rank 0] Batch 348: Forward End (0.102s)
2026-01-23 03:39:45,936 [INFO] [Rank 1] Batch 348: Forward End (0.102s)
2026-01-23 03:39:45,987 [INFO] [Rank 0] Batch 348: Returning Loss
2026-01-23 03:39:45,996 [INFO] [Rank 1] Batch 348: Returning Loss
2026-01-23 03:39:46,023 [INFO] [Rank 0] Backward Pass - Start (DDP Sync happens here)
2026-01-23 03:39:46,085 [INFO] [Rank 1] Backward Pass - Start (DDP Sync happens here)
2026-01-23 03:39:46,529 [INFO] [Rank 0] Backward Pass - End
2026-01-23 03:39:46,581 [INFO] [Rank 1] Backward Pass - End
2026-01-23 03:39:46,935 [INFO] [Rank 0] Finished Batch 348
2026-01-23 03:39:46,936 [INFO] [Rank 1] Finished Batch 348
2026-01-23 03:39:47,060 [INFO] [Rank 0] Starting Batch 349
2026-01-23 03:39:47,076 [INFO] [Rank 1] Starting Batch 349
2026-01-23 03:39:47,095 [INFO] [Rank 0] Batch 349: Training Step Start
2026-01-23 03:39:47,103 [INFO] [Rank 1] Batch 349: Training Step Start
2026-01-23 03:39:47,201 [INFO] [Rank 0] Batch 349: Forward Start
2026-01-23 03:39:47,233 [INFO] [Rank 1] Batch 349: Forward Start
2026-01-23 03:39:47,384 [INFO] [Rank 0] Batch 349: Forward End (0.102s)
2026-01-23 03:39:47,420 [INFO] [Rank 1] Batch 349: Forward End (0.102s)
2026-01-23 03:39:47,460 [INFO] [Rank 0] Batch 349: Returning Loss
2026-01-23 03:39:47,498 [INFO] [Rank 1] Batch 349: Returning Loss
2026-01-23 03:39:47,507 [INFO] [Rank 0] Backward Pass - Start (DDP Sync happens here)
2026-01-23 03:39:47,564 [INFO] [Rank 1] Backward Pass - Start (DDP Sync happens here)
2026-01-23 03:39:47,986 [INFO] [Rank 0] Backward Pass - End
2026-01-23 03:39:48,016 [INFO] [Rank 1] Backward Pass - End
2026-01-23 03:39:48,505 [INFO] [Rank 0] Finished Batch 349
2026-01-23 03:39:48,506 [INFO] [Rank 1] Finished Batch 349
2026-01-23 03:39:48,547 [INFO] [Rank 0] Starting Batch 350
2026-01-23 03:39:48,631 [INFO] [Rank 1] Starting Batch 350
2026-01-23 03:39:48,635 [INFO] [Rank 0] Batch 350: Training Step Start
2026-01-23 03:39:48,646 [INFO] [Rank 1] Batch 350: Training Step Start
2026-01-23 03:39:48,671 [INFO] [Rank 0] Batch 350: Forward Start
2026-01-23 03:39:48,684 [INFO] [Rank 1] Batch 350: Forward Start
2026-01-23 03:39:48,842 [INFO] [Rank 0] Batch 350: Forward End (0.103s)
2026-01-23 03:39:48,851 [INFO] [Rank 1] Batch 350: Forward End (0.103s)
2026-01-23 03:39:48,885 [INFO] [Rank 0] Batch 350: Returning Loss
2026-01-23 03:39:48,894 [INFO] [Rank 1] Batch 350: Returning Loss
2026-01-23 03:39:48,902 [INFO] [Worker 0] Yielded sample 6700 from /storage/slurm/hunecke/fakesync/data/voxceleb2/preprocessed/shards_train/shard_0052.pt
2026-01-23 03:39:48,914 [INFO] [Rank 0] Backward Pass - Start (DDP Sync happens here)
2026-01-23 03:39:48,927 [INFO] [Rank 1] Backward Pass - Start (DDP Sync happens here)
2026-01-23 03:39:48,964 [INFO] [Worker 0] Yielded sample 6700 from /storage/slurm/hunecke/fakesync/data/voxceleb2/preprocessed/shards_train/shard_0149.pt
2026-01-23 03:39:49,432 [INFO] [Rank 0] Backward Pass - End
2026-01-23 03:39:49,448 [INFO] [Rank 1] Backward Pass - End
2026-01-23 03:39:49,752 [INFO] [Rank 0] Finished Batch 350
2026-01-23 03:39:49,753 [INFO] [Rank 1] Finished Batch 350
2026-01-23 03:39:49,784 [INFO] [Rank 0] Starting Batch 351
2026-01-23 03:39:49,802 [INFO] [Rank 1] Starting Batch 351
2026-01-23 03:39:49,807 [INFO] [Rank 0] Batch 351: Training Step Start
2026-01-23 03:39:49,820 [INFO] [Rank 1] Batch 351: Training Step Start
2026-01-23 03:39:49,831 [INFO] [Rank 0] Batch 351: Forward Start
2026-01-23 03:39:49,843 [INFO] [Rank 1] Batch 351: Forward Start
2026-01-23 03:39:49,957 [INFO] [Rank 0] Batch 351: Forward End (0.102s)
2026-01-23 03:39:49,967 [INFO] [Rank 1] Batch 351: Forward End (0.102s)
2026-01-23 03:39:50,124 [DEBUG] [Profile] batch_gap: 112.8ms, forward: 102.4ms, GPU_mem: 32.8GB (avg over 4 steps)
2026-01-23 03:39:50,133 [INFO] [Rank 0] Batch 351: Returning Loss
2026-01-23 03:39:50,135 [DEBUG] [Profile] batch_gap: 123.3ms, forward: 102.3ms, GPU_mem: 32.8GB (avg over 4 steps)
2026-01-23 03:39:50,148 [INFO] [Rank 0] Backward Pass - Start (DDP Sync happens here)
2026-01-23 03:39:50,156 [INFO] [Rank 1] Batch 351: Returning Loss
2026-01-23 03:39:50,282 [INFO] [Rank 1] Backward Pass - Start (DDP Sync happens here)
2026-01-23 03:39:50,929 [INFO] [Rank 1] Backward Pass - End
2026-01-23 03:39:50,928 [INFO] [Rank 0] Backward Pass - End
2026-01-23 03:39:51,101 [INFO] [Rank 1] Optimizer Step - Start
2026-01-23 03:39:51,175 [INFO] [Rank 0] Optimizer Step - Start
2026-01-23 03:39:51,333 [INFO] [Rank 0] Finished Batch 351
2026-01-23 03:39:51,333 [INFO] [Rank 1] Finished Batch 351
2026-01-23 03:39:51,395 [INFO] [Rank 0] Starting Batch 352
2026-01-23 03:39:51,404 [INFO] [Rank 1] Starting Batch 352
2026-01-23 03:39:51,454 [INFO] [Rank 0] Batch 352: Training Step Start
2026-01-23 03:39:51,470 [INFO] [Rank 1] Batch 352: Training Step Start
2026-01-23 03:39:51,478 [INFO] [Rank 0] Batch 352: Forward Start
2026-01-23 03:39:51,489 [INFO] [Rank 1] Batch 352: Forward Start
2026-01-23 03:39:51,599 [INFO] [Rank 0] Batch 352: Forward End (0.102s)
2026-01-23 03:39:51,645 [INFO] [Rank 0] Batch 352: Returning Loss
2026-01-23 03:39:51,654 [INFO] [Rank 0] Optimizer Step (Zero Grad) - Start
2026-01-23 03:39:51,661 [INFO] [Rank 1] Batch 352: Forward End (0.102s)
2026-01-23 03:39:51,712 [INFO] [Rank 0] Backward Pass - Start (DDP Sync happens here)
2026-01-23 03:39:51,731 [INFO] [Rank 1] Batch 352: Returning Loss
2026-01-23 03:39:51,748 [INFO] [Rank 1] Optimizer Step (Zero Grad) - Start
2026-01-23 03:39:51,808 [INFO] [Rank 1] Backward Pass - Start (DDP Sync happens here)
2026-01-23 03:39:52,175 [INFO] [Rank 0] Backward Pass - End
2026-01-23 03:39:52,237 [INFO] [Rank 1] Backward Pass - End
2026-01-23 03:39:52,512 [INFO] [Rank 0] Finished Batch 352
2026-01-23 03:39:52,513 [INFO] [Rank 1] Finished Batch 352
2026-01-23 03:39:52,579 [INFO] [Rank 0] Starting Batch 353
2026-01-23 03:39:52,590 [INFO] [Rank 1] Starting Batch 353
2026-01-23 03:39:52,603 [INFO] [Rank 0] Batch 353: Training Step Start
2026-01-23 03:39:52,656 [INFO] [Rank 1] Batch 353: Training Step Start
2026-01-23 03:39:52,671 [INFO] [Rank 0] Batch 353: Forward Start
2026-01-23 03:39:52,687 [INFO] [Rank 1] Batch 353: Forward Start
2026-01-23 03:39:52,844 [INFO] [Rank 0] Batch 353: Forward End (0.102s)
2026-01-23 03:39:52,855 [INFO] [Rank 1] Batch 353: Forward End (0.102s)
2026-01-23 03:39:52,860 [INFO] [Rank 0] Batch 353: Returning Loss
2026-01-23 03:39:52,875 [INFO] [Rank 1] Batch 353: Returning Loss
2026-01-23 03:39:52,920 [INFO] [Rank 0] Backward Pass - Start (DDP Sync happens here)
2026-01-23 03:39:52,928 [INFO] [Rank 1] Backward Pass - Start (DDP Sync happens here)
2026-01-23 03:39:53,421 [INFO] [Rank 0] Backward Pass - End
2026-01-23 03:39:53,433 [INFO] [Rank 1] Backward Pass - End
2026-01-23 03:39:53,906 [INFO] [Rank 0] Finished Batch 353
2026-01-23 03:39:53,906 [INFO] [Rank 1] Finished Batch 353
2026-01-23 03:39:53,974 [INFO] [Rank 0] Starting Batch 354
2026-01-23 03:39:53,995 [INFO] [Rank 1] Starting Batch 354
2026-01-23 03:39:54,039 [INFO] [Rank 0] Batch 354: Training Step Start
2026-01-23 03:39:54,095 [INFO] [Rank 1] Batch 354: Training Step Start
2026-01-23 03:39:54,105 [INFO] [Rank 0] Batch 354: Forward Start
2026-01-23 03:39:54,130 [INFO] [Rank 1] Batch 354: Forward Start
2026-01-23 03:39:54,256 [INFO] [Rank 0] Batch 354: Forward End (0.102s)
2026-01-23 03:39:54,320 [INFO] [Rank 1] Batch 354: Forward End (0.102s)
2026-01-23 03:39:54,324 [INFO] [Rank 0] Batch 354: Returning Loss
2026-01-23 03:39:54,334 [INFO] [Rank 1] Batch 354: Returning Loss
2026-01-23 03:39:54,348 [INFO] [Rank 0] Backward Pass - Start (DDP Sync happens here)
2026-01-23 03:39:54,401 [INFO] [Rank 1] Backward Pass - Start (DDP Sync happens here)
2026-01-23 03:39:54,833 [INFO] [Rank 0] Backward Pass - End
2026-01-23 03:39:54,912 [INFO] [Rank 1] Backward Pass - End
2026-01-23 03:39:55,310 [INFO] [Rank 0] Finished Batch 354
2026-01-23 03:39:55,310 [INFO] [Rank 1] Finished Batch 354
2026-01-23 03:39:55,377 [INFO] [Rank 0] Starting Batch 355
2026-01-23 03:39:55,393 [INFO] [Rank 1] Starting Batch 355
2026-01-23 03:39:55,437 [INFO] [Rank 0] Batch 355: Training Step Start
2026-01-23 03:39:55,446 [INFO] [Rank 1] Batch 355: Training Step Start
2026-01-23 03:39:55,459 [INFO] [Rank 0] Batch 355: Forward Start
2026-01-23 03:39:55,471 [INFO] [Rank 1] Batch 355: Forward Start
2026-01-23 03:39:55,652 [INFO] [Rank 0] Batch 355: Forward End (0.102s)
2026-01-23 03:39:55,667 [INFO] [Rank 1] Batch 355: Forward End (0.102s)
2026-01-23 03:39:55,808 [INFO] [Worker 0] Yielded sample 6800 from /storage/slurm/hunecke/fakesync/data/voxceleb2/preprocessed/shards_train/shard_0149.pt
2026-01-23 03:39:55,820 [DEBUG] [Profile] batch_gap: 117.4ms, forward: 102.1ms, GPU_mem: 32.8GB (avg over 4 steps)
2026-01-23 03:39:55,833 [INFO] [Worker 0] Yielded sample 6800 from /storage/slurm/hunecke/fakesync/data/voxceleb2/preprocessed/shards_train/shard_0052.pt
2026-01-23 03:39:55,835 [DEBUG] [Profile] batch_gap: 150.4ms, forward: 102.2ms, GPU_mem: 32.8GB (avg over 4 steps)
2026-01-23 03:39:55,896 [INFO] [Rank 0] Batch 355: Returning Loss
2026-01-23 03:39:55,947 [INFO] [Rank 1] Batch 355: Returning Loss
2026-01-23 03:39:55,957 [INFO] [Rank 0] Backward Pass - Start (DDP Sync happens here)
2026-01-23 03:39:56,009 [INFO] [Rank 1] Backward Pass - Start (DDP Sync happens here)
2026-01-23 03:39:56,432 [INFO] [Rank 0] Backward Pass - End
2026-01-23 03:39:56,466 [INFO] [Rank 1] Backward Pass - End
2026-01-23 03:39:56,764 [INFO] [Rank 0] Finished Batch 355
2026-01-23 03:39:56,764 [INFO] [Rank 1] Finished Batch 355
2026-01-23 03:39:56,781 [INFO] [Rank 0] Starting Batch 356
2026-01-23 03:39:56,837 [INFO] [Rank 1] Starting Batch 356
2026-01-23 03:39:56,877 [INFO] [Rank 0] Batch 356: Training Step Start
2026-01-23 03:39:56,886 [INFO] [Rank 1] Batch 356: Training Step Start
2026-01-23 03:39:56,944 [INFO] [Rank 0] Batch 356: Forward Start
2026-01-23 03:39:56,952 [INFO] [Rank 1] Batch 356: Forward Start
2026-01-23 03:39:57,065 [INFO] [Rank 0] Batch 356: Forward End (0.102s)
2026-01-23 03:39:57,110 [INFO] [Rank 0] Batch 356: Returning Loss
2026-01-23 03:39:57,161 [INFO] [Rank 1] Batch 356: Forward End (0.103s)
2026-01-23 03:39:57,170 [INFO] [Rank 0] Backward Pass - Start (DDP Sync happens here)
2026-01-23 03:39:57,210 [INFO] [Rank 1] Batch 356: Returning Loss
2026-01-23 03:39:57,276 [INFO] [Rank 1] Backward Pass - Start (DDP Sync happens here)
2026-01-23 03:39:57,643 [INFO] [Rank 0] Backward Pass - End
2026-01-23 03:39:57,739 [INFO] [Rank 1] Backward Pass - End
2026-01-23 03:39:57,936 [INFO] [Rank 0] Finished Batch 356
2026-01-23 03:39:57,936 [INFO] [Rank 1] Finished Batch 356
2026-01-23 03:39:57,954 [INFO] [Rank 0] Starting Batch 357
2026-01-23 03:39:57,969 [INFO] [Rank 1] Starting Batch 357
2026-01-23 03:39:57,978 [INFO] [Rank 0] Batch 357: Training Step Start
2026-01-23 03:39:57,992 [INFO] [Rank 1] Batch 357: Training Step Start
2026-01-23 03:39:58,003 [INFO] [Rank 0] Batch 357: Forward Start
2026-01-23 03:39:58,016 [INFO] [Rank 1] Batch 357: Forward Start
2026-01-23 03:39:58,129 [INFO] [Rank 0] Batch 357: Forward End (0.102s)
2026-01-23 03:39:58,140 [INFO] [Rank 1] Batch 357: Forward End (0.102s)
2026-01-23 03:39:58,197 [INFO] [Rank 0] Batch 357: Returning Loss
2026-01-23 03:39:58,215 [INFO] [Rank 1] Batch 357: Returning Loss
2026-01-23 03:39:58,258 [INFO] [Rank 0] Backward Pass - Start (DDP Sync happens here)
2026-01-23 03:39:58,293 [INFO] [Rank 1] Backward Pass - Start (DDP Sync happens here)
2026-01-23 03:39:58,823 [INFO] [Rank 0] Backward Pass - End
2026-01-23 03:39:58,889 [INFO] [Rank 1] Backward Pass - End
2026-01-23 03:39:59,292 [INFO] [Rank 0] Finished Batch 357
2026-01-23 03:39:59,292 [INFO] [Rank 1] Finished Batch 357
2026-01-23 03:39:59,306 [INFO] [Rank 0] Starting Batch 358
2026-01-23 03:39:59,314 [INFO] [Rank 1] Starting Batch 358
2026-01-23 03:39:59,350 [INFO] [Rank 0] Batch 358: Training Step Start
2026-01-23 03:39:59,447 [INFO] [Rank 1] Batch 358: Training Step Start
2026-01-23 03:39:59,460 [INFO] [Rank 0] Batch 358: Forward Start
2026-01-23 03:39:59,500 [INFO] [Rank 1] Batch 358: Forward Start
2026-01-23 03:39:59,667 [INFO] [Rank 0] Batch 358: Forward End (0.102s)
2026-01-23 03:39:59,682 [INFO] [Rank 1] Batch 358: Forward End (0.102s)
2026-01-23 03:39:59,718 [INFO] [Rank 0] Batch 358: Returning Loss
2026-01-23 03:39:59,727 [INFO] [Rank 1] Batch 358: Returning Loss
2026-01-23 03:39:59,747 [INFO] [Rank 0] Backward Pass - Start (DDP Sync happens here)
2026-01-23 03:39:59,757 [INFO] [Rank 1] Backward Pass - Start (DDP Sync happens here)
2026-01-23 03:40:00,276 [INFO] [Rank 0] Backward Pass - End
2026-01-23 03:40:00,288 [INFO] [Rank 1] Backward Pass - End
2026-01-23 03:40:00,684 [INFO] [Rank 0] Finished Batch 358
2026-01-23 03:40:00,685 [INFO] [Rank 1] Finished Batch 358
2026-01-23 03:40:00,727 [INFO] [Rank 0] Starting Batch 359
2026-01-23 03:40:00,789 [INFO] [Rank 1] Starting Batch 359
2026-01-23 03:40:00,829 [INFO] [Rank 0] Batch 359: Training Step Start
2026-01-23 03:40:00,890 [INFO] [Rank 1] Batch 359: Training Step Start
2026-01-23 03:40:00,902 [INFO] [Rank 0] Batch 359: Forward Start
2026-01-23 03:40:00,942 [INFO] [Rank 1] Batch 359: Forward Start
2026-01-23 03:40:01,052 [INFO] [Rank 0] Batch 359: Forward End (0.102s)
2026-01-23 03:40:01,113 [INFO] [Rank 1] Batch 359: Forward End (0.102s)
2026-01-23 03:40:01,220 [DEBUG] [Profile] batch_gap: 88.8ms, forward: 102.0ms, GPU_mem: 32.8GB (avg over 4 steps)
2026-01-23 03:40:01,232 [INFO] [Rank 0] Batch 359: Returning Loss
2026-01-23 03:40:01,281 [DEBUG] [Profile] batch_gap: 134.1ms, forward: 102.3ms, GPU_mem: 32.8GB (avg over 4 steps)
2026-01-23 03:40:01,353 [INFO] [Rank 0] Backward Pass - Start (DDP Sync happens here)
2026-01-23 03:40:01,360 [INFO] [Rank 1] Batch 359: Returning Loss
2026-01-23 03:40:01,427 [INFO] [Rank 1] Backward Pass - Start (DDP Sync happens here)
2026-01-23 03:40:02,006 [INFO] [Rank 1] Backward Pass - End
2026-01-23 03:40:02,007 [INFO] [Rank 0] Backward Pass - End
2026-01-23 03:40:02,080 [INFO] [Rank 1] Optimizer Step - Start
2026-01-23 03:40:02,128 [INFO] [Rank 0] Optimizer Step - Start
2026-01-23 03:40:02,289 [INFO] [Rank 0] Finished Batch 359
2026-01-23 03:40:02,289 [INFO] [Rank 1] Finished Batch 359
2026-01-23 03:40:02,311 [INFO] [Rank 0] Starting Batch 360
2026-01-23 03:40:02,322 [INFO] [Rank 1] Starting Batch 360
2026-01-23 03:40:02,329 [INFO] [Rank 0] Batch 360: Training Step Start
2026-01-23 03:40:02,390 [INFO] [Rank 1] Batch 360: Training Step Start
2026-01-23 03:40:02,421 [INFO] [Rank 0] Batch 360: Forward Start
2026-01-23 03:40:02,432 [INFO] [Rank 1] Batch 360: Forward Start
2026-01-23 03:40:02,549 [INFO] [Rank 0] Batch 360: Forward End (0.102s)
2026-01-23 03:40:02,559 [INFO] [Rank 1] Batch 360: Forward End (0.102s)
2026-01-23 03:40:02,613 [INFO] [Rank 0] Batch 360: Returning Loss
2026-01-23 03:40:02,649 [INFO] [Rank 1] Batch 360: Returning Loss
2026-01-23 03:40:02,696 [INFO] [Rank 0] Optimizer Step (Zero Grad) - Start
2026-01-23 03:40:02,705 [INFO] [Rank 1] Optimizer Step (Zero Grad) - Start
2026-01-23 03:40:02,743 [INFO] [Rank 0] Backward Pass - Start (DDP Sync happens here)
2026-01-23 03:40:02,754 [INFO] [Rank 1] Backward Pass - Start (DDP Sync happens here)
2026-01-23 03:40:02,806 [INFO] [Worker 0] Yielded sample 6900 from /storage/slurm/hunecke/fakesync/data/voxceleb2/preprocessed/shards_train/shard_0149.pt
2026-01-23 03:40:02,848 [INFO] [Worker 0] Yielded sample 6900 from /storage/slurm/hunecke/fakesync/data/voxceleb2/preprocessed/shards_train/shard_0052.pt
2026-01-23 03:40:03,225 [INFO] [Rank 0] Backward Pass - End
2026-01-23 03:40:03,263 [INFO] [Rank 1] Backward Pass - End
2026-01-23 03:40:03,517 [INFO] [Rank 0] Finished Batch 360
2026-01-23 03:40:03,517 [INFO] [Rank 1] Finished Batch 360
2026-01-23 03:40:03,527 [INFO] [Rank 0] Starting Batch 361
2026-01-23 03:40:03,550 [INFO] [Rank 1] Starting Batch 361
2026-01-23 03:40:03,565 [INFO] [Rank 0] Batch 361: Training Step Start
2026-01-23 03:40:03,576 [INFO] [Rank 1] Batch 361: Training Step Start
2026-01-23 03:40:03,587 [INFO] [Rank 0] Batch 361: Forward Start
2026-01-23 03:40:03,598 [INFO] [Rank 1] Batch 361: Forward Start
2026-01-23 03:40:03,711 [INFO] [Rank 0] Batch 361: Forward End (0.102s)
2026-01-23 03:40:03,728 [INFO] [Rank 1] Batch 361: Forward End (0.102s)
2026-01-23 03:40:03,734 [INFO] [Rank 0] Batch 361: Returning Loss
2026-01-23 03:40:03,745 [INFO] [Rank 1] Batch 361: Returning Loss
2026-01-23 03:40:03,751 [INFO] [Rank 0] Backward Pass - Start (DDP Sync happens here)
2026-01-23 03:40:03,884 [INFO] [Rank 1] Backward Pass - Start (DDP Sync happens here)
2026-01-23 03:40:04,317 [INFO] [Rank 0] Backward Pass - End
2026-01-23 03:40:04,330 [INFO] [Rank 1] Backward Pass - End
2026-01-23 03:40:04,716 [INFO] [Rank 0] Finished Batch 361
2026-01-23 03:40:04,716 [INFO] [Rank 1] Finished Batch 361
2026-01-23 03:40:04,767 [INFO] [Rank 0] Starting Batch 362
2026-01-23 03:40:04,799 [INFO] [Rank 1] Starting Batch 362
2026-01-23 03:40:04,856 [INFO] [Rank 0] Batch 362: Training Step Start
2026-01-23 03:40:04,919 [INFO] [Rank 1] Batch 362: Training Step Start
2026-01-23 03:40:04,932 [INFO] [Rank 0] Batch 362: Forward Start
2026-01-23 03:40:04,964 [INFO] [Rank 1] Batch 362: Forward Start
2026-01-23 03:40:05,112 [INFO] [Rank 0] Batch 362: Forward End (0.102s)
2026-01-23 03:40:05,122 [INFO] [Rank 1] Batch 362: Forward End (0.102s)
2026-01-23 03:40:05,136 [INFO] [Rank 0] Batch 362: Returning Loss
2026-01-23 03:40:05,160 [INFO] [Rank 1] Batch 362: Returning Loss
2026-01-23 03:40:05,164 [INFO] [Rank 0] Backward Pass - Start (DDP Sync happens here)
2026-01-23 03:40:05,236 [INFO] [Rank 1] Backward Pass - Start (DDP Sync happens here)
2026-01-23 03:40:05,689 [INFO] [Rank 0] Backward Pass - End
2026-01-23 03:40:05,700 [INFO] [Rank 1] Backward Pass - End
2026-01-23 03:40:06,212 [INFO] [Rank 0] Finished Batch 362
2026-01-23 03:40:06,213 [INFO] [Rank 1] Finished Batch 362
2026-01-23 03:40:06,263 [INFO] [Rank 0] Starting Batch 363
2026-01-23 03:40:06,271 [INFO] [Rank 1] Starting Batch 363
2026-01-23 03:40:06,282 [INFO] [Rank 0] Batch 363: Training Step Start
2026-01-23 03:40:06,313 [INFO] [Rank 1] Batch 363: Training Step Start
2026-01-23 03:40:06,398 [INFO] [Rank 0] Batch 363: Forward Start
2026-01-23 03:40:06,416 [INFO] [Rank 1] Batch 363: Forward Start
2026-01-23 03:40:06,550 [INFO] [Rank 0] Batch 363: Forward End (0.102s)
2026-01-23 03:40:06,599 [INFO] [Rank 1] Batch 363: Forward End (0.102s)
2026-01-23 03:40:06,717 [DEBUG] [Profile] batch_gap: 73.9ms, forward: 102.0ms, GPU_mem: 32.8GB (avg over 4 steps)
2026-01-23 03:40:06,728 [INFO] [Rank 0] Batch 363: Returning Loss
2026-01-23 03:40:06,738 [INFO] [Rank 0] Backward Pass - Start (DDP Sync happens here)
2026-01-23 03:40:06,767 [DEBUG] [Profile] batch_gap: 114.8ms, forward: 102.3ms, GPU_mem: 32.8GB (avg over 4 steps)
2026-01-23 03:40:06,795 [INFO] [Rank 1] Batch 363: Returning Loss
2026-01-23 03:40:06,805 [INFO] [Rank 1] Backward Pass - Start (DDP Sync happens here)
2026-01-23 03:40:07,163 [INFO] [Rank 0] Backward Pass - End
2026-01-23 03:40:07,227 [INFO] [Rank 1] Backward Pass - End
2026-01-23 03:40:07,683 [INFO] [Rank 0] Finished Batch 363
2026-01-23 03:40:07,684 [INFO] [Rank 1] Finished Batch 363
2026-01-23 03:40:07,755 [INFO] [Rank 0] Starting Batch 364
2026-01-23 03:40:07,781 [INFO] [Rank 1] Starting Batch 364
2026-01-23 03:40:07,831 [INFO] [Rank 0] Batch 364: Training Step Start
2026-01-23 03:40:07,841 [INFO] [Rank 1] Batch 364: Training Step Start
2026-01-23 03:40:07,849 [INFO] [Rank 0] Batch 364: Forward Start
2026-01-23 03:40:07,896 [INFO] [Rank 1] Batch 364: Forward Start
2026-01-23 03:40:08,012 [INFO] [Rank 0] Batch 364: Forward End (0.104s)
2026-01-23 03:40:08,028 [INFO] [Rank 1] Batch 364: Forward End (0.107s)
2026-01-23 03:40:08,077 [INFO] [Rank 0] Batch 364: Returning Loss
2026-01-23 03:40:08,107 [INFO] [Rank 0] Backward Pass - Start (DDP Sync happens here)
2026-01-23 03:40:08,110 [INFO] [Rank 1] Batch 364: Returning Loss
2026-01-23 03:40:08,136 [INFO] [Rank 1] Backward Pass - Start (DDP Sync happens here)
2026-01-23 03:40:08,587 [INFO] [Rank 0] Backward Pass - End
2026-01-23 03:40:08,620 [INFO] [Rank 1] Backward Pass - End
2026-01-23 03:40:09,052 [INFO] [Rank 0] Finished Batch 364
2026-01-23 03:40:09,052 [INFO] [Rank 1] Finished Batch 364
2026-01-23 03:40:09,065 [INFO] [Rank 0] Starting Batch 365
2026-01-23 03:40:09,109 [INFO] [Rank 1] Starting Batch 365
2026-01-23 03:40:09,169 [INFO] [Rank 0] Batch 365: Training Step Start
2026-01-23 03:40:09,177 [INFO] [Rank 1] Batch 365: Training Step Start
2026-01-23 03:40:09,222 [INFO] [Rank 0] Batch 365: Forward Start
2026-01-23 03:40:09,232 [INFO] [Rank 1] Batch 365: Forward Start
2026-01-23 03:40:09,394 [INFO] [Rank 0] Batch 365: Forward End (0.102s)
2026-01-23 03:40:09,430 [INFO] [Rank 1] Batch 365: Forward End (0.102s)
2026-01-23 03:40:09,434 [INFO] [Rank 0] Batch 365: Returning Loss
2026-01-23 03:40:09,483 [INFO] [Rank 1] Batch 365: Returning Loss
2026-01-23 03:40:09,489 [INFO] [Rank 0] Backward Pass - Start (DDP Sync happens here)
2026-01-23 03:40:09,517 [INFO] [Rank 1] Backward Pass - Start (DDP Sync happens here)
2026-01-23 03:40:09,665 [INFO] [Worker 0] Yielded sample 7000 from /storage/slurm/hunecke/fakesync/data/voxceleb2/preprocessed/shards_train/shard_0149.pt
2026-01-23 03:40:09,676 [INFO] [Worker 0] Yielded sample 7000 from /storage/slurm/hunecke/fakesync/data/voxceleb2/preprocessed/shards_train/shard_0052.pt
2026-01-23 03:40:09,971 [INFO] [Rank 0] Backward Pass - End
2026-01-23 03:40:10,008 [INFO] [Rank 1] Backward Pass - End
2026-01-23 03:40:10,313 [INFO] [Rank 0] Finished Batch 365
2026-01-23 03:40:10,313 [INFO] [Rank 1] Finished Batch 365
2026-01-23 03:40:10,325 [INFO] [Rank 0] Starting Batch 366
2026-01-23 03:40:10,337 [INFO] [Rank 1] Starting Batch 366
2026-01-23 03:40:10,346 [INFO] [Rank 0] Batch 366: Training Step Start
2026-01-23 03:40:10,356 [INFO] [Rank 1] Batch 366: Training Step Start
2026-01-23 03:40:10,365 [INFO] [Rank 0] Batch 366: Forward Start
2026-01-23 03:40:10,382 [INFO] [Rank 1] Batch 366: Forward Start
2026-01-23 03:40:10,494 [INFO] [Rank 0] Batch 366: Forward End (0.102s)
2026-01-23 03:40:10,505 [INFO] [Rank 1] Batch 366: Forward End (0.102s)
2026-01-23 03:40:10,519 [INFO] [Rank 0] Batch 366: Returning Loss
2026-01-23 03:40:10,526 [INFO] [Rank 1] Batch 366: Returning Loss
2026-01-23 03:40:10,608 [INFO] [Rank 0] Backward Pass - Start (DDP Sync happens here)
2026-01-23 03:40:10,620 [INFO] [Rank 1] Backward Pass - Start (DDP Sync happens here)
2026-01-23 03:40:11,086 [INFO] [Rank 0] Backward Pass - End
2026-01-23 03:40:11,134 [INFO] [Rank 1] Backward Pass - End
2026-01-23 03:40:11,204 [INFO] [Rank 0] Finished Batch 366
2026-01-23 03:40:11,242 [INFO] [Rank 1] Finished Batch 366
2026-01-23 03:40:11,726 [INFO] [Rank 0] Starting Batch 367
2026-01-23 03:40:11,737 [INFO] [Rank 1] Starting Batch 367
2026-01-23 03:40:11,748 [INFO] [Rank 0] Batch 367: Training Step Start
2026-01-23 03:40:11,755 [INFO] [Rank 1] Batch 367: Training Step Start
2026-01-23 03:40:11,766 [INFO] [Rank 0] Batch 367: Forward Start
2026-01-23 03:40:11,812 [INFO] [Rank 1] Batch 367: Forward Start
2026-01-23 03:40:11,922 [INFO] [Rank 0] Batch 367: Forward End (0.102s)
2026-01-23 03:40:11,931 [INFO] [Rank 1] Batch 367: Forward End (0.102s)
2026-01-23 03:40:12,090 [DEBUG] [Profile] batch_gap: 209.3ms, forward: 102.7ms, GPU_mem: 32.8GB (avg over 4 steps)
2026-01-23 03:40:12,099 [DEBUG] [Profile] batch_gap: 208.7ms, forward: 103.4ms, GPU_mem: 32.8GB (avg over 4 steps)
2026-01-23 03:40:12,123 [INFO] [Rank 0] Batch 367: Returning Loss
2026-01-23 03:40:12,137 [INFO] [Rank 1] Batch 367: Returning Loss
2026-01-23 03:40:12,156 [INFO] [Rank 0] Backward Pass - Start (DDP Sync happens here)
2026-01-23 03:40:12,173 [INFO] [Rank 1] Backward Pass - Start (DDP Sync happens here)
2026-01-23 03:40:12,886 [INFO] [Rank 1] Backward Pass - End
2026-01-23 03:40:12,885 [INFO] [Rank 0] Backward Pass - End
2026-01-23 03:40:13,099 [INFO] [Rank 1] Optimizer Step - Start
2026-01-23 03:40:13,108 [INFO] [Rank 0] Optimizer Step - Start
2026-01-23 03:40:13,227 [INFO] [Rank 0] Finished Batch 367
2026-01-23 03:40:13,228 [INFO] [Rank 1] Finished Batch 367
2026-01-23 03:40:13,267 [INFO] [Rank 0] Starting Batch 368
2026-01-23 03:40:13,278 [INFO] [Rank 1] Starting Batch 368
2026-01-23 03:40:13,285 [INFO] [Rank 0] Batch 368: Training Step Start
2026-01-23 03:40:13,295 [INFO] [Rank 1] Batch 368: Training Step Start
2026-01-23 03:40:13,333 [INFO] [Rank 0] Batch 368: Forward Start
2026-01-23 03:40:13,342 [INFO] [Rank 1] Batch 368: Forward Start
2026-01-23 03:40:13,481 [INFO] [Rank 0] Batch 368: Forward End (0.102s)
2026-01-23 03:40:13,494 [INFO] [Rank 1] Batch 368: Forward End (0.102s)
2026-01-23 03:40:13,500 [INFO] [Rank 0] Batch 368: Returning Loss
2026-01-23 03:40:13,543 [INFO] [Rank 1] Batch 368: Returning Loss
2026-01-23 03:40:13,550 [INFO] [Rank 0] Optimizer Step (Zero Grad) - Start
2026-01-23 03:40:13,561 [INFO] [Rank 1] Optimizer Step (Zero Grad) - Start
2026-01-23 03:40:13,569 [INFO] [Rank 0] Backward Pass - Start (DDP Sync happens here)
2026-01-23 03:40:13,581 [INFO] [Rank 1] Backward Pass - Start (DDP Sync happens here)
2026-01-23 03:40:14,057 [INFO] [Rank 0] Backward Pass - End
2026-01-23 03:40:14,071 [INFO] [Rank 1] Backward Pass - End
2026-01-23 03:40:14,525 [INFO] [Rank 0] Finished Batch 368
2026-01-23 03:40:14,525 [INFO] [Rank 1] Finished Batch 368
2026-01-23 03:40:14,543 [INFO] [Rank 0] Starting Batch 369
2026-01-23 03:40:14,559 [INFO] [Rank 1] Starting Batch 369
2026-01-23 03:40:14,617 [INFO] [Rank 0] Batch 369: Training Step Start
2026-01-23 03:40:14,634 [INFO] [Rank 1] Batch 369: Training Step Start
2026-01-23 03:40:14,643 [INFO] [Rank 0] Batch 369: Forward Start
2026-01-23 03:40:14,655 [INFO] [Rank 1] Batch 369: Forward Start
2026-01-23 03:40:14,767 [INFO] [Rank 0] Batch 369: Forward End (0.102s)
2026-01-23 03:40:14,776 [INFO] [Rank 1] Batch 369: Forward End (0.102s)
2026-01-23 03:40:14,783 [INFO] [Rank 0] Batch 369: Returning Loss
2026-01-23 03:40:14,792 [INFO] [Rank 1] Batch 369: Returning Loss
2026-01-23 03:40:14,801 [INFO] [Rank 0] Backward Pass - Start (DDP Sync happens here)
2026-01-23 03:40:14,811 [INFO] [Rank 1] Backward Pass - Start (DDP Sync happens here)
2026-01-23 03:40:15,344 [INFO] [Rank 0] Backward Pass - End
2026-01-23 03:40:15,354 [INFO] [Rank 1] Backward Pass - End
2026-01-23 03:40:15,888 [INFO] [Rank 0] Finished Batch 369
2026-01-23 03:40:15,889 [INFO] [Rank 1] Finished Batch 369
2026-01-23 03:40:15,946 [INFO] [Rank 0] Starting Batch 370
2026-01-23 03:40:15,982 [INFO] [Rank 1] Starting Batch 370
2026-01-23 03:40:15,991 [INFO] [Rank 0] Batch 370: Training Step Start
2026-01-23 03:40:16,006 [INFO] [Rank 1] Batch 370: Training Step Start
2026-01-23 03:40:16,015 [INFO] [Rank 0] Batch 370: Forward Start
2026-01-23 03:40:16,129 [INFO] [Rank 1] Batch 370: Forward Start
2026-01-23 03:40:16,240 [INFO] [Rank 0] Batch 370: Forward End (0.102s)
2026-01-23 03:40:16,253 [INFO] [Rank 1] Batch 370: Forward End (0.102s)
2026-01-23 03:40:16,257 [INFO] [Rank 0] Batch 370: Returning Loss
2026-01-23 03:40:16,311 [INFO] [Rank 1] Batch 370: Returning Loss
2026-01-23 03:40:16,337 [INFO] [Rank 0] Backward Pass - Start (DDP Sync happens here)
2026-01-23 03:40:16,382 [INFO] [Rank 1] Backward Pass - Start (DDP Sync happens here)
2026-01-23 03:40:16,629 [INFO] [Worker 0] Yielded sample 7100 from /storage/slurm/hunecke/fakesync/data/voxceleb2/preprocessed/shards_train/shard_0149.pt
2026-01-23 03:40:16,643 [INFO] [Worker 0] Yielded sample 7100 from /storage/slurm/hunecke/fakesync/data/voxceleb2/preprocessed/shards_train/shard_0052.pt
2026-01-23 03:40:16,818 [INFO] [Rank 0] Backward Pass - End
2026-01-23 03:40:16,831 [INFO] [Rank 1] Backward Pass - End
2026-01-23 03:40:17,253 [INFO] [Rank 0] Finished Batch 370
2026-01-23 03:40:17,253 [INFO] [Rank 1] Finished Batch 370
2026-01-23 03:40:17,264 [INFO] [Rank 0] Starting Batch 371
2026-01-23 03:40:17,283 [INFO] [Rank 1] Starting Batch 371
2026-01-23 03:40:17,298 [INFO] [Rank 0] Batch 371: Training Step Start
2026-01-23 03:40:17,312 [INFO] [Rank 1] Batch 371: Training Step Start
2026-01-23 03:40:17,322 [INFO] [Rank 0] Batch 371: Forward Start
2026-01-23 03:40:17,334 [INFO] [Rank 1] Batch 371: Forward Start
2026-01-23 03:40:17,446 [INFO] [Rank 0] Batch 371: Forward End (0.102s)
2026-01-23 03:40:17,458 [INFO] [Rank 1] Batch 371: Forward End (0.102s)
2026-01-23 03:40:17,614 [DEBUG] [Profile] batch_gap: 73.9ms, forward: 102.1ms, GPU_mem: 32.8GB (avg over 4 steps)
2026-01-23 03:40:17,626 [DEBUG] [Profile] batch_gap: 87.4ms, forward: 102.3ms, GPU_mem: 32.8GB (avg over 4 steps)
2026-01-23 03:40:17,676 [INFO] [Rank 0] Batch 371: Returning Loss
2026-01-23 03:40:17,711 [INFO] [Rank 1] Batch 371: Returning Loss
2026-01-23 03:40:17,724 [INFO] [Rank 0] Backward Pass - Start (DDP Sync happens here)
2026-01-23 03:40:17,736 [INFO] [Rank 1] Backward Pass - Start (DDP Sync happens here)
2026-01-23 03:40:18,166 [INFO] [Rank 0] Backward Pass - End
2026-01-23 03:40:18,249 [INFO] [Rank 1] Backward Pass - End
2026-01-23 03:40:18,600 [INFO] [Rank 0] Finished Batch 371
2026-01-23 03:40:18,600 [INFO] [Rank 1] Finished Batch 371
2026-01-23 03:40:18,630 [INFO] [Rank 0] Starting Batch 372
2026-01-23 03:40:18,640 [INFO] [Rank 1] Starting Batch 372
2026-01-23 03:40:18,656 [INFO] [Rank 0] Batch 372: Training Step Start
2026-01-23 03:40:18,665 [INFO] [Rank 1] Batch 372: Training Step Start
2026-01-23 03:40:18,700 [INFO] [Rank 0] Batch 372: Forward Start
2026-01-23 03:40:18,712 [INFO] [Rank 1] Batch 372: Forward Start
2026-01-23 03:40:18,873 [INFO] [Rank 0] Batch 372: Forward End (0.102s)
2026-01-23 03:40:18,901 [INFO] [Rank 0] Batch 372: Returning Loss
2026-01-23 03:40:18,906 [INFO] [Rank 1] Batch 372: Forward End (0.102s)
2026-01-23 03:40:18,963 [INFO] [Rank 0] Backward Pass - Start (DDP Sync happens here)
2026-01-23 03:40:19,007 [INFO] [Rank 1] Batch 372: Returning Loss
2026-01-23 03:40:19,066 [INFO] [Rank 1] Backward Pass - Start (DDP Sync happens here)
2026-01-23 03:40:19,451 [INFO] [Rank 0] Backward Pass - End
2026-01-23 03:40:19,498 [INFO] [Rank 1] Backward Pass - End
2026-01-23 03:40:19,897 [INFO] [Rank 0] Finished Batch 372
2026-01-23 03:40:19,897 [INFO] [Rank 1] Finished Batch 372
2026-01-23 03:40:19,970 [INFO] [Rank 0] Starting Batch 373
2026-01-23 03:40:19,980 [INFO] [Rank 1] Starting Batch 373
2026-01-23 03:40:20,044 [INFO] [Rank 0] Batch 373: Training Step Start
2026-01-23 03:40:20,102 [INFO] [Rank 1] Batch 373: Training Step Start
2026-01-23 03:40:20,159 [INFO] [Rank 0] Batch 373: Forward Start
2026-01-23 03:40:20,172 [INFO] [Rank 1] Batch 373: Forward Start
2026-01-23 03:40:20,292 [INFO] [Rank 0] Batch 373: Forward End (0.102s)
2026-01-23 03:40:20,300 [INFO] [Rank 1] Batch 373: Forward End (0.102s)
2026-01-23 03:40:20,339 [INFO] [Rank 0] Batch 373: Returning Loss
2026-01-23 03:40:20,352 [INFO] [Rank 1] Batch 373: Returning Loss
2026-01-23 03:40:20,362 [INFO] [Rank 0] Backward Pass - Start (DDP Sync happens here)
2026-01-23 03:40:20,376 [INFO] [Rank 1] Backward Pass - Start (DDP Sync happens here)
2026-01-23 03:40:20,869 [INFO] [Rank 0] Backward Pass - End
2026-01-23 03:40:20,878 [INFO] [Rank 1] Backward Pass - End
2026-01-23 03:40:21,221 [INFO] [Rank 0] Finished Batch 373
2026-01-23 03:40:21,221 [INFO] [Rank 1] Finished Batch 373
2026-01-23 03:40:21,230 [INFO] [Rank 0] Starting Batch 374
2026-01-23 03:40:21,264 [INFO] [Rank 1] Starting Batch 374
2026-01-23 03:40:21,310 [INFO] [Rank 0] Batch 374: Training Step Start
2026-01-23 03:40:21,325 [INFO] [Rank 1] Batch 374: Training Step Start
2026-01-23 03:40:21,357 [INFO] [Rank 0] Batch 374: Forward Start
2026-01-23 03:40:21,414 [INFO] [Rank 1] Batch 374: Forward Start
2026-01-23 03:40:21,532 [INFO] [Rank 0] Batch 374: Forward End (0.103s)
2026-01-23 03:40:21,569 [INFO] [Rank 1] Batch 374: Forward End (0.105s)
2026-01-23 03:40:21,616 [INFO] [Rank 0] Batch 374: Returning Loss
2026-01-23 03:40:21,634 [INFO] [Rank 1] Batch 374: Returning Loss
2026-01-23 03:40:21,662 [INFO] [Rank 0] Backward Pass - Start (DDP Sync happens here)
2026-01-23 03:40:21,676 [INFO] [Rank 1] Backward Pass - Start (DDP Sync happens here)
2026-01-23 03:40:22,109 [INFO] [Rank 0] Backward Pass - End
2026-01-23 03:40:22,178 [INFO] [Rank 1] Backward Pass - End
2026-01-23 03:40:22,657 [INFO] [Rank 0] Finished Batch 374
2026-01-23 03:40:22,658 [INFO] [Rank 1] Finished Batch 374
2026-01-23 03:40:22,675 [INFO] [Rank 0] Starting Batch 375
2026-01-23 03:40:22,691 [INFO] [Rank 1] Starting Batch 375
2026-01-23 03:40:22,706 [INFO] [Rank 0] Batch 375: Training Step Start
2026-01-23 03:40:22,719 [INFO] [Rank 1] Batch 375: Training Step Start
2026-01-23 03:40:22,738 [INFO] [Rank 0] Batch 375: Forward Start
2026-01-23 03:40:22,758 [INFO] [Rank 1] Batch 375: Forward Start
2026-01-23 03:40:22,876 [INFO] [Rank 0] Batch 375: Forward End (0.102s)
2026-01-23 03:40:22,889 [INFO] [Rank 1] Batch 375: Forward End (0.102s)
2026-01-23 03:40:23,043 [DEBUG] [Profile] batch_gap: 84.6ms, forward: 102.4ms, GPU_mem: 32.8GB (avg over 4 steps)
2026-01-23 03:40:23,057 [DEBUG] [Profile] batch_gap: 108.0ms, forward: 103.1ms, GPU_mem: 32.8GB (avg over 4 steps)
2026-01-23 03:40:23,064 [INFO] [Rank 0] Batch 375: Returning Loss
2026-01-23 03:40:23,084 [INFO] [Rank 1] Batch 375: Returning Loss
2026-01-23 03:40:23,102 [INFO] [Rank 0] Backward Pass - Start (DDP Sync happens here)
2026-01-23 03:40:23,221 [INFO] [Rank 1] Backward Pass - Start (DDP Sync happens here)
2026-01-23 03:40:23,844 [INFO] [Rank 1] Backward Pass - End
2026-01-23 03:40:23,844 [INFO] [Rank 0] Backward Pass - End
2026-01-23 03:40:23,938 [INFO] [Rank 1] Optimizer Step - Start
2026-01-23 03:40:23,985 [INFO] [Rank 0] Optimizer Step - Start
2026-01-23 03:40:24,132 [INFO] [Rank 0] Finished Batch 375
2026-01-23 03:40:24,132 [INFO] [Rank 1] Finished Batch 375
2026-01-23 03:40:24,195 [INFO] [Rank 0] Starting Batch 376
2026-01-23 03:40:24,216 [INFO] [Rank 1] Starting Batch 376
2026-01-23 03:40:24,216 [INFO] [Rank 0] Batch 376: Training Step Start
2026-01-23 03:40:24,325 [INFO] [Rank 1] Batch 376: Training Step Start
2026-01-23 03:40:24,340 [INFO] [Rank 0] Batch 376: Forward Start
2026-01-23 03:40:24,385 [INFO] [Rank 1] Batch 376: Forward Start
2026-01-23 03:40:24,552 [INFO] [Rank 0] Batch 376: Forward End (0.102s)
2026-01-23 03:40:24,602 [INFO] [Rank 1] Batch 376: Forward End (0.102s)
2026-01-23 03:40:24,625 [INFO] [Rank 0] Batch 376: Returning Loss
2026-01-23 03:40:24,665 [INFO] [Rank 1] Batch 376: Returning Loss
2026-01-23 03:40:24,721 [INFO] [Rank 0] Optimizer Step (Zero Grad) - Start
2026-01-23 03:40:25,104 [INFO] [Rank 1] Optimizer Step (Zero Grad) - Start
2026-01-23 03:40:25,167 [INFO] [Rank 0] Backward Pass - Start (DDP Sync happens here)
2026-01-23 03:40:25,209 [INFO] [Rank 1] Backward Pass - Start (DDP Sync happens here)
2026-01-23 03:40:25,635 [INFO] [Rank 0] Backward Pass - End
2026-01-23 03:40:25,650 [INFO] [Rank 1] Backward Pass - End
2026-01-23 03:40:25,923 [INFO] [Rank 0] Finished Batch 376
2026-01-23 03:40:25,924 [INFO] [Rank 1] Finished Batch 376
2026-01-23 03:40:25,971 [INFO] [Rank 0] Starting Batch 377
2026-01-23 03:40:26,039 [INFO] [Rank 0] Batch 377: Training Step Start
2026-01-23 03:40:26,042 [INFO] [Rank 1] Starting Batch 377
2026-01-23 03:40:26,064 [INFO] [Rank 0] Batch 377: Forward Start
2026-01-23 03:40:26,078 [INFO] [Rank 1] Batch 377: Training Step Start
2026-01-23 03:40:26,457 [INFO] [Rank 1] Batch 377: Forward Start
2026-01-23 03:40:26,543 [INFO] [Rank 0] Batch 377: Forward End (0.102s)
2026-01-23 03:40:26,572 [INFO] [Rank 1] Batch 377: Forward End (0.102s)
2026-01-23 03:40:26,645 [INFO] [Rank 0] Batch 377: Returning Loss
2026-01-23 03:40:26,670 [INFO] [Rank 1] Batch 377: Returning Loss
2026-01-23 03:40:26,682 [INFO] [Rank 0] Backward Pass - Start (DDP Sync happens here)
2026-01-23 03:40:26,712 [INFO] [Rank 1] Backward Pass - Start (DDP Sync happens here)
2026-01-23 03:40:27,232 [INFO] [Rank 0] Backward Pass - End
2026-01-23 03:40:27,253 [INFO] [Rank 1] Backward Pass - End
2026-01-23 03:40:27,404 [INFO] [Rank 0] Finished Batch 377
2026-01-23 03:40:27,405 [INFO] [Rank 1] Finished Batch 377
2026-01-23 03:40:27,909 [INFO] [Rank 0] Starting Batch 378
2026-01-23 03:40:27,932 [INFO] [Rank 1] Starting Batch 378
2026-01-23 03:40:27,992 [INFO] [Rank 0] Batch 378: Training Step Start
2026-01-23 03:40:28,006 [INFO] [Rank 1] Batch 378: Training Step Start
2026-01-23 03:40:28,031 [INFO] [Rank 0] Batch 378: Forward Start
2026-01-23 03:40:28,101 [INFO] [Rank 1] Batch 378: Forward Start
2026-01-23 03:40:28,242 [INFO] [Rank 0] Batch 378: Forward End (0.102s)
2026-01-23 03:40:28,255 [INFO] [Rank 1] Batch 378: Forward End (0.102s)
2026-01-23 03:40:28,287 [INFO] [Rank 0] Batch 378: Returning Loss
2026-01-23 03:40:28,339 [INFO] [Rank 1] Batch 378: Returning Loss
2026-01-23 03:40:28,348 [INFO] [Rank 0] Backward Pass - Start (DDP Sync happens here)
2026-01-23 03:40:28,418 [INFO] [Rank 1] Backward Pass - Start (DDP Sync happens here)
2026-01-23 03:40:28,851 [INFO] [Rank 0] Backward Pass - End
2026-01-23 03:40:28,862 [INFO] [Rank 1] Backward Pass - End
2026-01-23 03:40:29,369 [INFO] [Rank 0] Finished Batch 378
2026-01-23 03:40:29,369 [INFO] [Rank 1] Finished Batch 378
2026-01-23 03:40:29,402 [INFO] [Rank 0] Starting Batch 379
2026-01-23 03:40:29,421 [INFO] [Rank 1] Starting Batch 379
2026-01-23 03:40:29,423 [INFO] [Rank 0] Batch 379: Training Step Start
2026-01-23 03:40:29,438 [INFO] [Rank 1] Batch 379: Training Step Start
2026-01-23 03:40:29,451 [INFO] [Rank 0] Batch 379: Forward Start
2026-01-23 03:40:29,466 [INFO] [Rank 1] Batch 379: Forward Start
2026-01-23 03:40:29,581 [INFO] [Rank 0] Batch 379: Forward End (0.102s)
2026-01-23 03:40:29,597 [INFO] [Rank 1] Batch 379: Forward End (0.102s)
2026-01-23 03:40:29,749 [DEBUG] [Profile] batch_gap: 210.1ms, forward: 102.1ms, GPU_mem: 32.8GB (avg over 4 steps)
2026-01-23 03:40:29,765 [DEBUG] [Profile] batch_gap: 253.8ms, forward: 102.2ms, GPU_mem: 32.8GB (avg over 4 steps)
2026-01-23 03:40:29,833 [INFO] [Rank 0] Batch 379: Returning Loss
2026-01-23 03:40:29,870 [INFO] [Rank 1] Batch 379: Returning Loss
2026-01-23 03:40:29,883 [INFO] [Rank 0] Backward Pass - Start (DDP Sync happens here)
2026-01-23 03:40:29,942 [INFO] [Rank 1] Backward Pass - Start (DDP Sync happens here)
2026-01-23 03:40:30,366 [INFO] [Rank 0] Backward Pass - End
2026-01-23 03:40:30,444 [INFO] [Rank 1] Backward Pass - End
2026-01-23 03:40:30,801 [INFO] [Rank 0] Finished Batch 379
2026-01-23 03:40:30,802 [INFO] [Rank 1] Finished Batch 379
2026-01-23 03:40:30,862 [INFO] [Rank 0] Starting Batch 380
2026-01-23 03:40:30,886 [INFO] [Worker 0] Yielded sample 7200 from /storage/slurm/hunecke/fakesync/data/voxceleb2/preprocessed/shards_train/shard_0052.pt
2026-01-23 03:40:30,925 [INFO] [Rank 0] Batch 380: Training Step Start
2026-01-23 03:40:30,926 [INFO] [Rank 1] Starting Batch 380
2026-01-23 03:40:30,953 [INFO] [Worker 0] Yielded sample 7200 from /storage/slurm/hunecke/fakesync/data/voxceleb2/preprocessed/shards_train/shard_0149.pt
2026-01-23 03:40:31,037 [INFO] [Rank 0] Batch 380: Forward Start
2026-01-23 03:40:31,047 [INFO] [Rank 1] Batch 380: Training Step Start
2026-01-23 03:40:31,174 [INFO] [Rank 1] Batch 380: Forward Start
2026-01-23 03:40:31,230 [INFO] [Rank 0] Batch 380: Forward End (0.102s)
2026-01-23 03:40:31,296 [INFO] [Rank 1] Batch 380: Forward End (0.102s)
2026-01-23 03:40:31,310 [INFO] [Rank 0] Batch 380: Returning Loss
2026-01-23 03:40:31,378 [INFO] [Rank 1] Batch 380: Returning Loss
2026-01-23 03:40:31,387 [INFO] [Rank 0] Backward Pass - Start (DDP Sync happens here)
2026-01-23 03:40:31,429 [INFO] [Rank 1] Backward Pass - Start (DDP Sync happens here)
2026-01-23 03:40:31,861 [INFO] [Rank 0] Backward Pass - End
2026-01-23 03:40:31,874 [INFO] [Rank 1] Backward Pass - End
2026-01-23 03:40:32,093 [INFO] [Rank 0] Finished Batch 380
2026-01-23 03:40:32,093 [INFO] [Rank 1] Finished Batch 380
2026-01-23 03:40:32,151 [INFO] [Rank 0] Starting Batch 381
2026-01-23 03:40:32,171 [INFO] [Rank 1] Starting Batch 381
2026-01-23 03:40:32,229 [INFO] [Rank 0] Batch 381: Training Step Start
2026-01-23 03:40:32,283 [INFO] [Rank 1] Batch 381: Training Step Start
2026-01-23 03:40:32,343 [INFO] [Rank 0] Batch 381: Forward Start
2026-01-23 03:40:32,366 [INFO] [Rank 1] Batch 381: Forward Start
2026-01-23 03:40:32,488 [INFO] [Rank 0] Batch 381: Forward End (0.102s)
2026-01-23 03:40:32,507 [INFO] [Rank 0] Batch 381: Returning Loss
2026-01-23 03:40:32,544 [INFO] [Rank 1] Batch 381: Forward End (0.102s)
2026-01-23 03:40:32,619 [INFO] [Rank 0] Backward Pass - Start (DDP Sync happens here)
2026-01-23 03:40:32,642 [INFO] [Rank 1] Batch 381: Returning Loss
2026-01-23 03:40:32,722 [INFO] [Rank 1] Backward Pass - Start (DDP Sync happens here)
2026-01-23 03:40:33,113 [INFO] [Rank 0] Backward Pass - End
2026-01-23 03:40:33,157 [INFO] [Rank 1] Backward Pass - End
2026-01-23 03:40:33,442 [INFO] [Rank 0] Finished Batch 381
2026-01-23 03:40:33,442 [INFO] [Rank 1] Finished Batch 381
2026-01-23 03:40:33,472 [INFO] [Rank 0] Starting Batch 382
2026-01-23 03:40:33,542 [INFO] [Rank 1] Starting Batch 382
2026-01-23 03:40:33,542 [INFO] [Rank 0] Batch 382: Training Step Start
2026-01-23 03:40:33,603 [INFO] [Rank 1] Batch 382: Training Step Start
2026-01-23 03:40:33,621 [INFO] [Rank 0] Batch 382: Forward Start
2026-01-23 03:40:33,645 [INFO] [Rank 1] Batch 382: Forward Start
2026-01-23 03:40:33,853 [INFO] [Rank 0] Batch 382: Forward End (0.102s)
2026-01-23 03:40:33,870 [INFO] [Rank 0] Batch 382: Returning Loss
2026-01-23 03:40:33,890 [INFO] [Rank 1] Batch 382: Forward End (0.102s)
2026-01-23 03:40:33,904 [INFO] [Rank 0] Backward Pass - Start (DDP Sync happens here)
2026-01-23 03:40:33,963 [INFO] [Rank 1] Batch 382: Returning Loss
2026-01-23 03:40:34,065 [INFO] [Rank 1] Backward Pass - Start (DDP Sync happens here)
2026-01-23 03:40:34,431 [INFO] [Rank 0] Backward Pass - End
2026-01-23 03:40:34,495 [INFO] [Rank 1] Backward Pass - End
2026-01-23 03:40:34,917 [INFO] [Rank 0] Finished Batch 382
2026-01-23 03:40:34,918 [INFO] [Rank 1] Finished Batch 382
2026-01-23 03:40:34,952 [INFO] [Rank 0] Starting Batch 383
2026-01-23 03:40:34,989 [INFO] [Rank 1] Starting Batch 383
2026-01-23 03:40:35,036 [INFO] [Rank 0] Batch 383: Training Step Start
2026-01-23 03:40:35,057 [INFO] [Rank 1] Batch 383: Training Step Start
2026-01-23 03:40:35,069 [INFO] [Rank 0] Batch 383: Forward Start
2026-01-23 03:40:35,134 [INFO] [Rank 1] Batch 383: Forward Start
2026-01-23 03:40:35,251 [INFO] [Rank 0] Batch 383: Forward End (0.102s)
2026-01-23 03:40:35,266 [INFO] [Rank 1] Batch 383: Forward End (0.102s)
2026-01-23 03:40:35,419 [DEBUG] [Profile] batch_gap: 119.1ms, forward: 102.1ms, GPU_mem: 32.8GB (avg over 4 steps)
2026-01-23 03:40:35,434 [DEBUG] [Profile] batch_gap: 183.4ms, forward: 102.3ms, GPU_mem: 32.8GB (avg over 4 steps)
2026-01-23 03:40:35,445 [INFO] [Rank 0] Batch 383: Returning Loss
2026-01-23 03:40:35,459 [INFO] [Rank 1] Batch 383: Returning Loss
2026-01-23 03:40:35,512 [INFO] [Rank 0] Backward Pass - Start (DDP Sync happens here)
2026-01-23 03:40:35,531 [INFO] [Rank 1] Backward Pass - Start (DDP Sync happens here)
2026-01-23 03:40:36,174 [INFO] [Rank 1] Backward Pass - End
2026-01-23 03:40:36,174 [INFO] [Rank 0] Backward Pass - End
2026-01-23 03:40:36,194 [INFO] [Rank 1] Optimizer Step - Start
2026-01-23 03:40:36,250 [INFO] [Rank 0] Optimizer Step - Start
2026-01-23 03:40:36,436 [INFO] [Rank 0] Finished Batch 383
2026-01-23 03:40:36,436 [INFO] [Rank 1] Finished Batch 383
2026-01-23 03:40:36,499 [INFO] [Rank 0] Starting Batch 384
2026-01-23 03:40:36,556 [INFO] [Rank 1] Starting Batch 384
2026-01-23 03:40:36,574 [INFO] [Rank 0] Batch 384: Training Step Start
2026-01-23 03:40:36,587 [INFO] [Rank 1] Batch 384: Training Step Start
2026-01-23 03:40:36,642 [INFO] [Rank 0] Batch 384: Forward Start
2026-01-23 03:40:36,659 [INFO] [Rank 1] Batch 384: Forward Start
2026-01-23 03:40:36,778 [INFO] [Rank 0] Batch 384: Forward End (0.102s)
2026-01-23 03:40:36,791 [INFO] [Rank 1] Batch 384: Forward End (0.102s)
2026-01-23 03:40:36,802 [INFO] [Rank 0] Batch 384: Returning Loss
2026-01-23 03:40:36,818 [INFO] [Rank 1] Batch 384: Returning Loss
2026-01-23 03:40:36,824 [INFO] [Rank 0] Optimizer Step (Zero Grad) - Start
2026-01-23 03:40:36,888 [INFO] [Rank 1] Optimizer Step (Zero Grad) - Start
2026-01-23 03:40:36,905 [INFO] [Rank 0] Backward Pass - Start (DDP Sync happens here)
2026-01-23 03:40:36,920 [INFO] [Rank 1] Backward Pass - Start (DDP Sync happens here)
2026-01-23 03:40:37,354 [INFO] [Rank 0] Backward Pass - End
2026-01-23 03:40:37,368 [INFO] [Rank 1] Backward Pass - End
2026-01-23 03:40:37,598 [INFO] [Rank 0] Finished Batch 384
2026-01-23 03:40:37,598 [INFO] [Rank 1] Finished Batch 384
2026-01-23 03:40:37,698 [INFO] [Rank 0] Starting Batch 385
2026-01-23 03:40:37,717 [INFO] [Rank 1] Starting Batch 385
2026-01-23 03:40:37,810 [INFO] [Worker 0] Yielded sample 7300 from /storage/slurm/hunecke/fakesync/data/voxceleb2/preprocessed/shards_train/shard_0052.pt
2026-01-23 03:40:37,816 [INFO] [Rank 0] Batch 385: Training Step Start
2026-01-23 03:40:37,831 [INFO] [Worker 0] Yielded sample 7300 from /storage/slurm/hunecke/fakesync/data/voxceleb2/preprocessed/shards_train/shard_0149.pt
2026-01-23 03:40:37,837 [INFO] [Rank 1] Batch 385: Training Step Start
2026-01-23 03:40:37,871 [INFO] [Rank 0] Batch 385: Forward Start
2026-01-23 03:40:37,973 [INFO] [Rank 1] Batch 385: Forward Start
2026-01-23 03:40:38,096 [INFO] [Rank 0] Batch 385: Forward End (0.102s)
2026-01-23 03:40:38,112 [INFO] [Rank 1] Batch 385: Forward End (0.102s)
2026-01-23 03:40:38,120 [INFO] [Rank 0] Batch 385: Returning Loss
2026-01-23 03:40:38,223 [INFO] [Rank 1] Batch 385: Returning Loss
2026-01-23 03:40:38,232 [INFO] [Rank 0] Backward Pass - Start (DDP Sync happens here)
2026-01-23 03:40:38,308 [INFO] [Rank 1] Backward Pass - Start (DDP Sync happens here)
2026-01-23 03:40:38,734 [INFO] [Rank 0] Backward Pass - End
2026-01-23 03:40:38,749 [INFO] [Rank 1] Backward Pass - End
2026-01-23 03:40:39,083 [INFO] [Rank 0] Finished Batch 385
2026-01-23 03:40:39,083 [INFO] [Rank 1] Finished Batch 385
2026-01-23 03:40:39,175 [INFO] [Rank 0] Starting Batch 386
2026-01-23 03:40:39,195 [INFO] [Rank 1] Starting Batch 386
2026-01-23 03:40:39,249 [INFO] [Rank 0] Batch 386: Training Step Start
2026-01-23 03:40:39,262 [INFO] [Rank 1] Batch 386: Training Step Start
2026-01-23 03:40:39,287 [INFO] [Rank 0] Batch 386: Forward Start
2026-01-23 03:40:39,359 [INFO] [Rank 1] Batch 386: Forward Start
2026-01-23 03:40:39,474 [INFO] [Rank 0] Batch 386: Forward End (0.102s)
2026-01-23 03:40:39,498 [INFO] [Rank 0] Batch 386: Returning Loss
2026-01-23 03:40:39,517 [INFO] [Rank 0] Backward Pass - Start (DDP Sync happens here)
2026-01-23 03:40:39,564 [INFO] [Rank 1] Batch 386: Forward End (0.102s)
2026-01-23 03:40:39,630 [INFO] [Rank 1] Batch 386: Returning Loss
2026-01-23 03:40:39,688 [INFO] [Rank 1] Backward Pass - Start (DDP Sync happens here)
2026-01-23 03:40:40,051 [INFO] [Rank 0] Backward Pass - End
2026-01-23 03:40:40,142 [INFO] [Rank 1] Backward Pass - End
2026-01-23 03:40:40,275 [INFO] [Rank 0] Finished Batch 386
2026-01-23 03:40:40,276 [INFO] [Rank 1] Finished Batch 386
2026-01-23 03:40:40,299 [INFO] [Rank 0] Starting Batch 387
2026-01-23 03:40:40,318 [INFO] [Rank 1] Starting Batch 387
2026-01-23 03:40:40,333 [INFO] [Rank 0] Batch 387: Training Step Start
2026-01-23 03:40:40,345 [INFO] [Rank 1] Batch 387: Training Step Start
2026-01-23 03:40:40,359 [INFO] [Rank 0] Batch 387: Forward Start
2026-01-23 03:40:40,374 [INFO] [Rank 1] Batch 387: Forward Start
2026-01-23 03:40:40,488 [INFO] [Rank 0] Batch 387: Forward End (0.102s)
2026-01-23 03:40:40,504 [INFO] [Rank 1] Batch 387: Forward End (0.102s)
2026-01-23 03:40:40,655 [DEBUG] [Profile] batch_gap: 144.5ms, forward: 102.1ms, GPU_mem: 32.8GB (avg over 4 steps)
2026-01-23 03:40:40,671 [DEBUG] [Profile] batch_gap: 159.2ms, forward: 102.3ms, GPU_mem: 32.8GB (avg over 4 steps)
2026-01-23 03:40:40,708 [INFO] [Rank 0] Batch 387: Returning Loss
2026-01-23 03:40:40,776 [INFO] [Rank 1] Batch 387: Returning Loss
2026-01-23 03:40:40,828 [INFO] [Rank 0] Backward Pass - Start (DDP Sync happens here)
2026-01-23 03:40:40,883 [INFO] [Rank 1] Backward Pass - Start (DDP Sync happens here)
2026-01-23 03:40:41,314 [INFO] [Rank 0] Backward Pass - End
2026-01-23 03:40:41,371 [INFO] [Rank 1] Backward Pass - End
2026-01-23 03:40:41,623 [INFO] [Rank 0] Finished Batch 387
2026-01-23 03:40:41,623 [INFO] [Rank 1] Finished Batch 387
2026-01-23 03:40:41,714 [INFO] [Rank 0] Starting Batch 388
2026-01-23 03:40:41,769 [INFO] [Rank 1] Starting Batch 388
2026-01-23 03:40:41,788 [INFO] [Rank 0] Batch 388: Training Step Start
2026-01-23 03:40:41,853 [INFO] [Rank 1] Batch 388: Training Step Start
2026-01-23 03:40:41,881 [INFO] [Rank 0] Batch 388: Forward Start
2026-01-23 03:40:41,940 [INFO] [Rank 1] Batch 388: Forward Start
2026-01-23 03:40:42,077 [INFO] [Rank 0] Batch 388: Forward End (0.102s)
2026-01-23 03:40:42,091 [INFO] [Rank 1] Batch 388: Forward End (0.102s)
2026-01-23 03:40:42,127 [INFO] [Rank 0] Batch 388: Returning Loss
2026-01-23 03:40:42,142 [INFO] [Rank 1] Batch 388: Returning Loss
2026-01-23 03:40:42,230 [INFO] [Rank 0] Backward Pass - Start (DDP Sync happens here)
2026-01-23 03:40:42,276 [INFO] [Rank 1] Backward Pass - Start (DDP Sync happens here)
2026-01-23 03:40:42,748 [INFO] [Rank 0] Backward Pass - End
2026-01-23 03:40:42,759 [INFO] [Rank 1] Backward Pass - End
2026-01-23 03:40:43,043 [INFO] [Rank 0] Finished Batch 388
2026-01-23 03:40:43,044 [INFO] [Rank 1] Finished Batch 388
2026-01-23 03:40:43,092 [INFO] [Rank 0] Starting Batch 389
2026-01-23 03:40:43,151 [INFO] [Rank 1] Starting Batch 389
2026-01-23 03:40:43,191 [INFO] [Rank 0] Batch 389: Training Step Start
2026-01-23 03:40:43,209 [INFO] [Rank 1] Batch 389: Training Step Start
2026-01-23 03:40:43,267 [INFO] [Rank 0] Batch 389: Forward Start
2026-01-23 03:40:43,291 [INFO] [Rank 1] Batch 389: Forward Start
2026-01-23 03:40:43,453 [INFO] [Rank 0] Batch 389: Forward End (0.102s)
2026-01-23 03:40:43,521 [INFO] [Rank 1] Batch 389: Forward End (0.103s)
2026-01-23 03:40:43,529 [INFO] [Rank 0] Batch 389: Returning Loss
2026-01-23 03:40:43,572 [INFO] [Rank 1] Batch 389: Returning Loss
2026-01-23 03:40:43,582 [INFO] [Rank 0] Backward Pass - Start (DDP Sync happens here)
2026-01-23 03:40:43,602 [INFO] [Rank 1] Backward Pass - Start (DDP Sync happens here)
2026-01-23 03:40:44,134 [INFO] [Rank 0] Backward Pass - End
2026-01-23 03:40:44,149 [INFO] [Rank 1] Backward Pass - End
2026-01-23 03:40:44,474 [INFO] [Rank 0] Finished Batch 389
2026-01-23 03:40:44,475 [INFO] [Rank 1] Finished Batch 389
2026-01-23 03:40:44,545 [INFO] [Rank 0] Starting Batch 390
2026-01-23 03:40:44,568 [INFO] [Rank 1] Starting Batch 390
2026-01-23 03:40:44,627 [INFO] [Rank 0] Batch 390: Training Step Start
2026-01-23 03:40:44,648 [INFO] [Rank 1] Batch 390: Training Step Start
2026-01-23 03:40:44,663 [INFO] [Rank 0] Batch 390: Forward Start
2026-01-23 03:40:44,733 [INFO] [Worker 0] Yielded sample 7400 from /storage/slurm/hunecke/fakesync/data/voxceleb2/preprocessed/shards_train/shard_0052.pt
2026-01-23 03:40:44,734 [INFO] [Rank 1] Batch 390: Forward Start
2026-01-23 03:40:44,755 [INFO] [Worker 0] Yielded sample 7400 from /storage/slurm/hunecke/fakesync/data/voxceleb2/preprocessed/shards_train/shard_0149.pt
2026-01-23 03:40:44,847 [INFO] [Rank 0] Batch 390: Forward End (0.102s)
2026-01-23 03:40:44,879 [INFO] [Rank 1] Batch 390: Forward End (0.103s)
2026-01-23 03:40:44,954 [INFO] [Rank 0] Batch 390: Returning Loss
2026-01-23 03:40:44,973 [INFO] [Rank 1] Batch 390: Returning Loss
2026-01-23 03:40:45,047 [INFO] [Rank 0] Backward Pass - Start (DDP Sync happens here)
2026-01-23 03:40:45,093 [INFO] [Rank 1] Backward Pass - Start (DDP Sync happens here)
2026-01-23 03:40:45,521 [INFO] [Rank 0] Backward Pass - End
2026-01-23 03:40:45,544 [INFO] [Rank 1] Backward Pass - End
2026-01-23 03:40:45,926 [INFO] [Rank 0] Finished Batch 390
2026-01-23 03:40:45,926 [INFO] [Rank 1] Finished Batch 390
2026-01-23 03:40:45,989 [INFO] [Rank 0] Starting Batch 391
2026-01-23 03:40:46,000 [INFO] [Rank 1] Starting Batch 391
2026-01-23 03:40:46,014 [INFO] [Rank 0] Batch 391: Training Step Start
2026-01-23 03:40:46,112 [INFO] [Rank 1] Batch 391: Training Step Start
2026-01-23 03:40:46,166 [INFO] [Rank 0] Batch 391: Forward Start
2026-01-23 03:40:46,230 [INFO] [Rank 1] Batch 391: Forward Start
2026-01-23 03:40:46,378 [INFO] [Rank 0] Batch 391: Forward End (0.102s)
2026-01-23 03:40:46,446 [INFO] [Rank 1] Batch 391: Forward End (0.102s)
2026-01-23 03:40:46,545 [DEBUG] [Profile] batch_gap: 137.9ms, forward: 102.1ms, GPU_mem: 32.8GB (avg over 4 steps)
2026-01-23 03:40:46,579 [INFO] [Rank 0] Batch 391: Returning Loss
2026-01-23 03:40:46,614 [DEBUG] [Profile] batch_gap: 188.2ms, forward: 102.5ms, GPU_mem: 32.8GB (avg over 4 steps)
2026-01-23 03:40:46,626 [INFO] [Rank 0] Backward Pass - Start (DDP Sync happens here)
2026-01-23 03:40:46,689 [INFO] [Rank 1] Batch 391: Returning Loss
2026-01-23 03:40:46,748 [INFO] [Rank 1] Backward Pass - Start (DDP Sync happens here)
2026-01-23 03:40:47,741 [INFO] [Rank 1] Backward Pass - End
2026-01-23 03:40:47,741 [INFO] [Rank 0] Backward Pass - End
2026-01-23 03:40:47,841 [INFO] [Rank 1] Optimizer Step - Start
2026-01-23 03:40:47,904 [INFO] [Rank 0] Optimizer Step - Start
2026-01-23 03:40:48,143 [INFO] [Rank 0] Finished Batch 391
2026-01-23 03:40:48,143 [INFO] [Rank 1] Finished Batch 391
2026-01-23 03:40:48,576 [INFO] [Rank 0] Starting Batch 392
2026-01-23 03:40:48,629 [INFO] [Rank 1] Starting Batch 392
2026-01-23 03:40:48,642 [INFO] [Rank 0] Batch 392: Training Step Start
2026-01-23 03:40:48,718 [INFO] [Rank 1] Batch 392: Training Step Start
2026-01-23 03:40:48,737 [INFO] [Rank 0] Batch 392: Forward Start
2026-01-23 03:40:48,795 [INFO] [Rank 1] Batch 392: Forward Start
2026-01-23 03:40:48,935 [INFO] [Rank 0] Batch 392: Forward End (0.102s)
2026-01-23 03:40:48,946 [INFO] [Rank 1] Batch 392: Forward End (0.102s)
2026-01-23 03:40:48,991 [INFO] [Rank 0] Batch 392: Returning Loss
2026-01-23 03:40:49,007 [INFO] [Rank 1] Batch 392: Returning Loss
2026-01-23 03:40:49,012 [INFO] [Rank 0] Optimizer Step (Zero Grad) - Start
2026-01-23 03:40:49,102 [INFO] [Rank 1] Optimizer Step (Zero Grad) - Start
2026-01-23 03:40:49,117 [INFO] [Rank 0] Backward Pass - Start (DDP Sync happens here)
2026-01-23 03:40:49,175 [INFO] [Rank 1] Backward Pass - Start (DDP Sync happens here)
2026-01-23 03:40:49,606 [INFO] [Rank 0] Backward Pass - End
2026-01-23 03:40:49,696 [INFO] [Rank 1] Backward Pass - End
2026-01-23 03:40:50,114 [INFO] [Rank 0] Finished Batch 392
2026-01-23 03:40:50,114 [INFO] [Rank 1] Finished Batch 392
2026-01-23 03:40:50,175 [INFO] [Rank 0] Starting Batch 393
2026-01-23 03:40:50,244 [INFO] [Rank 1] Starting Batch 393
2026-01-23 03:40:50,277 [INFO] [Rank 0] Batch 393: Training Step Start
2026-01-23 03:40:50,353 [INFO] [Rank 1] Batch 393: Training Step Start
2026-01-23 03:40:50,384 [INFO] [Rank 0] Batch 393: Forward Start
2026-01-23 03:40:50,402 [INFO] [Rank 1] Batch 393: Forward Start
2026-01-23 03:40:50,567 [INFO] [Rank 0] Batch 393: Forward End (0.102s)
2026-01-23 03:40:50,603 [INFO] [Rank 1] Batch 393: Forward End (0.102s)
2026-01-23 03:40:50,617 [INFO] [Rank 0] Batch 393: Returning Loss
2026-01-23 03:40:50,635 [INFO] [Rank 1] Batch 393: Returning Loss
2026-01-23 03:40:50,685 [INFO] [Rank 0] Backward Pass - Start (DDP Sync happens here)
2026-01-23 03:40:50,718 [INFO] [Rank 1] Backward Pass - Start (DDP Sync happens here)
2026-01-23 03:40:51,181 [INFO] [Rank 0] Backward Pass - End
2026-01-23 03:40:51,192 [INFO] [Rank 1] Backward Pass - End
2026-01-23 03:40:51,360 [INFO] [Rank 0] Finished Batch 393
2026-01-23 03:40:51,360 [INFO] [Rank 1] Finished Batch 393
2026-01-23 03:40:51,387 [INFO] [Rank 0] Starting Batch 394
2026-01-23 03:40:51,400 [INFO] [Rank 1] Starting Batch 394
2026-01-23 03:40:51,415 [INFO] [Rank 0] Batch 394: Training Step Start
2026-01-23 03:40:51,431 [INFO] [Rank 1] Batch 394: Training Step Start
2026-01-23 03:40:51,445 [INFO] [Rank 0] Batch 394: Forward Start
2026-01-23 03:40:51,460 [INFO] [Rank 1] Batch 394: Forward Start
2026-01-23 03:40:51,573 [INFO] [Rank 0] Batch 394: Forward End (0.102s)
2026-01-23 03:40:51,589 [INFO] [Rank 1] Batch 394: Forward End (0.102s)
2026-01-23 03:40:51,607 [INFO] [Rank 0] Batch 394: Returning Loss
2026-01-23 03:40:51,658 [INFO] [Rank 1] Batch 394: Returning Loss
2026-01-23 03:40:51,703 [INFO] [Rank 0] Backward Pass - Start (DDP Sync happens here)
2026-01-23 03:40:51,739 [INFO] [Rank 1] Backward Pass - Start (DDP Sync happens here)
2026-01-23 03:40:52,204 [INFO] [Rank 0] Backward Pass - End
2026-01-23 03:40:52,218 [INFO] [Rank 1] Backward Pass - End
2026-01-23 03:40:52,840 [INFO] [Rank 0] Finished Batch 394
2026-01-23 03:40:52,840 [INFO] [Rank 1] Finished Batch 394
2026-01-23 03:40:52,904 [INFO] [Rank 0] Starting Batch 395
2026-01-23 03:40:52,957 [INFO] [Rank 1] Starting Batch 395
2026-01-23 03:40:53,023 [INFO] [Rank 0] Batch 395: Training Step Start
2026-01-23 03:40:53,067 [INFO] [Rank 1] Batch 395: Training Step Start
2026-01-23 03:40:53,077 [INFO] [Rank 0] Batch 395: Forward Start
2026-01-23 03:40:53,136 [INFO] [Rank 1] Batch 395: Forward Start
2026-01-23 03:40:53,184 [INFO] [Worker 0] Yielded sample 7500 from /storage/slurm/hunecke/fakesync/data/voxceleb2/preprocessed/shards_train/shard_0052.pt
2026-01-23 03:40:53,218 [INFO] [Worker 0] Yielded sample 7500 from /storage/slurm/hunecke/fakesync/data/voxceleb2/preprocessed/shards_train/shard_0149.pt
2026-01-23 03:40:53,275 [INFO] [Rank 0] Batch 395: Forward End (0.102s)
2026-01-23 03:40:53,330 [INFO] [Rank 1] Batch 395: Forward End (0.102s)
2026-01-23 03:40:53,443 [DEBUG] [Profile] batch_gap: 224.5ms, forward: 102.1ms, GPU_mem: 32.8GB (avg over 4 steps)
2026-01-23 03:40:53,489 [INFO] [Rank 0] Batch 395: Returning Loss
2026-01-23 03:40:53,498 [DEBUG] [Profile] batch_gap: 277.0ms, forward: 102.3ms, GPU_mem: 32.8GB (avg over 4 steps)
2026-01-23 03:40:53,551 [INFO] [Rank 0] Backward Pass - Start (DDP Sync happens here)
2026-01-23 03:40:53,590 [INFO] [Rank 1] Batch 395: Returning Loss
2026-01-23 03:40:53,623 [INFO] [Rank 1] Backward Pass - Start (DDP Sync happens here)
2026-01-23 03:40:54,013 [INFO] [Rank 0] Backward Pass - End
2026-01-23 03:40:54,094 [INFO] [Rank 1] Backward Pass - End
2026-01-23 03:40:54,255 [INFO] [Rank 0] Finished Batch 395
2026-01-23 03:40:54,256 [INFO] [Rank 1] Finished Batch 395
2026-01-23 03:40:54,277 [INFO] [Rank 0] Starting Batch 396
2026-01-23 03:40:54,372 [INFO] [Rank 1] Starting Batch 396
2026-01-23 03:40:54,487 [INFO] [Rank 0] Batch 396: Training Step Start
2026-01-23 03:40:54,565 [INFO] [Rank 1] Batch 396: Training Step Start
2026-01-23 03:40:54,578 [INFO] [Rank 0] Batch 396: Forward Start
2026-01-23 03:40:54,623 [INFO] [Rank 1] Batch 396: Forward Start
2026-01-23 03:40:54,740 [INFO] [Rank 0] Batch 396: Forward End (0.102s)
2026-01-23 03:40:54,765 [INFO] [Rank 0] Batch 396: Returning Loss
2026-01-23 03:40:54,830 [INFO] [Rank 1] Batch 396: Forward End (0.102s)
2026-01-23 03:40:54,855 [INFO] [Rank 0] Backward Pass - Start (DDP Sync happens here)
2026-01-23 03:40:54,880 [INFO] [Rank 1] Batch 396: Returning Loss
2026-01-23 03:40:54,970 [INFO] [Rank 1] Backward Pass - Start (DDP Sync happens here)
2026-01-23 03:40:55,318 [INFO] [Rank 0] Backward Pass - End
2026-01-23 03:40:55,437 [INFO] [Rank 1] Backward Pass - End
2026-01-23 03:40:55,550 [INFO] [Rank 0] Finished Batch 396
2026-01-23 03:40:55,551 [INFO] [Rank 1] Finished Batch 396
2026-01-23 03:40:55,564 [INFO] [Rank 0] Starting Batch 397
2026-01-23 03:40:55,663 [INFO] [Rank 1] Starting Batch 397
2026-01-23 03:40:55,721 [INFO] [Rank 0] Batch 397: Training Step Start
2026-01-23 03:40:55,737 [INFO] [Rank 1] Batch 397: Training Step Start
2026-01-23 03:40:55,793 [INFO] [Rank 0] Batch 397: Forward Start
2026-01-23 03:40:55,817 [INFO] [Rank 1] Batch 397: Forward Start
2026-01-23 03:40:55,935 [INFO] [Rank 0] Batch 397: Forward End (0.102s)
2026-01-23 03:40:55,972 [INFO] [Rank 0] Batch 397: Returning Loss
2026-01-23 03:40:56,012 [INFO] [Rank 1] Batch 397: Forward End (0.102s)
2026-01-23 03:40:56,041 [INFO] [Rank 0] Backward Pass - Start (DDP Sync happens here)
2026-01-23 03:40:56,060 [INFO] [Rank 1] Batch 397: Returning Loss
2026-01-23 03:40:56,148 [INFO] [Rank 1] Backward Pass - Start (DDP Sync happens here)
2026-01-23 03:40:56,513 [INFO] [Rank 0] Backward Pass - End
2026-01-23 03:40:56,609 [INFO] [Rank 1] Backward Pass - End
2026-01-23 03:40:57,013 [INFO] [Rank 0] Finished Batch 397
2026-01-23 03:40:57,013 [INFO] [Rank 1] Finished Batch 397
2026-01-23 03:40:57,039 [INFO] [Rank 0] Starting Batch 398
2026-01-23 03:40:57,106 [INFO] [Rank 1] Starting Batch 398
2026-01-23 03:40:57,147 [INFO] [Rank 0] Batch 398: Training Step Start
2026-01-23 03:40:57,203 [INFO] [Rank 1] Batch 398: Training Step Start
2026-01-23 03:40:57,217 [INFO] [Rank 0] Batch 398: Forward Start
2026-01-23 03:40:57,258 [INFO] [Rank 1] Batch 398: Forward Start
2026-01-23 03:40:57,478 [INFO] [Rank 0] Batch 398: Forward End (0.102s)
2026-01-23 03:40:57,495 [INFO] [Rank 0] Batch 398: Returning Loss
2026-01-23 03:40:57,519 [INFO] [Rank 1] Batch 398: Forward End (0.102s)
2026-01-23 03:40:57,535 [INFO] [Rank 0] Backward Pass - Start (DDP Sync happens here)
2026-01-23 03:40:57,598 [INFO] [Rank 1] Batch 398: Returning Loss
2026-01-23 03:40:57,672 [INFO] [Rank 1] Backward Pass - Start (DDP Sync happens here)
2026-01-23 03:40:58,055 [INFO] [Rank 0] Backward Pass - End
2026-01-23 03:40:58,185 [INFO] [Rank 1] Backward Pass - End
2026-01-23 03:40:58,422 [INFO] [Rank 0] Finished Batch 398
2026-01-23 03:40:58,423 [INFO] [Rank 1] Finished Batch 398
2026-01-23 03:40:58,466 [INFO] [Rank 0] Starting Batch 399
2026-01-23 03:40:58,480 [INFO] [Rank 1] Starting Batch 399
2026-01-23 03:40:58,508 [INFO] [Rank 0] Batch 399: Training Step Start
2026-01-23 03:40:58,591 [INFO] [Rank 1] Batch 399: Training Step Start
2026-01-23 03:40:58,644 [INFO] [Rank 0] Batch 399: Forward Start
2026-01-23 03:40:58,681 [INFO] [Rank 1] Batch 399: Forward Start
2026-01-23 03:40:58,836 [INFO] [Rank 0] Batch 399: Forward End (0.102s)
2026-01-23 03:40:58,874 [INFO] [Rank 1] Batch 399: Forward End (0.102s)
2026-01-23 03:40:59,004 [DEBUG] [Profile] batch_gap: 154.8ms, forward: 102.1ms, GPU_mem: 32.8GB (avg over 4 steps)
2026-01-23 03:40:59,042 [DEBUG] [Profile] batch_gap: 212.5ms, forward: 102.4ms, GPU_mem: 32.8GB (avg over 4 steps)
2026-01-23 03:40:59,070 [INFO] [Rank 0] Batch 399: Returning Loss
2026-01-23 03:40:59,085 [INFO] [Rank 1] Batch 399: Returning Loss
2026-01-23 03:40:59,143 [INFO] [Rank 0] Backward Pass - Start (DDP Sync happens here)
2026-01-23 03:40:59,161 [INFO] [Rank 1] Backward Pass - Start (DDP Sync happens here)
2026-01-23 03:40:59,766 [INFO] [Rank 1] Backward Pass - End
2026-01-23 03:40:59,767 [INFO] [Rank 0] Backward Pass - End
2026-01-23 03:40:59,788 [INFO] [Rank 1] Optimizer Step - Start
2026-01-23 03:40:59,803 [INFO] [Rank 0] Optimizer Step - Start
2026-01-23 03:40:59,934 [INFO] [Rank 0] Finished Batch 399
2026-01-23 03:40:59,934 [INFO] [Rank 1] Finished Batch 399
2026-01-23 03:40:59,951 [INFO] [Rank 0] Starting Batch 400
2026-01-23 03:40:59,964 [INFO] [Rank 1] Starting Batch 400
2026-01-23 03:40:59,975 [INFO] [Rank 0] Batch 400: Training Step Start
2026-01-23 03:41:00,081 [INFO] [Rank 1] Batch 400: Training Step Start
2026-01-23 03:41:00,100 [INFO] [Rank 0] Batch 400: Forward Start
2026-01-23 03:41:00,157 [INFO] [Rank 1] Batch 400: Forward Start
2026-01-23 03:41:00,277 [INFO] [Rank 0] Batch 400: Forward End (0.102s)
2026-01-23 03:41:00,294 [INFO] [Rank 1] Batch 400: Forward End (0.102s)
2026-01-23 03:41:00,300 [INFO] [Worker 0] Yielded sample 7600 from /storage/slurm/hunecke/fakesync/data/voxceleb2/preprocessed/shards_train/shard_0149.pt
2026-01-23 03:41:00,317 [INFO] [Worker 0] Yielded sample 7600 from /storage/slurm/hunecke/fakesync/data/voxceleb2/preprocessed/shards_train/shard_0052.pt
2026-01-23 03:41:00,331 [INFO] [Rank 0] Batch 400: Returning Loss
2026-01-23 03:41:00,343 [INFO] [Rank 1] Batch 400: Returning Loss
2026-01-23 03:41:00,451 [INFO] [Rank 0] Optimizer Step (Zero Grad) - Start
2026-01-23 03:41:00,468 [INFO] [Rank 1] Optimizer Step (Zero Grad) - Start
2026-01-23 03:41:00,529 [INFO] [Rank 0] Backward Pass - Start (DDP Sync happens here)
2026-01-23 03:41:00,549 [INFO] [Rank 1] Backward Pass - Start (DDP Sync happens here)
2026-01-23 03:41:00,973 [INFO] [Rank 0] Backward Pass - End
2026-01-23 03:41:01,019 [INFO] [Rank 1] Backward Pass - End
2026-01-23 03:41:01,105 [INFO] [Rank 0] Finished Batch 400
2026-01-23 03:41:01,123 [INFO] [Rank 1] Finished Batch 400
2026-01-23 03:41:01,155 [INFO] [Rank 0] Starting Batch 401
2026-01-23 03:41:01,176 [INFO] [Rank 1] Starting Batch 401
2026-01-23 03:41:01,185 [INFO] [Rank 0] Batch 401: Training Step Start
2026-01-23 03:41:01,234 [INFO] [Rank 1] Batch 401: Training Step Start
2026-01-23 03:41:01,250 [INFO] [Rank 0] Batch 401: Forward Start
2026-01-23 03:41:01,262 [INFO] [Rank 1] Batch 401: Forward Start
2026-01-23 03:41:01,420 [INFO] [Rank 0] Batch 401: Forward End (0.102s)
2026-01-23 03:41:01,445 [INFO] [Rank 1] Batch 401: Forward End (0.102s)
2026-01-23 03:41:01,457 [INFO] [Rank 0] Batch 401: Returning Loss
2026-01-23 03:41:01,490 [INFO] [Rank 1] Batch 401: Returning Loss
2026-01-23 03:41:01,523 [INFO] [Rank 0] Backward Pass - Start (DDP Sync happens here)
2026-01-23 03:41:01,587 [INFO] [Rank 1] Backward Pass - Start (DDP Sync happens here)
2026-01-23 03:41:02,048 [INFO] [Rank 0] Backward Pass - End
2026-01-23 03:41:02,059 [INFO] [Rank 1] Backward Pass - End
2026-01-23 03:41:02,570 [INFO] [Rank 0] Finished Batch 401
2026-01-23 03:41:02,570 [INFO] [Rank 1] Finished Batch 401
2026-01-23 03:41:02,585 [INFO] [Rank 0] Starting Batch 402
2026-01-23 03:41:02,607 [INFO] [Rank 1] Starting Batch 402
2026-01-23 03:41:02,715 [INFO] [Rank 0] Batch 402: Training Step Start
2026-01-23 03:41:02,743 [INFO] [Rank 1] Batch 402: Training Step Start
2026-01-23 03:41:02,806 [INFO] [Rank 0] Batch 402: Forward Start
2026-01-23 03:41:02,891 [INFO] [Rank 1] Batch 402: Forward Start
2026-01-23 03:41:03,011 [INFO] [Rank 0] Batch 402: Forward End (0.102s)
2026-01-23 03:41:03,033 [INFO] [Rank 0] Batch 402: Returning Loss
2026-01-23 03:41:03,108 [INFO] [Rank 1] Batch 402: Forward End (0.102s)
2026-01-23 03:41:03,132 [INFO] [Rank 0] Backward Pass - Start (DDP Sync happens here)
2026-01-23 03:41:03,183 [INFO] [Rank 1] Batch 402: Returning Loss
2026-01-23 03:41:03,249 [INFO] [Rank 1] Backward Pass - Start (DDP Sync happens here)
2026-01-23 03:41:03,648 [INFO] [Rank 0] Backward Pass - End
2026-01-23 03:41:03,751 [INFO] [Rank 1] Backward Pass - End
2026-01-23 03:41:03,897 [INFO] [Rank 0] Finished Batch 402
2026-01-23 03:41:03,898 [INFO] [Rank 1] Finished Batch 402
2026-01-23 03:41:03,952 [INFO] [Rank 0] Starting Batch 403
2026-01-23 03:41:03,984 [INFO] [Rank 1] Starting Batch 403
2026-01-23 03:41:04,040 [INFO] [Rank 0] Batch 403: Training Step Start
2026-01-23 03:41:04,054 [INFO] [Rank 1] Batch 403: Training Step Start
2026-01-23 03:41:04,134 [INFO] [Rank 0] Batch 403: Forward Start
2026-01-23 03:41:04,150 [INFO] [Rank 1] Batch 403: Forward Start
2026-01-23 03:41:04,294 [INFO] [Rank 0] Batch 403: Forward End (0.102s)
2026-01-23 03:41:04,356 [INFO] [Rank 1] Batch 403: Forward End (0.102s)
2026-01-23 03:41:04,462 [DEBUG] [Profile] batch_gap: 101.8ms, forward: 102.1ms, GPU_mem: 32.8GB (avg over 4 steps)
2026-01-23 03:41:04,482 [INFO] [Rank 0] Batch 403: Returning Loss
2026-01-23 03:41:04,523 [DEBUG] [Profile] batch_gap: 145.9ms, forward: 102.2ms, GPU_mem: 32.8GB (avg over 4 steps)
2026-01-23 03:41:04,526 [INFO] [Rank 0] Backward Pass - Start (DDP Sync happens here)
2026-01-23 03:41:04,542 [INFO] [Rank 1] Batch 403: Returning Loss
2026-01-23 03:41:04,693 [INFO] [Rank 1] Backward Pass - Start (DDP Sync happens here)
2026-01-23 03:41:05,062 [INFO] [Rank 0] Backward Pass - End
2026-01-23 03:41:05,165 [INFO] [Rank 1] Backward Pass - End
2026-01-23 03:41:05,286 [INFO] [Rank 0] Finished Batch 403
2026-01-23 03:41:05,287 [INFO] [Rank 1] Finished Batch 403
2026-01-23 03:41:05,355 [INFO] [Rank 0] Starting Batch 404
2026-01-23 03:41:05,374 [INFO] [Rank 1] Starting Batch 404
2026-01-23 03:41:05,442 [INFO] [Rank 0] Batch 404: Training Step Start
2026-01-23 03:41:05,478 [INFO] [Rank 1] Batch 404: Training Step Start
2026-01-23 03:41:05,500 [INFO] [Rank 0] Batch 404: Forward Start
2026-01-23 03:41:05,520 [INFO] [Rank 1] Batch 404: Forward Start
2026-01-23 03:41:05,720 [INFO] [Rank 0] Batch 404: Forward End (0.102s)
2026-01-23 03:41:05,752 [INFO] [Rank 0] Batch 404: Returning Loss
2026-01-23 03:41:05,756 [INFO] [Rank 1] Batch 404: Forward End (0.102s)
2026-01-23 03:41:05,805 [INFO] [Rank 0] Backward Pass - Start (DDP Sync happens here)
2026-01-23 03:41:05,831 [INFO] [Rank 1] Batch 404: Returning Loss
2026-01-23 03:41:05,919 [INFO] [Rank 1] Backward Pass - Start (DDP Sync happens here)
2026-01-23 03:41:06,308 [INFO] [Rank 0] Backward Pass - End
2026-01-23 03:41:06,393 [INFO] [Rank 1] Backward Pass - End
2026-01-23 03:41:06,681 [INFO] [Rank 0] Finished Batch 404
2026-01-23 03:41:06,681 [INFO] [Rank 1] Finished Batch 404
2026-01-23 03:41:06,755 [INFO] [Rank 0] Starting Batch 405
2026-01-23 03:41:06,776 [INFO] [Rank 1] Starting Batch 405
2026-01-23 03:41:06,845 [INFO] [Rank 0] Batch 405: Training Step Start
2026-01-23 03:41:06,866 [INFO] [Rank 1] Batch 405: Training Step Start
2026-01-23 03:41:06,888 [INFO] [Rank 0] Batch 405: Forward Start
2026-01-23 03:41:06,903 [INFO] [Rank 1] Batch 405: Forward Start
2026-01-23 03:41:07,094 [INFO] [Rank 0] Batch 405: Forward End (0.102s)
2026-01-23 03:41:07,118 [INFO] [Rank 1] Batch 405: Forward End (0.102s)
2026-01-23 03:41:07,184 [INFO] [Rank 0] Batch 405: Returning Loss
2026-01-23 03:41:07,198 [INFO] [Rank 1] Batch 405: Returning Loss
2026-01-23 03:41:07,202 [INFO] [Worker 0] Yielded sample 7700 from /storage/slurm/hunecke/fakesync/data/voxceleb2/preprocessed/shards_train/shard_0052.pt
2026-01-23 03:41:07,230 [INFO] [Rank 0] Backward Pass - Start (DDP Sync happens here)
2026-01-23 03:41:07,233 [INFO] [Worker 0] Yielded sample 7700 from /storage/slurm/hunecke/fakesync/data/voxceleb2/preprocessed/shards_train/shard_0149.pt
2026-01-23 03:41:07,287 [INFO] [Rank 1] Backward Pass - Start (DDP Sync happens here)
2026-01-23 03:41:07,759 [INFO] [Rank 0] Backward Pass - End
2026-01-23 03:41:07,824 [INFO] [Rank 1] Backward Pass - End
2026-01-23 03:41:08,088 [INFO] [Rank 0] Finished Batch 405
2026-01-23 03:41:08,089 [INFO] [Rank 1] Finished Batch 405
2026-01-23 03:41:08,160 [INFO] [Rank 0] Starting Batch 406
2026-01-23 03:41:08,222 [INFO] [Rank 1] Starting Batch 406
2026-01-23 03:41:08,290 [INFO] [Rank 0] Batch 406: Training Step Start
2026-01-23 03:41:08,308 [INFO] [Rank 1] Batch 406: Training Step Start
2026-01-23 03:41:08,339 [INFO] [Rank 0] Batch 406: Forward Start
2026-01-23 03:41:08,355 [INFO] [Rank 1] Batch 406: Forward Start
2026-01-23 03:41:08,520 [INFO] [Rank 0] Batch 406: Forward End (0.102s)
2026-01-23 03:41:08,533 [INFO] [Rank 1] Batch 406: Forward End (0.102s)
2026-01-23 03:41:08,566 [INFO] [Rank 0] Batch 406: Returning Loss
2026-01-23 03:41:08,584 [INFO] [Rank 1] Batch 406: Returning Loss
2026-01-23 03:41:08,636 [INFO] [Rank 0] Backward Pass - Start (DDP Sync happens here)
2026-01-23 03:41:08,720 [INFO] [Rank 1] Backward Pass - Start (DDP Sync happens here)
2026-01-23 03:41:09,146 [INFO] [Rank 0] Backward Pass - End
2026-01-23 03:41:09,169 [INFO] [Rank 1] Backward Pass - End
2026-01-23 03:41:09,416 [INFO] [Rank 0] Finished Batch 406
2026-01-23 03:41:09,416 [INFO] [Rank 1] Finished Batch 406
2026-01-23 03:41:09,431 [INFO] [Rank 0] Starting Batch 407
2026-01-23 03:41:09,447 [INFO] [Rank 1] Starting Batch 407
2026-01-23 03:41:09,460 [INFO] [Rank 0] Batch 407: Training Step Start
2026-01-23 03:41:09,475 [INFO] [Rank 1] Batch 407: Training Step Start
2026-01-23 03:41:09,490 [INFO] [Rank 0] Batch 407: Forward Start
2026-01-23 03:41:09,502 [INFO] [Rank 1] Batch 407: Forward Start
2026-01-23 03:41:09,619 [INFO] [Rank 0] Batch 407: Forward End (0.102s)
2026-01-23 03:41:09,632 [INFO] [Rank 1] Batch 407: Forward End (0.102s)
2026-01-23 03:41:09,786 [DEBUG] [Profile] batch_gap: 141.3ms, forward: 102.0ms, GPU_mem: 32.8GB (avg over 4 steps)
2026-01-23 03:41:09,800 [DEBUG] [Profile] batch_gap: 163.3ms, forward: 102.1ms, GPU_mem: 32.8GB (avg over 4 steps)
2026-01-23 03:41:09,806 [INFO] [Rank 0] Batch 407: Returning Loss
2026-01-23 03:41:09,869 [INFO] [Rank 1] Batch 407: Returning Loss
2026-01-23 03:41:09,888 [INFO] [Rank 0] Backward Pass - Start (DDP Sync happens here)
2026-01-23 03:41:09,984 [INFO] [Rank 1] Backward Pass - Start (DDP Sync happens here)
2026-01-23 03:41:10,629 [INFO] [Rank 1] Backward Pass - End
2026-01-23 03:41:10,629 [INFO] [Rank 0] Backward Pass - End
2026-01-23 03:41:10,692 [INFO] [Rank 1] Optimizer Step - Start
2026-01-23 03:41:10,735 [INFO] [Rank 0] Optimizer Step - Start
2026-01-23 03:41:10,938 [INFO] [Rank 0] Finished Batch 407
2026-01-23 03:41:10,939 [INFO] [Rank 1] Finished Batch 407
2026-01-23 03:41:10,972 [INFO] [Rank 0] Starting Batch 408
2026-01-23 03:41:11,040 [INFO] [Rank 1] Starting Batch 408
2026-01-23 03:41:11,044 [INFO] [Rank 0] Batch 408: Training Step Start
2026-01-23 03:41:11,146 [INFO] [Rank 1] Batch 408: Training Step Start
2026-01-23 03:41:11,164 [INFO] [Rank 0] Batch 408: Forward Start
2026-01-23 03:41:11,229 [INFO] [Rank 1] Batch 408: Forward Start
2026-01-23 03:41:11,424 [INFO] [Rank 0] Batch 408: Forward End (0.102s)
2026-01-23 03:41:11,487 [INFO] [Rank 1] Batch 408: Forward End (0.102s)
2026-01-23 03:41:11,494 [INFO] [Rank 0] Batch 408: Returning Loss
2026-01-23 03:41:11,933 [INFO] [Rank 1] Batch 408: Returning Loss
2026-01-23 03:41:11,986 [INFO] [Rank 0] Optimizer Step (Zero Grad) - Start
2026-01-23 03:41:12,008 [INFO] [Rank 1] Optimizer Step (Zero Grad) - Start
2026-01-23 03:41:12,040 [INFO] [Rank 0] Backward Pass - Start (DDP Sync happens here)
2026-01-23 03:41:12,177 [INFO] [Rank 1] Backward Pass - Start (DDP Sync happens here)
2026-01-23 03:41:12,604 [INFO] [Rank 0] Backward Pass - End
2026-01-23 03:41:12,622 [INFO] [Rank 1] Backward Pass - End
2026-01-23 03:41:12,822 [INFO] [Rank 0] Finished Batch 408
2026-01-23 03:41:12,823 [INFO] [Rank 1] Finished Batch 408
2026-01-23 03:41:12,894 [INFO] [Rank 0] Starting Batch 409
2026-01-23 03:41:13,380 [INFO] [Rank 1] Starting Batch 409
2026-01-23 03:41:13,408 [INFO] [Rank 0] Batch 409: Training Step Start
2026-01-23 03:41:13,445 [INFO] [Rank 1] Batch 409: Training Step Start
2026-01-23 03:41:13,503 [INFO] [Rank 0] Batch 409: Forward Start
2026-01-23 03:41:13,545 [INFO] [Rank 1] Batch 409: Forward Start
2026-01-23 03:41:13,670 [INFO] [Rank 0] Batch 409: Forward End (0.102s)
2026-01-23 03:41:13,723 [INFO] [Rank 1] Batch 409: Forward End (0.102s)
2026-01-23 03:41:13,730 [INFO] [Rank 0] Batch 409: Returning Loss
2026-01-23 03:41:13,790 [INFO] [Rank 1] Batch 409: Returning Loss
2026-01-23 03:41:13,830 [INFO] [Rank 0] Backward Pass - Start (DDP Sync happens here)
2026-01-23 03:41:13,841 [INFO] [Rank 1] Backward Pass - Start (DDP Sync happens here)
2026-01-23 03:41:14,273 [INFO] [Rank 0] Backward Pass - End
2026-01-23 03:41:14,352 [INFO] [Rank 1] Backward Pass - End
2026-01-23 03:41:14,861 [INFO] [Rank 0] Finished Batch 409
2026-01-23 03:41:14,861 [INFO] [Rank 1] Finished Batch 409
2026-01-23 03:41:14,892 [INFO] [Rank 0] Starting Batch 410
2026-01-23 03:41:14,930 [INFO] [Rank 1] Starting Batch 410
2026-01-23 03:41:14,976 [INFO] [Rank 0] Batch 410: Training Step Start
2026-01-23 03:41:15,004 [INFO] [Rank 1] Batch 410: Training Step Start
2026-01-23 03:41:15,020 [INFO] [Rank 0] Batch 410: Forward Start
2026-01-23 03:41:15,034 [INFO] [Rank 1] Batch 410: Forward Start
2026-01-23 03:41:15,254 [INFO] [Rank 0] Batch 410: Forward End (0.102s)
2026-01-23 03:41:15,293 [INFO] [Rank 1] Batch 410: Forward End (0.102s)
2026-01-23 03:41:15,306 [INFO] [Rank 0] Batch 410: Returning Loss
2026-01-23 03:41:15,327 [INFO] [Rank 1] Batch 410: Returning Loss
2026-01-23 03:41:15,343 [INFO] [Rank 0] Backward Pass - Start (DDP Sync happens here)
2026-01-23 03:41:15,404 [INFO] [Worker 0] Yielded sample 7800 from /storage/slurm/hunecke/fakesync/data/voxceleb2/preprocessed/shards_train/shard_0052.pt
2026-01-23 03:41:15,441 [INFO] [Rank 1] Backward Pass - Start (DDP Sync happens here)
2026-01-23 03:41:15,443 [INFO] [Worker 0] Yielded sample 7800 from /storage/slurm/hunecke/fakesync/data/voxceleb2/preprocessed/shards_train/shard_0149.pt
2026-01-23 03:41:15,897 [INFO] [Rank 0] Backward Pass - End
2026-01-23 03:41:15,989 [INFO] [Rank 1] Backward Pass - End
2026-01-23 03:41:16,377 [INFO] [Rank 0] Finished Batch 410
2026-01-23 03:41:16,377 [INFO] [Rank 1] Finished Batch 410
2026-01-23 03:41:16,459 [INFO] [Rank 0] Starting Batch 411
2026-01-23 03:41:16,491 [INFO] [Rank 1] Starting Batch 411
2026-01-23 03:41:16,502 [INFO] [Rank 0] Batch 411: Training Step Start
2026-01-23 03:41:16,570 [INFO] [Rank 1] Batch 411: Training Step Start
2026-01-23 03:41:16,595 [INFO] [Rank 0] Batch 411: Forward Start
2026-01-23 03:41:16,678 [INFO] [Rank 1] Batch 411: Forward Start
2026-01-23 03:41:16,732 [INFO] [Worker 1] Starting load: /storage/slurm/hunecke/fakesync/data/voxceleb2/preprocessed/shards_train/shard_0103.pt (mmap=False)
2026-01-23 03:41:16,838 [INFO] [Rank 0] Batch 411: Forward End (0.102s)
2026-01-23 03:41:16,893 [INFO] [Rank 1] Batch 411: Forward End (0.102s)
2026-01-23 03:41:17,006 [DEBUG] [Profile] batch_gap: 232.5ms, forward: 102.1ms, GPU_mem: 32.8GB (avg over 4 steps)
2026-01-23 03:41:17,061 [DEBUG] [Profile] batch_gap: 290.9ms, forward: 102.4ms, GPU_mem: 32.8GB (avg over 4 steps)
2026-01-23 03:41:17,077 [INFO] [Rank 0] Batch 411: Returning Loss
2026-01-23 03:41:17,155 [INFO] [Rank 1] Batch 411: Returning Loss
2026-01-23 03:41:17,191 [INFO] [Rank 0] Backward Pass - Start (DDP Sync happens here)
2026-01-23 03:41:17,649 [INFO] [Rank 1] Backward Pass - Start (DDP Sync happens here)
2026-01-23 03:41:18,113 [INFO] [Rank 0] Backward Pass - End
2026-01-23 03:41:18,135 [INFO] [Rank 1] Backward Pass - End
2026-01-23 03:41:18,362 [INFO] [Rank 0] Finished Batch 411
2026-01-23 03:41:18,362 [INFO] [Rank 1] Finished Batch 411
2026-01-23 03:41:18,425 [INFO] [Rank 0] Starting Batch 412
2026-01-23 03:41:18,438 [INFO] [Rank 1] Starting Batch 412
2026-01-23 03:41:18,518 [INFO] [Rank 0] Batch 412: Training Step Start
2026-01-23 03:41:18,558 [INFO] [Rank 1] Batch 412: Training Step Start
2026-01-23 03:41:18,607 [INFO] [Rank 0] Batch 412: Forward Start
2026-01-23 03:41:18,639 [INFO] [Rank 1] Batch 412: Forward Start
2026-01-23 03:41:19,185 [INFO] [Rank 0] Batch 412: Forward End (0.103s)
2026-01-23 03:41:19,203 [INFO] [Rank 1] Batch 412: Forward End (0.103s)
2026-01-23 03:41:19,254 [INFO] [Rank 0] Batch 412: Returning Loss
2026-01-23 03:41:19,272 [INFO] [Rank 1] Batch 412: Returning Loss
2026-01-23 03:41:19,319 [INFO] [Rank 0] Backward Pass - Start (DDP Sync happens here)
2026-01-23 03:41:19,342 [INFO] [Rank 1] Backward Pass - Start (DDP Sync happens here)
2026-01-23 03:41:19,807 [INFO] [Rank 0] Backward Pass - End
2026-01-23 03:41:19,895 [INFO] [Rank 1] Backward Pass - End
2026-01-23 03:41:19,967 [INFO] [Rank 0] Finished Batch 412
2026-01-23 03:41:20,002 [INFO] [Rank 1] Finished Batch 412
2026-01-23 03:41:20,019 [INFO] [Rank 0] Starting Batch 413
2026-01-23 03:41:20,038 [INFO] [Rank 1] Starting Batch 413
2026-01-23 03:41:20,465 [INFO] [Rank 0] Batch 413: Training Step Start
2026-01-23 03:41:20,608 [INFO] [Rank 1] Batch 413: Training Step Start
2026-01-23 03:41:20,704 [INFO] [Rank 0] Batch 413: Forward Start
2026-01-23 03:41:20,723 [INFO] [Rank 1] Batch 413: Forward Start
2026-01-23 03:41:20,916 [INFO] [Rank 0] Batch 413: Forward End (0.102s)
2026-01-23 03:41:20,930 [INFO] [Rank 1] Batch 413: Forward End (0.102s)
2026-01-23 03:41:20,964 [INFO] [Rank 0] Batch 413: Returning Loss
2026-01-23 03:41:21,015 [INFO] [Rank 1] Batch 413: Returning Loss
2026-01-23 03:41:21,054 [INFO] [Rank 0] Backward Pass - Start (DDP Sync happens here)
2026-01-23 03:41:21,072 [INFO] [Rank 1] Backward Pass - Start (DDP Sync happens here)
2026-01-23 03:41:21,561 [INFO] [Rank 0] Backward Pass - End
2026-01-23 03:41:21,580 [INFO] [Rank 1] Backward Pass - End
2026-01-23 03:41:22,018 [INFO] [Rank 0] Finished Batch 413
2026-01-23 03:41:22,018 [INFO] [Rank 1] Finished Batch 413
2026-01-23 03:41:22,093 [INFO] [Rank 0] Starting Batch 414
2026-01-23 03:41:22,107 [INFO] [Rank 1] Starting Batch 414
2026-01-23 03:41:22,107 [INFO] [Rank 0] Batch 414: Training Step Start
2026-01-23 03:41:22,157 [INFO] [Rank 1] Batch 414: Training Step Start
2026-01-23 03:41:22,175 [INFO] [Rank 0] Batch 414: Forward Start
2026-01-23 03:41:22,191 [INFO] [Rank 1] Batch 414: Forward Start
2026-01-23 03:41:22,343 [INFO] [Rank 0] Batch 414: Forward End (0.102s)
2026-01-23 03:41:22,358 [INFO] [Rank 1] Batch 414: Forward End (0.102s)
2026-01-23 03:41:22,362 [INFO] [Rank 0] Batch 414: Returning Loss
2026-01-23 03:41:22,419 [INFO] [Rank 1] Batch 414: Returning Loss
2026-01-23 03:41:22,430 [INFO] [Rank 0] Backward Pass - Start (DDP Sync happens here)
2026-01-23 03:41:22,486 [INFO] [Rank 1] Backward Pass - Start (DDP Sync happens here)
2026-01-23 03:41:22,920 [INFO] [Rank 0] Backward Pass - End
2026-01-23 03:41:22,936 [INFO] [Rank 1] Backward Pass - End
2026-01-23 03:41:23,381 [INFO] [Rank 0] Finished Batch 414
2026-01-23 03:41:23,381 [INFO] [Rank 1] Finished Batch 414
2026-01-23 03:41:23,423 [INFO] [Rank 0] Starting Batch 415
2026-01-23 03:41:23,440 [INFO] [Rank 1] Starting Batch 415
2026-01-23 03:41:23,445 [INFO] [Rank 0] Batch 415: Training Step Start
2026-01-23 03:41:23,459 [INFO] [Rank 1] Batch 415: Training Step Start
2026-01-23 03:41:23,474 [INFO] [Rank 0] Batch 415: Forward Start
2026-01-23 03:41:23,491 [INFO] [Rank 1] Batch 415: Forward Start
2026-01-23 03:41:23,610 [INFO] [Rank 0] Batch 415: Forward End (0.102s)
2026-01-23 03:41:23,625 [INFO] [Rank 1] Batch 415: Forward End (0.102s)
2026-01-23 03:41:23,777 [DEBUG] [Profile] batch_gap: 201.3ms, forward: 102.3ms, GPU_mem: 32.8GB (avg over 4 steps)
2026-01-23 03:41:23,793 [DEBUG] [Profile] batch_gap: 253.9ms, forward: 102.4ms, GPU_mem: 32.8GB (avg over 4 steps)
2026-01-23 03:41:23,840 [INFO] [Rank 0] Batch 415: Returning Loss
2026-01-23 03:41:23,855 [INFO] [Rank 1] Batch 415: Returning Loss
2026-01-23 03:41:23,907 [INFO] [Rank 0] Backward Pass - Start (DDP Sync happens here)
2026-01-23 03:41:23,975 [INFO] [Worker 0] Yielded sample 7900 from /storage/slurm/hunecke/fakesync/data/voxceleb2/preprocessed/shards_train/shard_0149.pt
2026-01-23 03:41:23,985 [INFO] [Rank 1] Backward Pass - Start (DDP Sync happens here)
2026-01-23 03:41:24,003 [INFO] [Worker 0] Yielded sample 7900 from /storage/slurm/hunecke/fakesync/data/voxceleb2/preprocessed/shards_train/shard_0052.pt
2026-01-23 03:41:24,649 [INFO] [Rank 1] Backward Pass - End
2026-01-23 03:41:24,650 [INFO] [Rank 0] Backward Pass - End
2026-01-23 03:41:24,766 [INFO] [Rank 1] Optimizer Step - Start
2026-01-23 03:41:24,848 [INFO] [Rank 0] Optimizer Step - Start
2026-01-23 03:41:25,049 [INFO] [Rank 0] Finished Batch 415
2026-01-23 03:41:25,049 [INFO] [Rank 1] Finished Batch 415
2026-01-23 03:41:25,148 [INFO] [Rank 0] Starting Batch 416
2026-01-23 03:41:25,167 [INFO] [Rank 1] Starting Batch 416
2026-01-23 03:41:25,265 [INFO] [Rank 0] Batch 416: Training Step Start
2026-01-23 03:41:25,286 [INFO] [Rank 1] Batch 416: Training Step Start
2026-01-23 03:41:25,353 [INFO] [Rank 0] Batch 416: Forward Start
2026-01-23 03:41:25,381 [INFO] [Rank 1] Batch 416: Forward Start
2026-01-23 03:41:25,506 [INFO] [Rank 0] Batch 416: Forward End (0.102s)
2026-01-23 03:41:25,576 [INFO] [Rank 1] Batch 416: Forward End (0.102s)
2026-01-23 03:41:25,615 [INFO] [Rank 0] Batch 416: Returning Loss
2026-01-23 03:41:25,654 [INFO] [Rank 1] Batch 416: Returning Loss
2026-01-23 03:41:25,700 [INFO] [Rank 0] Optimizer Step (Zero Grad) - Start
2026-01-23 03:41:25,740 [INFO] [Rank 1] Optimizer Step (Zero Grad) - Start
2026-01-23 03:41:26,210 [INFO] [Rank 0] Backward Pass - Start (DDP Sync happens here)
2026-01-23 03:41:26,251 [INFO] [Rank 1] Backward Pass - Start (DDP Sync happens here)
2026-01-23 03:41:26,703 [INFO] [Worker 1]  Loaded /storage/slurm/hunecke/fakesync/data/voxceleb2/preprocessed/shards_train/shard_0103.pt in 9.97s. Items: 3969
2026-01-23 03:41:26,725 [INFO] [Rank 0] Backward Pass - End
2026-01-23 03:41:26,741 [INFO] [Rank 1] Backward Pass - End
2026-01-23 03:41:26,890 [INFO] [Rank 0] Finished Batch 416
2026-01-23 03:41:26,890 [INFO] [Rank 1] Finished Batch 416
2026-01-23 03:41:26,909 [INFO] [Rank 0] Starting Batch 417
2026-01-23 03:41:26,922 [INFO] [Rank 1] Starting Batch 417
2026-01-23 03:41:26,967 [INFO] [Rank 0] Batch 417: Training Step Start
2026-01-23 03:41:26,986 [INFO] [Rank 1] Batch 417: Training Step Start
2026-01-23 03:41:26,999 [INFO] [Rank 0] Batch 417: Forward Start
2026-01-23 03:41:27,013 [INFO] [Rank 1] Batch 417: Forward Start
2026-01-23 03:41:27,201 [INFO] [Rank 0] Batch 417: Forward End (0.102s)
2026-01-23 03:41:27,245 [INFO] [Rank 1] Batch 417: Forward End (0.102s)
2026-01-23 03:41:27,695 [INFO] [Rank 0] Batch 417: Returning Loss
2026-01-23 03:41:27,797 [INFO] [Rank 1] Batch 417: Returning Loss
2026-01-23 03:41:27,820 [INFO] [Rank 0] Backward Pass - Start (DDP Sync happens here)
2026-01-23 03:41:27,845 [INFO] [Rank 1] Backward Pass - Start (DDP Sync happens here)
2026-01-23 03:41:28,311 [INFO] [Rank 0] Backward Pass - End
2026-01-23 03:41:28,368 [INFO] [Rank 1] Backward Pass - End
2026-01-23 03:41:28,502 [INFO] [Rank 0] Finished Batch 417
2026-01-23 03:41:28,502 [INFO] [Rank 1] Finished Batch 417
2026-01-23 03:41:28,613 [INFO] [Rank 0] Starting Batch 418
2026-01-23 03:41:29,071 [INFO] [Rank 1] Starting Batch 418
2026-01-23 03:41:29,139 [INFO] [Rank 0] Batch 418: Training Step Start
2026-01-23 03:41:29,157 [INFO] [Rank 1] Batch 418: Training Step Start
2026-01-23 03:41:29,183 [INFO] [Rank 0] Batch 418: Forward Start
2026-01-23 03:41:29,259 [INFO] [Rank 1] Batch 418: Forward Start
2026-01-23 03:41:29,397 [INFO] [Rank 0] Batch 418: Forward End (0.102s)
2026-01-23 03:41:29,454 [INFO] [Rank 0] Batch 418: Returning Loss
2026-01-23 03:41:29,458 [INFO] [Rank 1] Batch 418: Forward End (0.102s)
2026-01-23 03:41:29,474 [INFO] [Rank 0] Backward Pass - Start (DDP Sync happens here)
2026-01-23 03:41:29,593 [INFO] [Rank 1] Batch 418: Returning Loss
2026-01-23 03:41:29,679 [INFO] [Rank 1] Backward Pass - Start (DDP Sync happens here)
2026-01-23 03:41:30,022 [INFO] [Rank 0] Backward Pass - End
2026-01-23 03:41:30,134 [INFO] [Rank 1] Backward Pass - End
2026-01-23 03:41:30,558 [INFO] [Rank 0] Finished Batch 418
2026-01-23 03:41:30,559 [INFO] [Rank 1] Finished Batch 418
2026-01-23 03:41:30,573 [INFO] [Rank 0] Starting Batch 419
2026-01-23 03:41:30,624 [INFO] [Rank 1] Starting Batch 419
2026-01-23 03:41:30,643 [INFO] [Rank 0] Batch 419: Training Step Start
2026-01-23 03:41:30,695 [INFO] [Rank 1] Batch 419: Training Step Start
2026-01-23 03:41:30,709 [INFO] [Rank 0] Batch 419: Forward Start
2026-01-23 03:41:30,723 [INFO] [Rank 1] Batch 419: Forward Start
2026-01-23 03:41:30,872 [INFO] [Rank 0] Batch 419: Forward End (0.102s)
2026-01-23 03:41:30,890 [INFO] [Rank 1] Batch 419: Forward End (0.102s)
2026-01-23 03:41:31,040 [DEBUG] [Profile] batch_gap: 253.3ms, forward: 102.1ms, GPU_mem: 32.8GB (avg over 4 steps)
2026-01-23 03:41:31,058 [DEBUG] [Profile] batch_gap: 280.2ms, forward: 102.3ms, GPU_mem: 32.8GB (avg over 4 steps)
2026-01-23 03:41:31,061 [INFO] [Rank 0] Batch 419: Returning Loss
2026-01-23 03:41:31,077 [INFO] [Rank 1] Batch 419: Returning Loss
2026-01-23 03:41:31,149 [INFO] [Rank 0] Backward Pass - Start (DDP Sync happens here)
2026-01-23 03:41:31,216 [INFO] [Rank 1] Backward Pass - Start (DDP Sync happens here)
2026-01-23 03:41:31,652 [INFO] [Rank 0] Backward Pass - End
2026-01-23 03:41:31,719 [INFO] [Rank 1] Backward Pass - End
2026-01-23 03:41:32,127 [INFO] [Rank 0] Finished Batch 419
2026-01-23 03:41:32,127 [INFO] [Rank 1] Finished Batch 419
2026-01-23 03:41:32,143 [INFO] [Rank 0] Starting Batch 420
2026-01-23 03:41:32,155 [INFO] [Rank 1] Starting Batch 420
2026-01-23 03:41:32,168 [INFO] [Rank 0] Batch 420: Training Step Start
2026-01-23 03:41:32,183 [INFO] [Rank 1] Batch 420: Training Step Start
2026-01-23 03:41:32,194 [INFO] [Rank 0] Batch 420: Forward Start
2026-01-23 03:41:32,208 [INFO] [Rank 1] Batch 420: Forward Start
2026-01-23 03:41:32,322 [INFO] [Rank 0] Batch 420: Forward End (0.102s)
2026-01-23 03:41:32,339 [INFO] [Worker 0] Starting load: /storage/slurm/hunecke/fakesync/data/voxceleb2/preprocessed/shards_train/shard_0075.pt (mmap=False)
2026-01-23 03:41:32,344 [INFO] [Rank 0] Batch 420: Returning Loss
2026-01-23 03:41:32,346 [INFO] [Worker 0] Starting load: /storage/slurm/hunecke/fakesync/data/voxceleb2/preprocessed/shards_train/shard_0146.pt (mmap=False)
2026-01-23 03:41:32,396 [INFO] [Rank 1] Batch 420: Forward End (0.102s)
2026-01-23 03:41:32,527 [INFO] [Rank 0] Backward Pass - Start (DDP Sync happens here)
2026-01-23 03:41:32,623 [INFO] [Rank 1] Batch 420: Returning Loss
2026-01-23 03:41:32,724 [INFO] [Rank 1] Backward Pass - Start (DDP Sync happens here)
2026-01-23 03:41:33,098 [INFO] [Rank 0] Backward Pass - End
2026-01-23 03:41:33,235 [INFO] [Rank 1] Backward Pass - End
2026-01-23 03:41:33,515 [INFO] [Rank 0] Finished Batch 420
2026-01-23 03:41:33,515 [INFO] [Rank 1] Finished Batch 420
2026-01-23 03:41:33,593 [INFO] [Rank 0] Starting Batch 421
2026-01-23 03:41:33,633 [INFO] [Rank 1] Starting Batch 421
2026-01-23 03:41:33,697 [INFO] [Rank 0] Batch 421: Training Step Start
2026-01-23 03:41:33,745 [INFO] [Rank 1] Batch 421: Training Step Start
2026-01-23 03:41:33,747 [INFO] [Worker 1] Starting load: /storage/slurm/hunecke/fakesync/data/voxceleb2/preprocessed/shards_train/shard_0021.pt (mmap=False)
2026-01-23 03:41:33,810 [INFO] [Rank 0] Batch 421: Forward Start
2026-01-23 03:41:33,830 [INFO] [Rank 1] Batch 421: Forward Start
2026-01-23 03:41:34,053 [INFO] [Rank 0] Batch 421: Forward End (0.102s)
2026-01-23 03:41:34,122 [INFO] [Rank 0] Batch 421: Returning Loss
2026-01-23 03:41:34,129 [INFO] [Rank 1] Batch 421: Forward End (0.102s)
2026-01-23 03:41:34,142 [INFO] [Rank 0] Backward Pass - Start (DDP Sync happens here)
2026-01-23 03:41:34,161 [INFO] [Rank 1] Batch 421: Returning Loss
2026-01-23 03:41:34,629 [INFO] [Rank 1] Backward Pass - Start (DDP Sync happens here)
2026-01-23 03:41:41,602 [INFO] [Rank 0] Backward Pass - End
2026-01-23 03:41:41,602 [INFO] [Rank 1] Backward Pass - End
2026-01-23 03:41:42,167 [INFO] [Rank 0] Finished Batch 421
2026-01-23 03:41:42,181 [INFO] [Rank 1] Finished Batch 421
2026-01-23 03:41:42,277 [INFO] [Rank 0] Starting Batch 422
2026-01-23 03:41:42,346 [INFO] [Rank 1] Starting Batch 422
2026-01-23 03:41:42,423 [INFO] [Rank 0] Batch 422: Training Step Start
2026-01-23 03:41:42,454 [INFO] [Rank 1] Batch 422: Training Step Start
2026-01-23 03:41:42,456 [INFO] [Worker 2] Starting load: /storage/slurm/hunecke/fakesync/data/voxceleb2/preprocessed/shards_train/shard_0031.pt (mmap=False)
2026-01-23 03:41:42,497 [INFO] [Worker 2] Starting load: /storage/slurm/hunecke/fakesync/data/voxceleb2/preprocessed/shards_train/shard_0120.pt (mmap=False)
2026-01-23 03:41:42,523 [INFO] [Rank 0] Batch 422: Forward Start
2026-01-23 03:41:42,549 [INFO] [Rank 1] Batch 422: Forward Start
2026-01-23 03:41:42,821 [INFO] [Rank 0] Batch 422: Forward End (0.103s)
2026-01-23 03:41:42,856 [INFO] [Rank 1] Batch 422: Forward End (0.102s)
2026-01-23 03:41:42,890 [INFO] [Rank 0] Batch 422: Returning Loss
2026-01-23 03:41:42,943 [INFO] [Rank 1] Batch 422: Returning Loss
2026-01-23 03:41:43,032 [INFO] [Rank 0] Backward Pass - Start (DDP Sync happens here)
2026-01-23 03:41:43,469 [INFO] [Rank 1] Backward Pass - Start (DDP Sync happens here)
2026-01-23 03:41:50,163 [INFO] [Rank 1] Backward Pass - End
2026-01-23 03:41:50,163 [INFO] [Rank 0] Backward Pass - End
2026-01-23 03:41:50,504 [INFO] [Rank 0] Finished Batch 422
2026-01-23 03:41:50,504 [INFO] [Rank 1] Finished Batch 422
2026-01-23 03:41:50,506 [INFO] [Rank 0] Starting Batch 423
2026-01-23 03:41:50,506 [INFO] [Rank 0] Batch 423: Training Step Start
2026-01-23 03:41:50,506 [INFO] [Rank 0] Batch 423: Forward Start
2026-01-23 03:41:50,506 [INFO] [Rank 1] Starting Batch 423
2026-01-23 03:41:50,507 [INFO] [Rank 1] Batch 423: Training Step Start
2026-01-23 03:41:50,507 [INFO] [Rank 1] Batch 423: Forward Start
2026-01-23 03:41:51,714 [INFO] [Rank 0] Batch 423: Forward End (1.207s)
2026-01-23 03:41:51,714 [INFO] [Rank 1] Batch 423: Forward End (1.207s)
2026-01-23 03:41:51,776 [INFO] [Worker 3] Starting load: /storage/slurm/hunecke/fakesync/data/voxceleb2/preprocessed/shards_train/shard_0156.pt (mmap=False)
2026-01-23 03:41:51,791 [INFO] [Worker 3] Starting load: /storage/slurm/hunecke/fakesync/data/voxceleb2/preprocessed/shards_train/shard_0045.pt (mmap=False)
2026-01-23 03:41:51,882 [DEBUG] [Profile] batch_gap: 139.6ms, forward: 378.5ms, GPU_mem: 32.8GB (avg over 4 steps)
2026-01-23 03:41:51,883 [INFO] [Rank 1] Batch 423: Returning Loss
2026-01-23 03:41:51,882 [DEBUG] [Profile] batch_gap: 119.9ms, forward: 378.6ms, GPU_mem: 32.8GB (avg over 4 steps)
2026-01-23 03:41:51,883 [INFO] [Rank 0] Batch 423: Returning Loss
2026-01-23 03:41:51,884 [INFO] [Rank 1] Backward Pass - Start (DDP Sync happens here)
2026-01-23 03:41:51,884 [INFO] [Rank 0] Backward Pass - Start (DDP Sync happens here)
2026-01-23 03:41:56,928 [INFO] [Rank 1] Backward Pass - End
2026-01-23 03:41:56,928 [INFO] [Rank 0] Backward Pass - End
2026-01-23 03:41:56,930 [INFO] [Rank 0] Optimizer Step - Start
2026-01-23 03:41:56,930 [INFO] [Rank 1] Optimizer Step - Start
2026-01-23 03:41:57,008 [INFO] [Rank 0] Finished Batch 423
2026-01-23 03:41:57,009 [INFO] [Rank 1] Finished Batch 423
2026-01-23 03:41:57,010 [INFO] [Rank 0] Starting Batch 424
2026-01-23 03:41:57,010 [INFO] [Rank 0] Batch 424: Training Step Start
2026-01-23 03:41:57,010 [INFO] [Rank 0] Batch 424: Forward Start
2026-01-23 03:41:57,011 [INFO] [Rank 1] Starting Batch 424
2026-01-23 03:41:57,012 [INFO] [Rank 1] Batch 424: Training Step Start
2026-01-23 03:41:57,012 [INFO] [Rank 1] Batch 424: Forward Start
2026-01-23 03:42:03,088 [INFO] [Worker 4] Starting load: /storage/slurm/hunecke/fakesync/data/voxceleb2/preprocessed/shards_train/shard_0130.pt (mmap=False)
2026-01-23 03:42:03,161 [INFO] [Rank 0] Batch 424: Forward End (6.151s)
2026-01-23 03:42:03,162 [INFO] [Rank 1] Batch 424: Forward End (6.150s)
2026-01-23 03:42:03,172 [INFO] [Rank 1] Batch 424: Returning Loss
2026-01-23 03:42:03,172 [INFO] [Rank 0] Batch 424: Returning Loss
2026-01-23 03:42:03,172 [INFO] [Rank 1] Optimizer Step (Zero Grad) - Start
2026-01-23 03:42:03,173 [INFO] [Rank 0] Optimizer Step (Zero Grad) - Start
2026-01-23 03:42:03,173 [INFO] [Rank 1] Backward Pass - Start (DDP Sync happens here)
2026-01-23 03:42:03,173 [INFO] [Rank 0] Backward Pass - Start (DDP Sync happens here)
2026-01-23 03:42:29,976 [INFO] [Rank 1] Backward Pass - End
2026-01-23 03:42:29,977 [INFO] [Rank 0] Backward Pass - End
2026-01-23 03:42:30,168 [INFO] [Rank 0] Finished Batch 424
2026-01-23 03:42:30,169 [INFO] [Rank 1] Finished Batch 424
2026-01-23 03:42:30,175 [INFO] [Rank 1] Starting Batch 425
2026-01-23 03:42:30,175 [INFO] [Rank 0] Starting Batch 425
2026-01-23 03:42:30,176 [INFO] [Rank 1] Batch 425: Training Step Start
2026-01-23 03:42:30,176 [INFO] [Rank 1] Batch 425: Forward Start
2026-01-23 03:42:30,176 [INFO] [Rank 0] Batch 425: Training Step Start
2026-01-23 03:42:30,176 [INFO] [Rank 0] Batch 425: Forward Start
2026-01-23 03:42:52,507 [INFO] [Rank 1] Batch 425: Forward End (22.331s)
2026-01-23 03:42:52,536 [INFO] [Rank 1] Batch 425: Returning Loss
2026-01-23 03:42:52,536 [INFO] [Rank 1] Backward Pass - Start (DDP Sync happens here)
2026-01-23 03:42:54,015 [INFO] [Worker 4] Starting load: /storage/slurm/hunecke/fakesync/data/voxceleb2/preprocessed/shards_train/shard_0077.pt (mmap=False)
2026-01-23 03:42:56,134 [INFO] [Rank 1] Backward Pass - End
2026-01-23 03:43:14,509 [INFO] [Rank 0] Batch 425: Forward End (44.333s)
2026-01-23 03:43:14,617 [INFO] [Rank 0] Batch 425: Returning Loss
2026-01-23 03:43:14,618 [INFO] [Rank 0] Backward Pass - Start (DDP Sync happens here)
2026-01-23 03:43:18,535 [INFO] [Rank 0] Backward Pass - End
2026-01-23 03:43:18,992 [INFO] [Rank 0] Finished Batch 425
2026-01-23 03:43:19,031 [INFO] [Rank 0] Starting Batch 426
2026-01-23 03:43:18,993 [INFO] [Rank 1] Finished Batch 425
2026-01-23 03:43:19,092 [INFO] [Rank 0] Batch 426: Training Step Start
2026-01-23 03:43:19,194 [INFO] [Rank 0] Batch 426: Forward Start
2026-01-23 03:43:19,141 [INFO] [Rank 1] Starting Batch 426
2026-01-23 03:43:19,321 [INFO] [Rank 1] Batch 426: Training Step Start
2026-01-23 03:43:19,379 [INFO] [Rank 1] Batch 426: Forward Start
2026-01-23 03:43:22,089 [INFO] [Rank 0] Batch 426: Forward End (2.841s)
2026-01-23 03:43:22,114 [INFO] [Rank 1] Batch 426: Forward End (2.701s)
2026-01-23 03:43:22,204 [INFO] [Rank 0] Batch 426: Returning Loss
2026-01-23 03:43:22,321 [INFO] [Rank 0] Backward Pass - Start (DDP Sync happens here)
2026-01-23 03:43:22,236 [INFO] [Rank 1] Batch 426: Returning Loss
2026-01-23 03:43:22,459 [INFO] [Rank 1] Backward Pass - Start (DDP Sync happens here)
2026-01-23 03:43:25,221 [INFO] [Rank 1] Backward Pass - End
2026-01-23 03:43:25,224 [INFO] [Rank 0] Backward Pass - End
2026-01-23 03:43:25,958 [INFO] [Rank 0] Finished Batch 426
2026-01-23 03:43:26,018 [INFO] [Rank 0] Starting Batch 427
2026-01-23 03:43:25,959 [INFO] [Rank 1] Finished Batch 426
2026-01-23 03:43:26,101 [INFO] [Rank 1] Starting Batch 427
2026-01-23 03:43:26,039 [INFO] [Rank 0] Batch 427: Training Step Start
2026-01-23 03:43:26,221 [INFO] [Rank 0] Batch 427: Forward Start
2026-01-23 03:43:26,162 [INFO] [Rank 1] Batch 427: Training Step Start
2026-01-23 03:43:26,390 [INFO] [Rank 1] Batch 427: Forward Start
2026-01-23 03:43:29,082 [INFO] [Rank 0] Batch 427: Forward End (2.821s)
2026-01-23 03:43:29,086 [INFO] [Rank 1] Batch 427: Forward End (2.633s)
2026-01-23 03:43:29,257 [DEBUG] [Profile] batch_gap: 134.6ms, forward: 8453.7ms, GPU_mem: 32.8GB (avg over 4 steps)
2026-01-23 03:43:29,324 [INFO] [Rank 1] Batch 427: Returning Loss
2026-01-23 03:43:29,281 [DEBUG] [Profile] batch_gap: 46.9ms, forward: 14036.4ms, GPU_mem: 32.8GB (avg over 4 steps)
2026-01-23 03:43:29,814 [INFO] [Rank 0] Batch 427: Returning Loss
2026-01-23 03:43:29,789 [INFO] [Rank 1] Backward Pass - Start (DDP Sync happens here)
2026-01-23 03:43:29,879 [INFO] [Rank 0] Backward Pass - Start (DDP Sync happens here)
2026-01-23 03:43:33,957 [INFO] [Rank 0] Backward Pass - End
2026-01-23 03:43:33,960 [INFO] [Rank 1] Backward Pass - End
2026-01-23 03:43:34,096 [INFO] [Rank 0] Finished Batch 427
2026-01-23 03:43:34,230 [INFO] [Rank 0] Starting Batch 428
2026-01-23 03:43:34,097 [INFO] [Rank 1] Finished Batch 427
2026-01-23 03:43:34,383 [INFO] [Rank 1] Starting Batch 428
2026-01-23 03:43:34,299 [INFO] [Rank 0] Batch 428: Training Step Start
2026-01-23 03:43:34,447 [INFO] [Rank 0] Batch 428: Forward Start
2026-01-23 03:43:34,436 [INFO] [Rank 1] Batch 428: Training Step Start
2026-01-23 03:43:34,553 [INFO] [Rank 1] Batch 428: Forward Start
2026-01-23 03:43:36,137 [INFO] [Rank 0] Batch 428: Forward End (1.674s)
2026-01-23 03:43:36,140 [INFO] [Rank 1] Batch 428: Forward End (1.572s)
2026-01-23 03:43:36,181 [INFO] [Rank 0] Batch 428: Returning Loss
2026-01-23 03:43:36,300 [INFO] [Rank 0] Backward Pass - Start (DDP Sync happens here)
2026-01-23 03:43:36,269 [INFO] [Rank 1] Batch 428: Returning Loss
2026-01-23 03:43:36,854 [INFO] [Rank 1] Backward Pass - Start (DDP Sync happens here)
2026-01-23 03:43:39,547 [INFO] [Rank 1] Backward Pass - End
2026-01-23 03:43:40,258 [INFO] [Rank 0] Backward Pass - End
2026-01-23 03:43:40,323 [INFO] [Rank 1] Finished Batch 428
2026-01-23 03:43:40,323 [INFO] [Rank 0] Finished Batch 428
2026-01-23 03:43:40,476 [INFO] [Rank 0] Starting Batch 429
2026-01-23 03:43:40,478 [INFO] [Rank 1] Starting Batch 429
2026-01-23 03:43:40,953 [INFO] [Rank 1] Batch 429: Training Step Start
2026-01-23 03:43:40,502 [INFO] [Rank 0] Batch 429: Training Step Start
2026-01-23 03:43:41,012 [INFO] [Rank 1] Batch 429: Forward Start
2026-01-23 03:43:41,037 [INFO] [Rank 0] Batch 429: Forward Start
2026-01-23 03:43:43,543 [INFO] [Rank 1] Batch 429: Forward End (2.424s)
2026-01-23 03:43:43,549 [INFO] [Rank 0] Batch 429: Forward End (2.373s)
2026-01-23 03:43:43,790 [INFO] [Rank 1] Batch 429: Returning Loss
2026-01-23 03:43:43,850 [INFO] [Rank 1] Backward Pass - Start (DDP Sync happens here)
2026-01-23 03:43:43,809 [INFO] [Rank 0] Batch 429: Returning Loss
2026-01-23 03:43:44,003 [INFO] [Rank 0] Backward Pass - Start (DDP Sync happens here)
2026-01-23 03:43:45,910 [INFO] [Rank 0] Backward Pass - End
2026-01-23 03:43:45,913 [INFO] [Rank 1] Backward Pass - End
2026-01-23 03:43:46,127 [INFO] [Rank 0] Finished Batch 429
2026-01-23 03:43:46,585 [INFO] [Rank 0] Starting Batch 430
2026-01-23 03:43:46,128 [INFO] [Rank 1] Finished Batch 429
2026-01-23 03:43:46,636 [INFO] [Rank 1] Starting Batch 430
2026-01-23 03:43:46,615 [INFO] [Rank 0] Batch 430: Training Step Start
2026-01-23 03:43:46,773 [INFO] [Rank 0] Batch 430: Forward Start
2026-01-23 03:43:46,715 [INFO] [Rank 1] Batch 430: Training Step Start
2026-01-23 03:43:46,878 [INFO] [Rank 1] Batch 430: Forward Start
2026-01-23 03:43:48,098 [INFO] [Rank 0] Batch 430: Forward End (1.248s)
2026-01-23 03:43:48,106 [INFO] [Rank 1] Batch 430: Forward End (1.209s)
2026-01-23 03:43:48,149 [INFO] [Rank 0] Batch 430: Returning Loss
2026-01-23 03:43:48,282 [INFO] [Rank 0] Backward Pass - Start (DDP Sync happens here)
2026-01-23 03:43:48,212 [INFO] [Rank 1] Batch 430: Returning Loss
2026-01-23 03:43:48,370 [INFO] [Rank 1] Backward Pass - Start (DDP Sync happens here)
2026-01-23 03:43:51,082 [INFO] [Rank 1] Backward Pass - End
2026-01-23 03:43:51,089 [INFO] [Rank 0] Backward Pass - End
2026-01-23 03:43:51,223 [INFO] [Rank 0] Finished Batch 430
2026-01-23 03:43:51,224 [INFO] [Rank 1] Finished Batch 430
2026-01-23 03:43:51,298 [INFO] [Rank 0] Starting Batch 431
2026-01-23 03:43:51,365 [INFO] [Rank 0] Batch 431: Training Step Start
2026-01-23 03:43:51,315 [INFO] [Rank 1] Starting Batch 431
2026-01-23 03:43:51,379 [INFO] [Rank 0] Batch 431: Forward Start
2026-01-23 03:43:51,439 [INFO] [Rank 1] Batch 431: Training Step Start
2026-01-23 03:43:51,506 [INFO] [Rank 1] Batch 431: Forward Start
2026-01-23 03:43:53,589 [INFO] [Rank 1] Batch 431: Forward End (2.069s)
2026-01-23 03:43:53,595 [INFO] [Rank 0] Batch 431: Forward End (2.142s)
2026-01-23 03:43:53,884 [DEBUG] [Profile] batch_gap: 252.5ms, forward: 1859.3ms, GPU_mem: 32.8GB (avg over 4 steps)
2026-01-23 03:43:53,932 [INFO] [Rank 0] Batch 431: Returning Loss
2026-01-23 03:43:53,946 [DEBUG] [Profile] batch_gap: 442.0ms, forward: 1818.5ms, GPU_mem: 32.8GB (avg over 4 steps)
2026-01-23 03:43:54,137 [INFO] [Rank 1] Batch 431: Returning Loss
2026-01-23 03:43:54,055 [INFO] [Rank 0] Backward Pass - Start (DDP Sync happens here)
2026-01-23 03:43:54,169 [INFO] [Rank 1] Backward Pass - Start (DDP Sync happens here)
2026-01-23 03:43:57,126 [INFO] [Rank 0] Backward Pass - End
2026-01-23 03:43:57,172 [INFO] [Rank 0] Optimizer Step - Start
2026-01-23 03:43:57,126 [INFO] [Rank 1] Backward Pass - End
2026-01-23 03:43:57,355 [INFO] [Rank 1] Optimizer Step - Start
2026-01-23 03:43:58,173 [INFO] [Rank 0] Finished Batch 431
2026-01-23 03:43:58,174 [INFO] [Rank 1] Finished Batch 431
2026-01-23 03:43:58,230 [INFO] [Rank 0] Starting Batch 432
2026-01-23 03:43:58,348 [INFO] [Rank 0] Batch 432: Training Step Start
2026-01-23 03:43:58,306 [INFO] [Rank 1] Starting Batch 432
2026-01-23 03:43:58,435 [INFO] [Rank 1] Batch 432: Training Step Start
2026-01-23 03:43:58,418 [INFO] [Rank 0] Batch 432: Forward Start
2026-01-23 03:43:58,483 [INFO] [Rank 1] Batch 432: Forward Start
2026-01-23 03:44:00,951 [INFO] [Rank 0] Batch 432: Forward End (2.408s)
2026-01-23 03:44:00,959 [INFO] [Rank 1] Batch 432: Forward End (2.395s)
2026-01-23 03:44:01,020 [INFO] [Rank 0] Batch 432: Returning Loss
2026-01-23 03:44:01,133 [INFO] [Rank 0] Optimizer Step (Zero Grad) - Start
2026-01-23 03:44:01,080 [INFO] [Rank 1] Batch 432: Returning Loss
2026-01-23 03:44:01,188 [INFO] [Rank 0] Backward Pass - Start (DDP Sync happens here)
2026-01-23 03:44:01,255 [INFO] [Rank 1] Optimizer Step (Zero Grad) - Start
2026-01-23 03:44:01,371 [INFO] [Rank 1] Backward Pass - Start (DDP Sync happens here)
2026-01-23 03:44:03,846 [INFO] [Rank 0] Backward Pass - End
2026-01-23 03:44:03,848 [INFO] [Rank 1] Backward Pass - End
2026-01-23 03:44:04,105 [INFO] [Rank 0] Finished Batch 432
2026-01-23 03:44:04,130 [INFO] [Rank 0] Starting Batch 433
2026-01-23 03:44:04,109 [INFO] [Rank 1] Finished Batch 432
2026-01-23 03:44:04,334 [INFO] [Rank 1] Starting Batch 433
2026-01-23 03:44:04,242 [INFO] [Rank 0] Batch 433: Training Step Start
2026-01-23 03:44:04,452 [INFO] [Rank 0] Batch 433: Forward Start
2026-01-23 03:44:04,364 [INFO] [Rank 1] Batch 433: Training Step Start
2026-01-23 03:44:04,862 [INFO] [Rank 1] Batch 433: Forward Start
2026-01-23 03:44:06,287 [INFO] [Rank 1] Batch 433: Forward End (1.375s)
2026-01-23 03:44:06,293 [INFO] [Rank 0] Batch 433: Forward End (1.813s)
2026-01-23 03:44:06,448 [INFO] [Rank 1] Batch 433: Returning Loss
2026-01-23 03:44:06,529 [INFO] [Rank 1] Backward Pass - Start (DDP Sync happens here)
2026-01-23 03:44:06,483 [INFO] [Rank 0] Batch 433: Returning Loss
2026-01-23 03:44:06,606 [INFO] [Rank 0] Backward Pass - Start (DDP Sync happens here)
2026-01-23 03:44:10,283 [INFO] [Rank 0] Backward Pass - End
2026-01-23 03:44:10,284 [INFO] [Rank 1] Backward Pass - End
2026-01-23 03:44:10,902 [INFO] [Rank 1] Finished Batch 433
2026-01-23 03:44:10,810 [INFO] [Rank 0] Finished Batch 433
2026-01-23 03:44:11,039 [INFO] [Rank 0] Starting Batch 434
2026-01-23 03:44:11,043 [INFO] [Rank 1] Starting Batch 434
2026-01-23 03:44:11,132 [INFO] [Rank 1] Batch 434: Training Step Start
2026-01-23 03:44:11,112 [INFO] [Rank 0] Batch 434: Training Step Start
2026-01-23 03:44:11,273 [INFO] [Rank 0] Batch 434: Forward Start
2026-01-23 03:44:11,244 [INFO] [Rank 1] Batch 434: Forward Start
2026-01-23 03:44:19,905 [INFO] [Rank 1] Batch 434: Forward End (8.503s)
2026-01-23 03:44:19,911 [INFO] [Rank 0] Batch 434: Forward End (8.568s)
2026-01-23 03:44:19,956 [INFO] [Rank 1] Batch 434: Returning Loss
2026-01-23 03:44:19,989 [INFO] [Rank 0] Batch 434: Returning Loss
2026-01-23 03:44:20,569 [INFO] [Rank 1] Backward Pass - Start (DDP Sync happens here)
2026-01-23 03:44:20,597 [INFO] [Rank 0] Backward Pass - Start (DDP Sync happens here)
2026-01-23 03:44:28,548 [INFO] [Rank 0] Backward Pass - End
2026-01-23 03:44:28,550 [INFO] [Rank 1] Backward Pass - End
2026-01-23 03:44:28,767 [INFO] [Rank 0] Finished Batch 434
2026-01-23 03:44:28,841 [INFO] [Rank 1] Finished Batch 434
2026-01-23 03:44:28,952 [INFO] [Rank 0] Starting Batch 435
2026-01-23 03:44:29,008 [INFO] [Rank 0] Batch 435: Training Step Start
2026-01-23 03:44:28,978 [INFO] [Rank 1] Starting Batch 435
2026-01-23 03:44:29,174 [INFO] [Rank 1] Batch 435: Training Step Start
2026-01-23 03:44:29,106 [INFO] [Rank 0] Batch 435: Forward Start
2026-01-23 03:44:29,198 [INFO] [Rank 1] Batch 435: Forward Start
2026-01-23 03:44:32,298 [INFO] [Rank 1] Batch 435: Forward End (3.001s)
2026-01-23 03:44:32,299 [INFO] [Rank 0] Batch 435: Forward End (3.033s)
2026-01-23 03:44:32,466 [DEBUG] [Profile] batch_gap: 269.3ms, forward: 3818.4ms, GPU_mem: 32.8GB (avg over 4 steps)
2026-01-23 03:44:32,466 [DEBUG] [Profile] batch_gap: 212.8ms, forward: 3955.6ms, GPU_mem: 32.8GB (avg over 4 steps)
2026-01-23 03:44:32,515 [INFO] [Rank 1] Batch 435: Returning Loss
2026-01-23 03:44:33,168 [INFO] [Rank 1] Backward Pass - Start (DDP Sync happens here)
2026-01-23 03:44:33,054 [INFO] [Rank 0] Batch 435: Returning Loss
2026-01-23 03:44:33,272 [INFO] [Rank 0] Backward Pass - Start (DDP Sync happens here)
2026-01-23 03:44:41,818 [INFO] [Rank 0] Backward Pass - End
2026-01-23 03:44:41,894 [INFO] [Rank 0] Finished Batch 435
2026-01-23 03:44:42,037 [INFO] [Rank 0] Starting Batch 436
2026-01-23 03:44:41,998 [INFO] [Rank 1] Backward Pass - End
2026-01-23 03:44:42,059 [INFO] [Rank 0] Batch 436: Training Step Start
2026-01-23 03:44:42,164 [INFO] [Rank 0] Batch 436: Forward Start
2026-01-23 03:44:42,129 [INFO] [Rank 1] Finished Batch 435
2026-01-23 03:44:42,348 [INFO] [Rank 1] Starting Batch 436
2026-01-23 03:44:42,379 [INFO] [Rank 1] Batch 436: Training Step Start
2026-01-23 03:44:42,427 [INFO] [Rank 1] Batch 436: Forward Start
2026-01-23 03:44:54,520 [INFO] [Rank 1] Batch 436: Forward End (12.039s)
2026-01-23 03:44:54,525 [INFO] [Rank 0] Batch 436: Forward End (12.293s)
2026-01-23 03:44:54,592 [INFO] [Rank 0] Batch 436: Returning Loss
2026-01-23 03:44:54,593 [INFO] [Rank 0] Backward Pass - Start (DDP Sync happens here)
2026-01-23 03:44:54,594 [INFO] [Rank 1] Batch 436: Returning Loss
2026-01-23 03:44:54,604 [INFO] [Rank 1] Backward Pass - Start (DDP Sync happens here)
2026-01-23 03:45:08,631 [INFO] [Rank 0] Backward Pass - End
2026-01-23 03:45:08,646 [INFO] [Rank 1] Backward Pass - End
2026-01-23 03:45:09,214 [INFO] [Rank 0] Finished Batch 436
2026-01-23 03:45:09,214 [INFO] [Rank 1] Finished Batch 436
2026-01-23 03:45:09,281 [INFO] [Rank 0] Starting Batch 437
2026-01-23 03:45:09,281 [INFO] [Rank 1] Starting Batch 437
2026-01-23 03:45:09,281 [INFO] [Rank 0] Batch 437: Training Step Start
2026-01-23 03:45:09,281 [INFO] [Rank 0] Batch 437: Forward Start
2026-01-23 03:45:09,282 [INFO] [Rank 1] Batch 437: Training Step Start
2026-01-23 03:45:09,282 [INFO] [Rank 1] Batch 437: Forward Start
2026-01-23 03:45:14,387 [INFO] [Rank 0] Batch 437: Forward End (5.106s)
2026-01-23 03:45:14,388 [INFO] [Rank 1] Batch 437: Forward End (5.107s)
2026-01-23 03:45:14,703 [INFO] [Rank 0] Batch 437: Returning Loss
2026-01-23 03:45:14,899 [INFO] [Rank 0] Backward Pass - Start (DDP Sync happens here)
2026-01-23 03:45:14,831 [INFO] [Rank 1] Batch 437: Returning Loss
2026-01-23 03:45:15,013 [INFO] [Rank 1] Backward Pass - Start (DDP Sync happens here)
2026-01-23 03:45:27,281 [INFO] [Rank 0] Backward Pass - End
2026-01-23 03:45:27,282 [INFO] [Rank 1] Backward Pass - End
2026-01-23 03:45:27,725 [INFO] [Rank 0] Finished Batch 437
2026-01-23 03:45:27,725 [INFO] [Rank 1] Finished Batch 437
2026-01-23 03:45:27,771 [INFO] [Rank 1] Starting Batch 438
2026-01-23 03:45:27,750 [INFO] [Rank 0] Starting Batch 438
2026-01-23 03:45:27,886 [INFO] [Rank 0] Batch 438: Training Step Start
2026-01-23 03:45:27,833 [INFO] [Rank 1] Batch 438: Training Step Start
2026-01-23 03:45:27,959 [INFO] [Rank 1] Batch 438: Forward Start
2026-01-23 03:45:27,902 [INFO] [Rank 0] Batch 438: Forward Start
2026-01-23 03:45:30,635 [INFO] [Rank 0] Batch 438: Forward End (2.533s)
2026-01-23 03:45:30,694 [INFO] [Rank 0] Batch 438: Returning Loss
2026-01-23 03:45:30,809 [INFO] [Rank 0] Backward Pass - Start (DDP Sync happens here)
2026-01-23 03:45:31,204 [INFO] [Rank 1] Batch 438: Forward End (3.162s)
2026-01-23 03:45:31,260 [INFO] [Rank 1] Batch 438: Returning Loss
2026-01-23 03:45:31,272 [INFO] [Rank 1] Backward Pass - Start (DDP Sync happens here)
2026-01-23 03:45:36,604 [INFO] [Rank 0] Backward Pass - End
2026-01-23 03:45:36,605 [INFO] [Rank 1] Backward Pass - End
2026-01-23 03:45:37,143 [INFO] [Rank 0] Finished Batch 438
2026-01-23 03:45:37,144 [INFO] [Rank 1] Finished Batch 438
2026-01-23 03:45:37,278 [INFO] [Rank 0] Starting Batch 439
2026-01-23 03:45:37,365 [INFO] [Rank 0] Batch 439: Training Step Start
2026-01-23 03:45:37,299 [INFO] [Rank 1] Starting Batch 439
2026-01-23 03:45:37,411 [INFO] [Rank 1] Batch 439: Training Step Start
2026-01-23 03:45:37,386 [INFO] [Rank 0] Batch 439: Forward Start
2026-01-23 03:45:37,479 [INFO] [Rank 1] Batch 439: Forward Start
2026-01-23 03:45:42,269 [INFO] [Rank 1] Batch 439: Forward End (4.735s)
2026-01-23 03:45:42,527 [INFO] [Rank 0] Batch 439: Forward End (5.025s)
2026-01-23 03:45:42,912 [DEBUG] [Profile] batch_gap: 153.2ms, forward: 6239.4ms, GPU_mem: 32.8GB (avg over 4 steps)
2026-01-23 03:45:42,963 [DEBUG] [Profile] batch_gap: 172.4ms, forward: 6260.5ms, GPU_mem: 32.8GB (avg over 4 steps)
2026-01-23 03:45:43,008 [INFO] [Rank 1] Batch 439: Returning Loss
2026-01-23 03:45:42,988 [INFO] [Rank 0] Batch 439: Returning Loss
2026-01-23 03:45:43,085 [INFO] [Rank 1] Backward Pass - Start (DDP Sync happens here)
2026-01-23 03:45:43,115 [INFO] [Rank 0] Backward Pass - Start (DDP Sync happens here)
2026-01-23 03:45:52,973 [INFO] [Rank 1] Backward Pass - End
2026-01-23 03:45:53,061 [INFO] [Rank 1] Optimizer Step - Start
2026-01-23 03:45:52,977 [INFO] [Rank 0] Backward Pass - End
2026-01-23 03:45:53,200 [INFO] [Rank 0] Optimizer Step - Start
2026-01-23 03:45:55,898 [INFO] [Rank 0] Finished Batch 439
2026-01-23 03:45:55,898 [INFO] [Rank 1] Finished Batch 439
